param_count_b,architecture_type,precision,model_size_gb,input_tokens,output_tokens,context_length_used,batch_size,kv_cache_gb,device_type,compute_tflops,memory_bandwidth_gbs,vram_or_ram_gb,hw_class,framework,roofline_prefill_ms_per_token,roofline_decode_ms_per_token,available_ram_gb,ram_pressure_ratio,decode_ms_per_token,prefill_ms_per_token,sample_weight,source
1.0,dense,fp32,4.0,128,256,4096,1,0.0671744,apple,7.69889628523367,170.2821437884462,32.0,apple_pro,llama.cpp,0.5772833247499126,34.12130604883407,9.872223685309239,2.4680559213273097,40.11876317660167,0.9116372271359577,1.0,synthetic
1.0,dense,Q4_0,0.59,128,256,512,1,0.0083968,apple,13.451975341512911,346.9700334601839,64.0,apple_max,mlx,0.297354098446491,2.299513857272512,2.4332884626990006,4.124217733388137,2.4656563930027477,0.4026542546230097,1.0,synthetic
1.0,dense,int8,1.0,128,256,2048,1,0.0335872,cpu,0.3424701393154963,51.34378300418692,16.0,cpu_older,mlx,14.599813023096338,30.970334883903735,2.5454749016213016,2.5454749016213016,27.540598101303765,17.18052947024173,1.0,synthetic
2.0,dense,Q4_0,1.18,128,256,8192,1,0.2686976,gpu,633.5149470692211,2353.1816822196533,80.0,datacenter,llama.cpp,0.012627957772756195,0.8208447374016652,3.390951156301068,2.8736874205941256,0.4271762640362336,0.01679404117407275,1.0,synthetic
0.5,dense,bf16,1.0,128,256,8192,1,0.0671744,gpu,25.838896710417846,312.14685536846434,8.0,consumer_mid,transformers,0.09675335708091741,5.259725481753605,3.3682099526511076,3.3682099526511076,4.19155931698073,0.06333726873089258,1.0,synthetic
3.8,dense,fp16,7.6,128,256,512,1,0.03190783999999999,gpu,9.769975095761135,181.9804269295016,6.0,consumer_low,vllm,2.592978291656508,76.25103593202829,16.259069410015947,2.139351238159993,144.59012407395534,2.918521175314959,1.0,synthetic
30.0,dense,Q8_0,31.8,128,256,512,1,0.25190399999999996,gpu,46.45185550066942,450.57861855309375,12.0,consumer_high,vllm,3.0038602810800397,104.61027443454314,128.87583072925975,4.05269907953647,90.02452203549605,2.7521711160175637,1.0,synthetic
1.0,moe,Q4_0,0.59,128,256,4096,1,0.0671744,gpu,63.832973627922215,620.6280293174035,24.0,consumer_flagship,mlx,0.0696261538801371,1.5126944434996459,2.789497111679444,4.727961206236346,1.3237654104613132,0.0695107844307834,1.0,synthetic
30.0,dense,int8,30.0,128,256,512,1,0.25190399999999996,gpu,41.74352975160023,524.3783426530972,12.0,consumer_high,ollama,3.342670937298521,84.83968634661592,109.20392514089517,3.640130838029839,89.38736413713269,1.856827027958252,1.0,synthetic
3.0,dense,fp16,6.0,128,256,2048,1,0.10076159999999999,apple,24.44732108975677,912.700310663494,128.0,apple_ultra,ollama,0.4462284791466059,8.355373511877366,28.593736230416106,4.765622705069351,8.824786812055113,0.5813537395452629,1.0,synthetic
70.0,dense,Q6_K,57.4,128,256,2048,1,2.351104,gpu,131.48216259233638,817.9153728531692,40.0,datacenter_low,transformers,3.0422377614841163,121.75486198033681,181.7302292845288,3.166031869068446,118.28507783557716,2.779475502396432,1.0,synthetic
3.0,dense,fp16,6.0,128,256,16384,1,0.8060927999999999,apple,7.45123767625735,164.7931879118368,32.0,apple_pro,llama.cpp,1.7894118953980915,59.00116283621775,21.768529496848473,3.6280882494747453,42.13537412823956,1.3739772497670903,1.0,synthetic
1.5,moe,Q4_K_M,0.9450000000000001,128,256,8192,1,0.20152319999999999,gpu,8.030495407431859,218.13181884524235,6.0,consumer_low,transformers,1.245253187087991,9.556550013652917,1.905655202045413,2.016566351370807,8.068731514589055,1.4960701333221174,1.0,synthetic
13.0,dense,int8,13.0,128,256,4096,1,0.8732671999999999,apple,8.7571074282916,159.30858047314274,32.0,apple_pro,ollama,6.597815346094194,124.40606202123777,28.887741417629524,2.222133955202271,155.57594298400073,8.274991757937215,1.0,synthetic
3.8,dense,Q5_K_M,2.774,128,256,4096,1,0.25526271999999994,cpu,0.3830158874253127,39.81423230358925,16.0,cpu_older,ollama,49.606297346359966,117.05372463492785,8.301733362823747,2.9926940745579476,127.16034792636341,66.47203457037205,1.0,synthetic
3.8,moe,int8,3.8,128,256,8192,1,0.5105254399999999,apple,2.607202515257421,64.14403936299951,16.0,apple_base,vllm,7.287504476085563,103.38571854620872,14.868155173449429,3.9126724140656393,138.85023694062306,5.566123126570436,1.0,synthetic
8.0,dense,bf16,16.0,128,256,4096,1,0.5373952,apple,8.929310582183183,148.74967163228771,32.0,apple_pro,llama.cpp,3.9818925804305887,158.82287353289362,68.51768233361108,4.282355145850692,173.8509954902045,3.281239681315675,1.0,synthetic
13.0,moe,Q8_0,13.780000000000001,128,256,16384,1,3.4930687999999996,gpu,712.8682114895942,2703.2253849659205,80.0,datacenter,vllm,0.07294475916010044,8.519732956077707,45.23454569894245,3.282623055075649,19.795587524620167,0.05534493737696575,1.0,synthetic
3.8,dense,int8,3.8,128,256,2048,1,0.12763135999999997,gpu,55.745672971509855,617.6571996685939,24.0,consumer_flagship,mlx,0.3029632254600345,9.084168282775124,11.183658184270124,2.94306794322898,9.284022540683262,0.27697000770314073,1.0,synthetic
0.5,dense,fp16,1.0,128,256,2048,1,0.0167936,apple,27.069422598434095,897.8159537422623,128.0,apple_ultra,llama.cpp,0.06716736611467272,1.4156487136392164,4.266653415629146,4.266653415629146,1.238602548998543,0.04289140023163893,1.0,synthetic
30.0,dense,fp16,60.0,128,256,8192,1,4.030463999999999,gpu,59.71156422708663,611.1657810640465,24.0,consumer_flagship,vllm,2.2329566317549268,149.66821484887046,287.34557742166317,4.789092957027719,122.2780490964318,1.9209107798663363,1.0,synthetic
13.0,dense,Q8_0,13.780000000000001,128,256,16384,1,3.4930687999999996,gpu,163.86541708039874,936.0190142578143,40.0,datacenter_low,ollama,0.45333369059358525,30.756264094513995,35.27280623434873,2.5597101766581076,32.79817591221341,0.49819040678636056,1.0,synthetic
70.0,dense,Q4_0,41.3,128,256,4096,1,4.702208,cpu,1.1177676995469932,77.70644525373659,16.0,cpu_modern,transformers,250.49927647173726,789.3332030959673,110.84116663894656,2.683805487625825,662.2712855322901,227.0470780354,1.0,synthetic
1.5,moe,Q4_K_M,0.9450000000000001,128,256,512,1,0.012595199999999999,gpu,63.578601878212,766.7831008437234,24.0,consumer_flagship,transformers,0.10485708193830688,1.7840679344026795,2.51967564268452,2.6663234314121906,0.9186060705463674,0.11630937674347272,1.0,synthetic
1.5,dense,Q4_0,0.885,128,256,512,1,0.012595199999999999,apple,23.92090947540283,761.0276411368707,128.0,apple_ultra,transformers,0.22802416689692354,1.4743143866941484,3.147389100728637,3.556371865230098,1.4160504614184903,0.25740915855316326,1.0,synthetic
30.0,dense,int8,30.0,128,256,2048,1,1.0076159999999998,gpu,742.6339813679872,2397.7222017844706,80.0,datacenter,transformers,0.161587003841315,17.2428181918784,87.07904788350928,2.902634929450309,17.16303629978455,0.09780662690224912,1.0,synthetic
13.0,dense,fp32,52.0,128,256,16384,1,3.4930687999999996,gpu,654.8165038192682,2152.6652105158996,80.0,datacenter,transformers,0.07941155987472209,34.37169794845509,112.03068519499834,2.154436253749968,34.89316777123877,0.16627060002144048,1.0,synthetic
3.8,dense,Q8_0,4.028,128,256,2048,1,0.12763135999999997,cpu,0.9335939392709833,86.20644601267169,16.0,cpu_modern,ollama,16.281168247374488,64.2741009473801,13.970547155194069,3.468358280832689,55.672118916297585,14.347269589094775,1.0,synthetic
1.0,moe,fp16,2.0,128,256,8192,1,0.1343488,apple,3.4370854086995406,62.737927538834604,16.0,apple_base,ollama,1.4547209060748376,52.338572013380436,5.425825263954398,2.712912631977199,69.64697845629097,1.8228368108916013,1.0,synthetic
1.5,dense,bf16,3.0,128,256,8192,1,0.20152319999999999,gpu,747.9254332084905,2400.83734953944,80.0,datacenter,mlx,0.008022190092213978,1.7780036622717807,10.821972156672826,3.6073240522242753,2.526392822028547,0.012181387712278774,1.0,synthetic
30.0,dense,Q5_K_M,21.9,128,256,2048,1,1.0076159999999998,gpu,613.9608517114258,2751.476871691928,80.0,datacenter,mlx,0.19545220133416985,11.100761309041392,46.47892680014799,2.1223254246642917,8.665759849108463,0.16491439749194428,1.0,synthetic
2.0,dense,Q8_0,2.12,128,256,8192,1,0.2686976,apple,15.409018244347088,421.3077234210739,64.0,apple_max,transformers,0.5191764895816682,7.559629117337996,5.680513130258886,2.679487325593814,7.576930852012324,0.4652533487814875,1.0,synthetic
8.0,dense,fp16,16.0,128,256,2048,1,0.2686976,gpu,730.4862859859844,2255.7748217537437,80.0,datacenter,llama.cpp,0.043806434992557784,9.616029308783556,76.96303945936326,4.810189966210204,7.641358237448154,0.06973909369882093,1.0,synthetic
30.0,dense,Q4_0,17.7,128,256,2048,1,1.0076159999999998,cpu,0.3565025132975192,42.854395739178486,16.0,cpu_older,mlx,420.75439696779216,671.5984952273047,70.4451528444149,3.9799521381025373,614.2944836170254,497.1470327492362,1.0,synthetic
70.0,moe,fp32,280.0,128,256,2048,1,2.351104,cpu,1.0951666600603647,78.0718266992516,16.0,cpu_modern,ollama,255.6688495106002,4822.074166611955,638.2063249569553,2.2793083034176975,3226.291553823927,270.2299351024206,1.0,synthetic
1.0,dense,Q4_0,0.59,128,256,2048,1,0.0335872,gpu,50.362412732369904,560.0627085744995,12.0,consumer_high,transformers,0.09235385158003338,1.6373880745141869,1.7981009470644098,3.047628723837983,1.1423550591254314,0.1320057640851355,1.0,synthetic
13.0,dense,bf16,26.0,128,256,16384,1,3.4930687999999996,gpu,9.610080332949646,223.8266155971546,6.0,consumer_low,mlx,9.018308241349095,239.57723397407764,102.07846840003445,3.9260949384628634,255.06006272230871,10.006063136811036,1.0,synthetic
8.0,dense,Q5_K_M,5.84,128,256,2048,1,0.2686976,apple,23.631533716459895,718.7908913827073,128.0,apple_ultra,ollama,1.2310207809595792,10.623217533142634,11.841132344323352,2.027591154849889,11.241519324224296,1.587347141289638,1.0,synthetic
3.8,moe,Q5_K_M,2.774,128,256,8192,1,0.5105254399999999,gpu,57.22869508588762,734.3353715126917,24.0,consumer_flagship,vllm,0.2951122485589161,6.389695201981571,10.973621601580641,3.9558837785078014,10.187181311975193,0.3401904690454073,1.0,synthetic
70.0,dense,fp16,140.0,128,256,512,1,0.587776,cpu,0.3669123171352672,47.86441948819173,16.0,cpu_older,vllm,953.906379411536,4518.78218657191,593.52639014957,4.239474215354072,3745.097583452635,679.5542822022284,1.0,synthetic
1.0,dense,int8,1.0,128,256,2048,1,0.0335872,apple,28.21202648228244,883.8136185186027,128.0,apple_ultra,llama.cpp,0.12889409552508838,1.461828572143467,2.281024303484277,2.281024303484277,1.7953556548767426,0.22770000546254876,1.0,synthetic
7.0,dense,bf16,14.0,128,256,4096,1,0.4702208,cpu,0.1440472111376745,35.69513127569348,8.0,cpu_low,vllm,323.967859551717,737.0610899406261,54.50782229188504,3.8934158779917887,918.1301588561755,301.4987769170653,1.0,synthetic
8.0,dense,Q4_0,4.72,128,256,512,1,0.0671744,cpu,1.0884433910624944,76.86075862514362,16.0,cpu_modern,ollama,29.399783454758172,83.04496747332324,12.204640707220308,2.5857289633941334,77.7281925127761,66.48910228438487,1.0,synthetic
0.5,dense,fp16,1.0,128,256,2048,1,0.0167936,gpu,746.714944204916,2335.5792718306416,80.0,datacenter,llama.cpp,0.002678398250258071,0.58046618941663,2.531332038221147,2.531332038221147,0.5865902713882234,0.0025703379874965336,1.0,synthetic
2.0,dense,Q5_K_M,1.46,128,256,512,1,0.0167936,gpu,169.82063629588114,1022.5607157906985,40.0,datacenter_low,llama.cpp,0.0672978954610631,2.407018604038041,2.9876999803964392,2.0463698495866023,2.276235977248582,0.0833733833030648,1.0,synthetic
3.0,dense,Q4_K_M,1.8900000000000001,128,256,4096,1,0.20152319999999999,gpu,73.35221197046064,684.918671146636,24.0,consumer_flagship,vllm,0.1817713873264346,4.362401569097539,5.9635041211729165,3.1552931858057756,3.8958316202717107,0.22949120868533712,1.0,synthetic
13.0,dense,Q4_K_M,8.19,128,256,2048,1,0.43663359999999996,apple,16.580115021825858,378.0306406187533,64.0,apple_max,llama.cpp,3.1362870481626843,30.426576307430505,39.38132280113039,4.808464322482343,32.09948168675641,2.158293790834532,1.0,synthetic
30.0,dense,Q4_0,17.7,128,256,512,1,0.25190399999999996,cpu,0.42352357560099674,45.94582579620642,16.0,cpu_older,transformers,354.17154709072344,601.1060497346461,87.97185944053638,4.97016155031279,636.8344967980179,277.85525833692986,1.0,synthetic
8.0,dense,Q4_0,4.72,128,256,16384,1,2.1495808,apple,2.6760756137128716,68.37392490822022,16.0,apple_base,llama.cpp,14.947260755649104,154.57041350690756,19.30974289249299,4.091047222985804,169.03344309058338,17.68582398553471,1.0,synthetic
1.0,dense,bf16,2.0,128,256,512,1,0.0083968,gpu,742.5216576372928,2394.6183634148165,80.0,datacenter,mlx,0.005387048254899415,1.1182835815980576,8.860680368075084,4.430340184037542,1.4022463456782774,0.004494373537959878,1.0,synthetic
7.0,dense,fp16,14.0,128,256,16384,1,1.8808832,gpu,9.99109526016628,224.79443315338824,6.0,consumer_low,llama.cpp,4.67082591562539,128.4477230412851,61.52839751660456,4.3948855369003255,146.09891883450615,14.837464373701208,1.0,synthetic
30.0,dense,fp16,60.0,128,256,8192,1,4.030463999999999,cpu,0.4179956716933318,47.72655284297899,16.0,cpu_older,mlx,358.8553905171763,2064.0167849109102,180.83912823327645,3.0139854705546076,2187.4314888025683,378.33262614432044,1.0,synthetic
3.0,dense,int8,3.0,128,256,4096,1,0.20152319999999999,gpu,43.32036986063924,439.0972909761303,12.0,consumer_high,llama.cpp,0.32209993628819683,10.722276018772144,10.190382163192142,3.3967940543973807,9.497062700092872,0.33010939527239824,1.0,synthetic
70.0,moe,Q8_0,74.2,128,256,8192,1,9.404416,cpu,0.15191900856184096,35.940955224517836,8.0,cpu_low,transformers,3071.8122181313656,4229.382000042497,156.71370681557516,2.1120445662476435,3813.025359893639,3146.6150893827744,1.0,synthetic
0.5,moe,Q4_K_M,0.315,128,256,16384,1,0.1343488,cpu,1.0967801681978975,73.5787923781155,16.0,cpu_modern,mlx,1.8235194781887505,8.142723113128081,1.3576439076781872,4.3099806592958325,8.274633776159837,1.319753503767794,1.0,synthetic
13.0,dense,int8,13.0,128,256,16384,1,3.4930687999999996,cpu,0.9147463082490529,79.63139656286977,16.0,cpu_modern,transformers,56.846362243904515,276.1568847111463,50.859766158430055,3.9122897044946194,501.81328909864465,98.82754455800318,1.0,synthetic
1.0,dense,int8,1.0,128,256,4096,1,0.0671744,gpu,48.05223300525593,571.3778119193802,12.0,consumer_high,transformers,0.09679389488910811,2.7466486883261982,4.385558584306111,4.385558584306111,1.655488055693325,0.10236247776693946,1.0,synthetic
3.0,dense,Q3_K_M,1.47,128,256,16384,1,0.8060927999999999,gpu,651.8747727650356,2454.228565529227,80.0,datacenter,ollama,0.018408443617322384,1.2365557318601175,3.70422795151243,2.5198829602125374,1.0195640253468106,0.030301583466924905,1.0,synthetic
3.0,dense,fp16,6.0,128,256,2048,1,0.10076159999999999,gpu,627.8517789609281,2312.6821736234465,80.0,datacenter,transformers,0.019112791270352952,3.51727915438347,23.88355278091916,3.9805921301531932,5.468756628995167,0.021581842241958266,1.0,synthetic
13.0,dense,bf16,26.0,128,256,4096,1,0.8732671999999999,cpu,0.9339801690837828,87.28009606647998,16.0,cpu_modern,transformers,55.67570032135803,410.5291417878523,99.71421820627948,3.835162238703057,451.1369643238304,91.37291390317495,1.0,synthetic
3.8,dense,int8,3.8,128,256,4096,1,0.25526271999999994,apple,14.638200280925055,369.72771874013887,64.0,apple_max,mlx,1.038379015746015,14.624321320631882,7.764085770379216,2.0431804658892676,20.073765708064148,0.8397592955050912,1.0,synthetic
1.0,dense,Q5_K_M,0.73,128,256,4096,1,0.0671744,cpu,0.35392871686082994,38.87103566729366,16.0,cpu_older,ollama,14.127138493726898,31.551054217937217,1.674256811825693,2.2935024819530043,29.73304377391594,24.77163794561866,1.0,synthetic
1.5,dense,Q8_0,1.59,128,256,2048,1,0.050380799999999996,apple,26.932088588446337,793.6332249873358,128.0,apple_ultra,vllm,0.20252961208828835,2.583656953163371,5.080867583075471,3.19551420319212,2.42556328816523,0.1392890337626926,1.0,synthetic
13.0,moe,fp32,52.0,128,256,512,1,0.10915839999999999,gpu,67.25907691201822,728.3696666822052,24.0,consumer_flagship,ollama,0.8590331659376927,102.20312330719628,201.6341468514209,3.8775797471427094,98.97419913824743,0.7470320579454939,1.0,synthetic
1.5,dense,Q4_0,0.885,128,256,512,1,0.012595199999999999,apple,15.014113163610395,442.7787809425986,64.0,apple_max,transformers,0.3996240027377814,2.7029154320634694,1.9573600243481413,2.2117062422012896,2.114786406043195,0.4590481718696495,1.0,synthetic
7.0,dense,bf16,14.0,128,256,512,1,0.0587776,cpu,0.15640886751928418,32.94541029743948,8.0,cpu_low,transformers,298.3633051426126,775.8717705260588,52.16991547078691,3.7264225336276366,912.1258158710244,309.866121191319,1.0,synthetic
0.5,dense,Q6_K,0.41,128,256,2048,1,0.0167936,apple,26.094176402272826,834.3891724261647,128.0,apple_ultra,llama.cpp,0.06967768555528939,0.639380300739951,1.978001714795126,4.824394426329576,1.0898090439487558,0.038793541508152646,1.0,synthetic
13.0,moe,Q5_K_M,9.49,128,256,16384,1,3.4930687999999996,gpu,43.46238561031045,569.178584573587,12.0,consumer_high,llama.cpp,1.3912056466759113,33.54438967446023,28.061236194463387,2.956926890881284,29.703397556373165,1.4806041608786968,1.0,synthetic
1.5,dense,bf16,3.0,128,256,8192,1,0.20152319999999999,gpu,9.931163339617527,171.39631614414955,6.0,consumer_low,ollama,1.0069313793387997,33.96193922763003,7.063483448594907,2.3544944828649688,29.30913592876147,1.2992511978555532,1.0,synthetic
7.0,dense,int8,7.0,128,256,4096,1,0.4702208,gpu,47.655951732416035,519.3414270169826,12.0,consumer_high,llama.cpp,0.6831914661508556,21.152980008987765,30.873099538081824,4.410442791154546,23.156702705091604,0.8133564014130873,1.0,synthetic
7.0,dense,fp32,28.0,128,256,8192,1,0.9404416,cpu,0.934610371771392,69.36820708868481,16.0,cpu_modern,llama.cpp,29.95900842286915,556.2671587768474,139.20243192805654,4.97151542600202,670.532438772108,35.97920530085037,1.0,synthetic
3.8,dense,Q8_0,4.028,128,256,2048,1,0.12763135999999997,gpu,146.06779546101419,865.4448831640515,40.0,datacenter_low,llama.cpp,0.14865895419145495,8.00288083204691,19.303271522593473,4.792271976810694,6.769998726524712,0.21065800301290294,1.0,synthetic
7.0,moe,Q6_K,5.739999999999999,128,256,4096,1,0.4702208,gpu,9.96771442997613,195.73964164250108,6.0,consumer_low,ollama,4.681782066942542,57.68535413014087,13.255793021354759,2.309371606507798,70.90616623570885,5.975882058554813,1.0,synthetic
3.8,dense,Q4_0,2.242,128,256,8192,1,0.5105254399999999,gpu,28.01914680009675,350.551499107025,8.0,consumer_mid,mlx,0.6781077288168672,12.079978359425194,10.507289234865445,4.686569685488601,10.598922846183678,0.9014901025485698,1.0,synthetic
1.0,moe,Q8_0,1.06,128,256,2048,1,0.0335872,cpu,0.3867042014480996,38.39630829498403,16.0,cpu_older,mlx,12.929779354029234,43.81780230610438,5.142930727261429,4.851821440812668,47.51672566255339,12.434690800343398,1.0,synthetic
0.5,dense,fp16,1.0,128,256,16384,1,0.1343488,gpu,25.550784160924643,363.84290727782894,8.0,consumer_mid,vllm,0.09784435515772949,4.796443643925177,2.9859936361097477,2.9859936361097477,3.0644357589873503,0.08557095800264458,1.0,synthetic
3.8,dense,Q5_K_M,2.774,128,256,16384,1,1.0210508799999998,apple,28.39739949422401,860.5698870650432,128.0,apple_ultra,mlx,0.4866002543997881,5.51240947574715,6.3070171895712015,2.2736183091460713,6.443241637078382,0.5875413379079328,1.0,synthetic
2.0,dense,Q8_0,2.12,128,256,512,1,0.0167936,apple,2.9949782742323228,58.97419870433954,16.0,apple_base,vllm,3.338922384190988,55.74259322643194,9.885798602342787,4.663112548274899,33.057223573764446,5.679013683795527,1.0,synthetic
13.0,dense,int8,13.0,128,256,4096,1,0.8732671999999999,apple,25.792411601671837,708.0960839426255,128.0,apple_ultra,vllm,1.8328153257938509,24.49043907070262,50.11050446933418,3.854654189948783,27.153763700542516,1.547647209319055,1.0,synthetic
3.8,dense,Q3_K_M,1.8619999999999999,128,256,4096,1,0.25526271999999994,apple,7.042694422694696,131.28480627517487,32.0,apple_pro,ollama,2.3980720836708995,23.038926699801767,8.314910291195929,4.465580177871068,20.673638759339084,2.549282467613768,1.0,synthetic
13.0,dense,Q8_0,13.780000000000001,128,256,8192,1,1.7465343999999998,gpu,26.54681670367372,306.04162196739946,8.0,consumer_mid,transformers,2.448504493987216,78.05139655985916,61.16113411042517,4.438398701772508,54.3446653203639,1.6051838450903326,1.0,synthetic
13.0,dense,bf16,26.0,128,256,2048,1,0.43663359999999996,gpu,28.35436433037894,401.03011170140144,8.0,consumer_mid,vllm,2.292416054284766,101.41817986546437,58.51305590249616,2.2505021500960063,85.9010027925345,3.447466856325564,1.0,synthetic
70.0,dense,bf16,140.0,128,256,16384,1,18.808832,gpu,70.40436486058502,712.264892444519,24.0,consumer_flagship,mlx,4.418917942476642,318.5188016516928,326.7029425685836,2.333592446918454,394.68832821274276,4.211897664232368,1.0,synthetic
0.5,dense,Q8_0,0.53,128,256,4096,1,0.0335872,gpu,698.4512719010804,2133.5152335755643,80.0,datacenter,llama.cpp,0.0028634782130989578,0.3522119683863909,1.2489204868662345,2.3564537488042157,0.2969748713560892,0.0028223740674712234,1.0,synthetic
30.0,dense,Q6_K,24.599999999999998,128,256,8192,1,4.030463999999999,apple,2.655773622099394,71.0438901631677,16.0,apple_base,vllm,56.48071761531569,619.99515498299,120.20833407742117,4.886517645423625,705.9527380816588,89.45368207964748,1.0,synthetic
13.0,dense,Q4_K_M,8.19,128,256,2048,1,0.43663359999999996,gpu,8.662150564714,187.14272517691165,6.0,consumer_low,ollama,10.005213603618325,83.81190531883652,40.046377794055815,4.889667618321834,76.92067964987731,11.477737089518637,1.0,synthetic
70.0,dense,Q3_K_M,34.3,128,256,4096,1,4.702208,apple,6.829170739255559,171.14454720184372,32.0,apple_pro,ollama,45.55620630815053,325.5577867420351,76.19366651127254,2.221389694206197,344.31712185646313,45.72863039044421,1.0,synthetic
2.0,dense,Q8_0,2.12,128,256,2048,1,0.0671744,apple,27.4362197036507,912.6326085485836,128.0,apple_ultra,llama.cpp,0.26507760002226377,2.995693967529825,8.664961661942167,4.087246066953852,5.291576612258675,0.2994329798047105,1.0,synthetic
2.0,dense,Q4_K_M,1.26,128,256,16384,1,0.5373952,cpu,0.3945449277721328,46.72203408113486,16.0,cpu_older,ollama,25.34565595980857,59.184567602802844,2.691787317690711,2.1363391410243735,73.60706291881543,26.778784597978902,1.0,synthetic
30.0,dense,int8,30.0,128,256,8192,1,4.030463999999999,apple,7.474311655021353,170.26851678344514,32.0,apple_pro,vllm,17.838877944533937,285.51930497673374,115.81193380213831,3.8603977934046103,277.7097937414222,23.909430617917597,1.0,synthetic
70.0,dense,fp32,280.0,128,256,512,1,0.587776,cpu,0.13998215323415097,34.80715576001773,8.0,cpu_low,vllm,3333.75831050451,14656.744614372732,1050.2711339547325,3.7509683355526158,8618.63467427707,2847.3074201420327,1.0,synthetic
13.0,dense,Q4_K_M,8.19,128,256,512,1,0.10915839999999999,apple,23.579650559416375,913.8547538398799,128.0,apple_ultra,mlx,2.004810340747362,11.351856469980852,36.374943634199724,4.4413850591208455,7.037159910172986,2.2351143739486976,1.0,synthetic
8.0,moe,bf16,16.0,128,256,8192,1,1.0747904,cpu,1.0554193517661636,69.0266942825063,16.0,cpu_modern,mlx,30.31970178152451,329.82004189312266,76.77096720099263,4.798185450062039,237.10163203420572,52.522169401565705,1.0,synthetic
3.8,dense,Q4_K_M,2.3939999999999997,128,256,16384,1,1.0210508799999998,apple,3.3294575005503675,58.72246087016626,16.0,apple_base,mlx,5.70663538935675,89.47044032070646,10.609394021675122,4.431659992345499,87.83899320760598,5.243363829147892,1.0,synthetic
8.0,dense,bf16,16.0,128,256,8192,1,1.0747904,gpu,802.3279871561383,2237.812668327646,80.0,datacenter,vllm,0.03988393837964497,10.173500008387071,78.55589109510095,4.909743193443809,6.629322877326738,0.059867597063298104,1.0,synthetic
70.0,dense,Q8_0,74.2,128,256,16384,1,18.808832,gpu,9.923721092466414,220.29972228266823,6.0,consumer_low,vllm,47.02537105974656,767.6222444608661,209.2604142117752,2.8202212157921185,415.81131706406944,35.88427295449891,1.0,synthetic
8.0,dense,fp16,16.0,128,256,4096,1,0.5373952,gpu,21.672816224881952,388.2958495067806,8.0,consumer_mid,llama.cpp,1.8456300088069368,65.52258154151137,68.9113959286645,4.3069622455415315,65.60853305278262,1.8718268245498477,1.0,synthetic
13.0,dense,fp16,26.0,128,256,2048,1,0.43663359999999996,gpu,51.00433735341277,552.4471086016116,12.0,consumer_high,llama.cpp,1.185489693947057,70.37307598794402,62.07443438181661,2.387478245454485,65.07593505156734,0.7337542551321502,1.0,synthetic
1.5,dense,int8,1.5,128,256,512,1,0.012595199999999999,apple,17.04322962266425,412.74095613410555,64.0,apple_max,vllm,0.352045952136979,4.8863423172008025,5.781577082060531,3.8543847213736875,5.837763439100883,0.2512300580731352,1.0,synthetic
8.0,dense,Q5_K_M,5.84,128,256,512,1,0.0671744,gpu,670.2141707868965,2210.168194149722,80.0,datacenter,llama.cpp,0.04774593166603579,3.563634909859616,25.2110182232084,4.3169551752069175,3.7862060957017634,0.08824469131425307,1.0,synthetic
30.0,dense,fp32,120.0,128,256,16384,1,8.060927999999999,gpu,65.39318827168387,773.9581150668935,24.0,consumer_flagship,vllm,2.038948350084782,236.3747847534759,555.5952969570042,4.629960807975035,395.67991841514726,3.45228528430905,1.0,synthetic
3.0,dense,Q5_K_M,2.19,128,256,8192,1,0.40304639999999997,gpu,43.697018693867356,445.1022842675961,12.0,consumer_high,mlx,0.3193235783394834,8.56725221189654,5.779174541113544,2.6388924845267323,12.431186381145373,0.4155290349441751,1.0,synthetic
30.0,dense,int8,30.0,128,256,8192,1,4.030463999999999,gpu,623.6380098732217,2135.9084992509115,80.0,datacenter,llama.cpp,0.19241931713622556,21.24339690389976,95.30196405897591,3.176732135299197,27.678397488194328,0.1135286341292778,1.0,synthetic
0.5,dense,Q5_K_M,0.365,128,256,4096,1,0.0335872,gpu,147.1863714910678,1009.122847513312,40.0,datacenter_low,vllm,0.019411735123290585,0.6583063713570677,1.5881000489515518,4.350959038223429,0.6920817176401998,0.010121056321553825,1.0,synthetic
1.5,moe,Q3_K_M,0.735,128,256,16384,1,0.40304639999999997,gpu,145.34442520445714,932.9634090615258,40.0,datacenter_low,ollama,0.05897321867949924,2.03303150110458,2.482394342505366,3.377407268714784,1.3280111134407884,0.05799861381370445,1.0,synthetic
30.0,dense,fp32,120.0,128,256,512,1,0.25190399999999996,apple,3.432029317756929,67.84940911745454,16.0,apple_base,vllm,43.70592034978171,2726.6697180886204,326.4524227601495,2.720436856334579,3610.1538972338785,28.364116475487936,1.0,synthetic
1.5,dense,fp32,6.0,128,256,4096,1,0.10076159999999999,gpu,130.91384976488987,799.7975249158753,40.0,datacenter_low,vllm,0.06547381034796645,12.713137617010615,15.273841519184606,2.5456402531974343,13.93335322283928,0.04938695323557367,1.0,synthetic
3.8,dense,Q6_K,3.1159999999999997,128,256,8192,1,0.5105254399999999,gpu,143.05502774957384,1007.1328706746232,40.0,datacenter_low,transformers,0.15178974172300913,6.0014018434508865,7.842846155992835,2.5169596136048895,10.031862068756105,0.13792199653337808,1.0,synthetic
3.0,dense,fp16,6.0,128,256,8192,1,0.40304639999999997,gpu,58.99963586676908,603.5824094159606,24.0,consumer_flagship,ollama,0.22599009531926945,15.154863694102982,15.186188716981443,2.5310314528302404,13.273334684395644,0.17815061115538675,1.0,synthetic
3.8,dense,int8,3.8,128,256,512,1,0.03190783999999999,cpu,0.3506443040508467,39.878584259858116,16.0,cpu_older,ollama,54.18596503779175,147.82979236059282,11.75267641594806,3.092809583144226,103.28987367671711,51.16020992965962,1.0,synthetic
2.0,dense,fp32,8.0,128,256,16384,1,0.5373952,gpu,9.009226631308113,211.42368971776187,6.0,consumer_low,llama.cpp,1.4799642498722856,73.4190986260546,36.96588697856265,4.620735872320331,61.636407330359695,1.5780847137151088,1.0,synthetic
70.0,dense,fp16,140.0,128,256,16384,1,18.808832,gpu,168.9392580239316,781.4910491608132,40.0,datacenter_low,llama.cpp,2.367714909363085,338.68767524706635,594.2690699611366,4.244779071150975,419.019281560003,1.9656366740803684,1.0,synthetic
3.8,moe,bf16,7.6,128,256,16384,1,1.0210508799999998,gpu,22.63390764517283,319.48167895035454,8.0,consumer_mid,mlx,0.8394485078696591,41.514603415055326,29.296208790890745,3.854764314590888,38.75587396750644,0.4208046823211602,1.0,synthetic
1.0,dense,bf16,2.0,128,256,4096,1,0.0671744,apple,14.410111378063975,395.5041659359777,64.0,apple_max,ollama,0.27758286491033407,6.968908979278613,9.371241026123196,4.685620513061598,8.621932130814303,0.2063840486939294,1.0,synthetic
30.0,dense,Q5_K_M,21.9,128,256,8192,1,4.030463999999999,gpu,25.087580815867494,353.37191595285816,8.0,consumer_mid,llama.cpp,5.979053982962255,112.8924505245162,78.79295440609502,3.5978517993650696,109.33933399999208,4.488866528927314,1.0,synthetic
70.0,moe,int8,70.0,128,256,512,1,0.587776,apple,13.841117266356283,372.30918771392567,64.0,apple_max,transformers,20.229580792628518,252.79267279050922,207.63662477246743,2.966237496749535,241.25232970910926,19.941613234273454,1.0,synthetic
1.0,dense,Q3_K_M,0.49,128,256,512,1,0.0083968,apple,2.7403032062968897,64.48094598442945,16.0,apple_base,transformers,1.824615607685528,11.89133155517697,2.140081720752787,4.367513715822015,18.130490929618418,2.377052479107573,1.0,synthetic
3.8,dense,fp16,7.6,128,256,16384,1,1.0210508799999998,apple,7.996261277429737,131.41141296393405,32.0,apple_pro,transformers,2.1120981797530183,93.7193101698758,32.19602001140272,4.23631842255299,169.67529885773433,2.863491427677277,1.0,synthetic
8.0,dense,fp16,16.0,128,256,8192,1,1.0747904,gpu,63.667361151478744,621.7918635870683,24.0,consumer_flagship,transformers,0.5584581316470935,39.229457866442594,63.00402758391686,3.9377517239948037,31.516883217853056,0.3688314374869086,1.0,synthetic
1.5,moe,Q5_K_M,1.095,128,256,2048,1,0.050380799999999996,gpu,153.18502371010104,861.1461159924185,40.0,datacenter_low,mlx,0.055954742597094834,2.216775950734018,2.9692900108527414,2.711680375207983,2.232175339978115,0.058134124930833544,1.0,synthetic
30.0,dense,Q4_0,17.7,128,256,8192,1,4.030463999999999,gpu,22.013368544653027,313.55020961435486,8.0,consumer_mid,vllm,6.814041190276374,106.6224229862308,45.30670897712433,2.559701072153917,90.61621715206381,5.887595906370239,1.0,synthetic
30.0,dense,Q8_0,31.8,128,256,4096,1,2.0152319999999997,apple,14.032928259122311,360.8048314353706,64.0,apple_max,llama.cpp,8.55131571858441,124.96222908277832,157.31892005308106,4.947135850725819,66.84133281358477,10.501076931309258,1.0,synthetic
3.0,dense,Q4_K_M,1.8900000000000001,128,256,2048,1,0.10076159999999999,cpu,0.8836116706504157,74.44659300201388,16.0,cpu_modern,vllm,13.580626420616365,35.65440261219471,4.748932620501673,2.5126627621701974,30.866757693912604,17.034856325311477,1.0,synthetic
7.0,moe,Q6_K,5.739999999999999,128,256,512,1,0.0587776,apple,8.404743727818634,169.32191951074137,32.0,apple_pro,vllm,3.7016132934710777,48.92436858698903,16.301239992830094,2.839937280980853,81.540981135532,6.017382695019601,1.0,synthetic
8.0,dense,int8,8.0,128,256,4096,1,0.5373952,cpu,0.16212718199363713,34.794743983382666,8.0,cpu_low,transformers,328.95984915981865,446.1172852625674,28.18264908842692,3.522831136053365,368.620293654149,191.42021196388237,1.0,synthetic
3.0,moe,Q4_0,1.77,128,256,512,1,0.025190399999999998,apple,2.768168759173572,60.14267122467975,16.0,apple_base,mlx,5.418744774967477,45.92132887310229,6.626374955754072,3.743714664267837,31.37015794745935,6.883898209247622,1.0,synthetic
2.0,dense,Q5_K_M,1.46,128,256,8192,1,0.2686976,cpu,0.8963088145822606,76.365467946735,16.0,cpu_modern,mlx,8.925495175151804,30.182884951887214,4.394326738489372,3.009812834581762,25.644163794120914,9.053318805541641,1.0,synthetic
8.0,dense,Q4_K_M,5.04,128,256,8192,1,1.0747904,apple,13.354866046225384,347.6049964567321,64.0,apple_max,ollama,2.3961303609664037,23.4549386509797,20.384321160025813,4.044508166671788,20.177919378185262,3.009970911957756,1.0,synthetic
7.0,dense,int8,7.0,128,256,4096,1,0.4702208,gpu,9.702615221702153,205.73832443647063,6.0,consumer_low,mlx,4.809699818074391,66.01696438213995,21.3262335974029,3.046604799628986,35.587719484994444,3.786969509943082,1.0,synthetic
13.0,dense,Q6_K,10.66,128,256,8192,1,1.7465343999999998,gpu,790.2011202920432,2747.9645558407965,80.0,datacenter,mlx,0.0658060317363025,6.01974498961661,27.11583345597781,2.5436991984969803,6.280673493968097,0.06759470675881271,1.0,synthetic
8.0,dense,Q8_0,8.48,128,256,4096,1,0.5373952,apple,13.049233203150498,428.934477914807,64.0,apple_max,transformers,2.4522513700095563,28.030373446426456,20.515809261372805,2.4193171298788685,37.53351261409438,2.646750820189969,1.0,synthetic
2.0,moe,Q6_K,1.64,128,256,512,1,0.0167936,apple,16.328702903369503,364.1952784057293,64.0,apple_max,mlx,0.4899348127859662,6.065586964783072,7.2877076235384,4.443724160694146,5.601372679679204,0.44521407807108304,1.0,synthetic
1.5,dense,int8,1.5,128,256,2048,1,0.050380799999999996,apple,15.743387493132898,402.7678509722943,64.0,apple_max,vllm,0.38111238782740614,5.132421555021772,4.766002983401859,3.177335322267906,6.381216554366228,0.34560180273114577,1.0,synthetic
13.0,dense,Q3_K_M,6.37,128,256,4096,1,0.8732671999999999,apple,3.284939495524419,66.75835213483245,16.0,apple_base,ollama,19.787274647998707,166.92275413709126,18.499331175276755,2.904133622492426,140.953197155642,10.134445472023286,1.0,synthetic
2.0,dense,Q6_K,1.64,128,256,2048,1,0.0671744,gpu,26.857070351321884,350.2856409597103,8.0,consumer_mid,transformers,0.3723414307364246,7.497944096852786,5.1687448091562,3.1516736641196346,8.136504832002519,0.3486543740440214,1.0,synthetic
1.5,dense,Q8_0,1.59,128,256,512,1,0.012595199999999999,gpu,709.1461008339376,2804.8540832234103,80.0,datacenter,ollama,0.008460879913101339,0.7618198796082618,7.662999229636277,4.819496370840426,0.6106391306375155,0.009221480091512994,1.0,synthetic
1.5,dense,Q4_K_M,0.9450000000000001,128,256,512,1,0.012595199999999999,apple,15.574686238821378,380.1886737588503,64.0,apple_max,ollama,0.3852405055226366,3.3583157209198102,3.6479062630573362,3.8602182677855406,3.654881519362961,0.3401142038031777,1.0,synthetic
8.0,moe,Q4_K_M,5.04,128,256,4096,1,0.5373952,gpu,151.50574913893445,1006.3509974237585,40.0,datacenter_low,llama.cpp,0.3017330099623125,9.236994538151595,14.79323766506869,2.9351662033866446,8.17734732667015,0.34059317197666156,1.0,synthetic
8.0,dense,fp16,16.0,128,256,512,1,0.0671744,gpu,23.113668548608494,375.61436072013106,8.0,consumer_mid,vllm,1.7305777278876877,65.80879868054802,68.59801691555315,4.287376057222072,66.99681676190598,1.4995395067692467,1.0,synthetic
70.0,dense,fp32,280.0,128,256,2048,1,2.351104,apple,3.339089073085574,64.77846767380451,16.0,apple_base,llama.cpp,104.81900672286444,6705.720734759114,685.9306389729701,2.4497522820463216,9250.751061382542,91.72948358971522,1.0,synthetic
1.0,dense,int8,1.0,128,256,512,1,0.0083968,gpu,22.96938546424481,373.3365196812719,8.0,consumer_mid,mlx,0.21768105236351348,4.155445852530446,4.0818453334013,4.0818453334013,5.164566700846736,0.326922221072233,1.0,synthetic
30.0,dense,Q3_K_M,14.7,128,256,2048,1,1.0076159999999998,apple,3.0384519990128367,62.93670080170183,16.0,apple_base,mlx,49.367243599284606,383.96615598048044,69.462669754813,4.725351684000885,294.70005091846417,42.32647626716338,1.0,synthetic
3.0,dense,Q3_K_M,1.47,128,256,8192,1,0.40304639999999997,gpu,153.7526307644754,873.2298825261827,40.0,datacenter_low,transformers,0.1114963500632212,3.57493950043149,3.6162796877419137,2.4600542093482405,4.210324264332828,0.1096525197166891,1.0,synthetic
30.0,dense,fp16,60.0,128,256,2048,1,1.0076159999999998,cpu,0.41034757984201564,45.079497164940285,16.0,cpu_older,llama.cpp,365.543766720277,2082.052300313299,276.9823036099473,4.616371726832455,1979.1006714538487,370.72503686254646,1.0,synthetic
1.5,dense,int8,1.5,128,256,2048,1,0.050380799999999996,cpu,1.1296354847450836,78.30066854989536,16.0,cpu_modern,mlx,5.311447879449339,26.40046934826283,6.182573854410293,4.1217159029401955,29.773957328435156,5.680445573523678,1.0,synthetic
7.0,dense,Q4_K_M,4.41,128,256,16384,1,1.8808832,cpu,0.35830468514971137,46.02989286225198,16.0,cpu_older,vllm,97.68222814439576,210.26079454750968,18.56315723731508,4.209332706874168,150.35322355916028,172.04706512509864,1.0,synthetic
3.0,dense,Q8_0,3.18,128,256,8192,1,0.40304639999999997,gpu,10.172790939876338,225.53411077440657,6.0,consumer_low,ollama,1.9660288035215556,28.88534153797321,15.755385038100673,4.954523596887004,22.55446494081026,1.8932209717790331,1.0,synthetic
70.0,dense,Q3_K_M,34.3,128,256,2048,1,2.351104,gpu,27.5417356483445,310.589581526343,8.0,consumer_mid,vllm,12.707986325510971,181.54605691875528,109.65737822823638,3.1970081116103906,342.46934637999965,14.87105104894252,1.0,synthetic
70.0,dense,bf16,140.0,128,256,4096,1,4.702208,gpu,7.797856424819485,190.11183449875404,6.0,consumer_low,llama.cpp,59.84550641139429,1383.8955598426353,505.70615323392764,3.6121868088137687,1074.522415261307,36.42696680999952,1.0,synthetic
3.0,dense,Q3_K_M,1.47,128,256,16384,1,0.8060927999999999,cpu,0.1688935027385742,36.62990585509587,8.0,cpu_low,transformers,118.41781759335923,112.97737323774277,4.93428111932405,3.3566538226694216,155.20067368166318,92.63591639105147,1.0,synthetic
3.0,dense,Q5_K_M,2.19,128,256,4096,1,0.20152319999999999,gpu,137.6072170322992,887.1586693558272,40.0,datacenter_low,mlx,0.12457818356164684,4.492851321505062,7.654276266898382,3.4951033182184394,4.225137363612922,0.11479138394191671,1.0,synthetic
1.0,dense,Q3_K_M,0.49,128,256,512,1,0.0083968,gpu,146.35164522770464,1012.0083932883871,40.0,datacenter_low,vllm,0.03904490247031395,0.8208047866423415,1.9094285032417098,3.8967928637585914,1.0753487142726426,0.02244888073725085,1.0,synthetic
3.0,moe,fp32,12.0,128,256,512,1,0.025190399999999998,apple,2.5617850109295004,71.3361623891409,16.0,apple_base,llama.cpp,5.855292280969941,259.3396154696025,27.07258805083118,2.2560490042359316,242.47928565605636,4.201275388299506,1.0,synthetic
30.0,dense,fp32,120.0,128,256,4096,1,2.0152319999999997,apple,3.447186826661352,68.04477821075734,16.0,apple_base,mlx,43.51374252183397,2758.708992437941,509.98576934370396,4.249881411197533,2328.8422618184013,45.50684605047386,1.0,synthetic
1.5,moe,Q4_K_M,0.9450000000000001,128,256,16384,1,0.40304639999999997,apple,24.650235304074243,895.5330294657713,128.0,apple_ultra,vllm,0.22127762219145697,1.8816257408230028,1.993618308349349,2.1096490035442845,1.6302292631916286,0.1877967835792388,1.0,synthetic
30.0,dense,Q5_K_M,21.9,128,256,8192,1,4.030463999999999,cpu,0.14874301252994995,39.14696985518534,8.0,cpu_low,ollama,1344.6009772037476,1204.340932547893,72.75811247384159,3.322288240814685,1704.1697476831912,605.4955233663675,1.0,synthetic
3.8,dense,Q6_K,3.1159999999999997,128,256,512,1,0.03190783999999999,gpu,63.06487968706885,712.5244695747258,24.0,consumer_flagship,llama.cpp,0.2678018093857059,6.311377913356528,14.287971985234359,4.585356863040552,5.793184404937158,0.23956264056958768,1.0,synthetic
8.0,dense,Q8_0,8.48,128,256,8192,1,1.0747904,apple,17.007519579601347,384.79711795357036,64.0,apple_max,mlx,1.8815206914934548,33.107629810446,27.358197312735573,3.226202513294289,40.77502383653078,1.2637943990274982,1.0,synthetic
3.8,moe,Q8_0,4.028,128,256,4096,1,0.25526271999999994,cpu,0.8576159066981034,68.87775584331702,16.0,cpu_modern,ollama,17.723551861953375,82.91525892613879,8.383427973412093,2.0812879775104505,104.76698647816548,25.954912479541516,1.0,synthetic
13.0,dense,fp32,52.0,128,256,16384,1,3.4930687999999996,gpu,59.57845715769251,643.525707283495,24.0,consumer_flagship,vllm,0.9697763341680924,123.1898146013068,131.85296728047604,2.535633986163001,126.26878111523608,0.9325865085527306,1.0,synthetic
13.0,dense,Q6_K,10.66,128,256,16384,1,3.4930687999999996,gpu,9.412414491200062,184.29096686280357,6.0,consumer_low,vllm,9.207697636742818,139.6316531498439,44.41809648074398,4.166800795566978,131.48944166163386,8.228416510316544,1.0,synthetic
0.5,dense,int8,0.5,128,256,4096,1,0.0335872,apple,29.881141391660915,879.2527674960778,128.0,apple_ultra,mlx,0.06084713412885987,0.7585804954580087,1.3074764431237313,2.6149528862474627,1.1448721248071938,0.044980898043400996,1.0,synthetic
8.0,moe,Q4_K_M,5.04,128,256,512,1,0.0671744,gpu,23.448607976957597,391.61526094471753,8.0,consumer_mid,ollama,1.705858191637946,20.063547487043788,16.45193920495857,3.264273651777494,21.76793175305327,1.1720264385519186,1.0,synthetic
2.0,dense,bf16,4.0,128,256,4096,1,0.1343488,apple,3.3534045399692767,74.47584865946419,16.0,apple_base,mlx,2.982044033402429,85.40401660231817,12.556308898007202,3.1390772245018006,62.61581141734298,2.3343123709063778,1.0,synthetic
1.0,moe,int8,1.0,128,256,512,1,0.0083968,gpu,66.76075137903874,651.293364572804,24.0,consumer_flagship,vllm,0.06657271454616813,2.2118555715483956,3.6561415425559405,3.6561415425559405,1.6059644029677382,0.11270040973855101,1.0,synthetic
1.5,dense,Q4_K_M,0.9450000000000001,128,256,4096,1,0.10076159999999999,apple,7.84670366992476,140.75095917938629,32.0,apple_pro,mlx,0.8496136654451477,10.614102749759013,4.157589650610639,4.3995657678419455,13.533109487764818,0.8417594290750829,1.0,synthetic
8.0,dense,Q4_K_M,5.04,128,256,2048,1,0.2686976,gpu,63.54166333715005,599.7185547472246,24.0,consumer_flagship,vllm,0.5595628708505616,12.645687971889137,19.65819068377135,3.9004346594784423,13.657198257415455,0.3349915720162301,1.0,synthetic
2.0,moe,Q3_K_M,0.98,128,256,16384,1,0.5373952,gpu,60.27880986594744,624.264775555293,24.0,consumer_flagship,llama.cpp,0.1474629128985239,3.472416694732167,2.7605835399669445,2.816921979558107,2.5161726578271284,0.1519910948875861,1.0,synthetic
7.0,dense,Q6_K,5.739999999999999,128,256,16384,1,1.8808832,gpu,21.387930074106,393.50137468885237,8.0,consumer_mid,transformers,1.6364369940770425,29.79515815307732,16.199230900233687,2.822165662061618,31.290270919985026,1.2201935339169372,1.0,synthetic
3.0,moe,Q3_K_M,1.47,128,256,16384,1,0.8060927999999999,gpu,25.406335018868447,365.8991407769457,8.0,consumer_mid,vllm,0.5904039283454301,9.570072297338013,2.988491604383899,2.0329874859754415,8.510952214899481,0.6915172874743829,1.0,synthetic
13.0,dense,Q4_K_M,8.19,128,256,4096,1,0.8732671999999999,gpu,133.6598533530963,1008.0050332989883,40.0,datacenter_low,transformers,0.5557818030031036,14.985486018751702,31.13469926085486,3.80155058130096,15.97603149498034,0.7463413518598729,1.0,synthetic
7.0,moe,Q4_K_M,4.41,128,256,4096,1,0.4702208,gpu,734.6577016547136,2256.528458967587,80.0,datacenter,llama.cpp,0.03811298777231072,2.883615777504419,13.888922728740853,3.1494155847484926,2.7718628757365544,0.04854703320467656,1.0,synthetic
30.0,dense,Q5_K_M,21.9,128,256,2048,1,1.0076159999999998,gpu,9.05107780426366,172.8179580065033,6.0,consumer_low,vllm,22.096815906917367,241.0062668806882,49.23987248268081,2.2483960037753796,274.3041951709581,17.773531879374346,1.0,synthetic
8.0,dense,Q5_K_M,5.84,128,256,8192,1,1.0747904,apple,15.464184492598747,369.4418931617585,64.0,apple_max,llama.cpp,2.0692976092800364,24.955806864319303,17.91138599246591,3.0670181493948476,17.049190502426764,1.6285295910059996,1.0,synthetic
1.5,moe,Q4_0,0.885,128,256,16384,1,0.40304639999999997,cpu,0.42628550862210945,42.26114316091286,16.0,cpu_older,transformers,17.59384226839516,46.8896413570428,3.5320469440378313,3.991013496087945,36.9825826366677,38.755147634692776,1.0,synthetic
1.0,dense,Q4_0,0.59,128,256,8192,1,0.1343488,gpu,169.6573382696141,962.7944662467675,40.0,datacenter_low,ollama,0.03368133540563245,1.2539000194986356,1.2710236898671232,2.154277440452751,1.4595824852954276,0.021352948720349558,1.0,synthetic
70.0,dense,bf16,140.0,128,256,512,1,0.587776,gpu,64.9291418204241,720.3369982725468,24.0,consumer_flagship,vllm,4.791548176804148,278.813500461086,324.77126631618415,2.3197947594013155,371.6161373803786,3.880254102604064,1.0,synthetic
3.8,moe,Q3_K_M,1.8619999999999999,128,256,8192,1,0.5105254399999999,gpu,21.813533363018564,373.9598194013783,8.0,consumer_mid,ollama,0.8710189075654992,9.760511555237116,6.152945513440526,3.3044820158112387,15.992208756252646,0.8587555348109629,1.0,synthetic
13.0,moe,Q5_K_M,9.49,128,256,4096,1,0.8732671999999999,apple,7.391364879773856,164.35960429533898,32.0,apple_pro,vllm,7.8169294463982055,90.07485441476734,26.72797205693704,2.816435411689888,105.50337839764777,10.465228165914233,1.0,synthetic
30.0,moe,fp16,60.0,128,256,2048,1,1.0076159999999998,cpu,0.41082768002429043,43.12314760869036,16.0,cpu_older,transformers,365.11658608575544,2176.5078843715046,217.54217052810446,3.6257028421350745,1564.9982913766619,341.1571258621926,1.0,synthetic
1.0,dense,Q5_K_M,0.73,128,256,512,1,0.0083968,apple,16.67825626144384,427.8669863691473,64.0,apple_max,ollama,0.23983322580592845,2.301016666467584,2.976085676294097,4.076829693553558,2.6466605252422872,0.33168244060857244,1.0,synthetic
3.0,dense,fp32,12.0,128,256,512,1,0.025190399999999998,apple,16.571380432043934,369.9601610631023,64.0,apple_max,transformers,0.7241400346343931,43.33868585721918,59.556048287879285,4.9630040239899404,29.589149066121323,0.7116692873770324,1.0,synthetic
3.8,dense,Q6_K,3.1159999999999997,128,256,8192,1,0.5105254399999999,gpu,28.3304450476496,301.6398151936931,8.0,consumer_mid,llama.cpp,0.6706566016892244,18.496463751344198,7.920018326250313,2.5417260353820006,20.593677681414224,0.7137719697030002,1.0,synthetic
30.0,dense,bf16,60.0,128,256,2048,1,1.0076159999999998,gpu,66.32493199577627,787.2525424934888,24.0,consumer_flagship,llama.cpp,2.0103048630615157,110.7061996482253,294.7904841297662,4.913174735496103,123.78420596280085,1.885710496201669,1.0,synthetic
30.0,dense,int8,30.0,128,256,8192,1,4.030463999999999,gpu,73.66319653771197,694.5849854980673,24.0,consumer_flagship,mlx,1.8100400145556155,69.99136115297419,88.719042591893,2.9573014197297667,70.48862972859735,1.8262702902772874,1.0,synthetic
70.0,dense,Q8_0,74.2,128,256,8192,1,9.404416,gpu,164.80119633678046,774.992061373183,40.0,datacenter_low,transformers,2.4271668464261484,179.79628473411734,175.23818877402226,2.3617006573318364,126.5369648718651,2.8208398884463546,1.0,synthetic
8.0,dense,Q8_0,8.48,128,256,16384,1,2.1495808,apple,23.573320933196594,847.1093062107535,128.0,apple_ultra,llama.cpp,1.2340607067348954,15.685078540140971,18.622665309925093,2.196069022396827,21.469834004770508,0.943581939801815,1.0,synthetic
30.0,dense,Q8_0,31.8,128,256,8192,1,4.030463999999999,gpu,42.50641956071324,505.92369385630053,12.0,consumer_high,transformers,3.282677891080151,104.14981441548314,123.31003731209067,3.8776741293110275,88.51607513118181,4.489418989107734,1.0,synthetic
2.0,dense,Q5_K_M,1.46,128,256,8192,1,0.2686976,gpu,27.8948331117714,362.16563475914194,8.0,consumer_mid,ollama,0.3584893288277131,7.343421114483959,7.0331165194864855,4.817203095538689,7.496047062386638,0.49350994268007575,1.0,synthetic
3.8,dense,Q3_K_M,1.8619999999999999,128,256,4096,1,0.25526271999999994,apple,3.268904912196299,78.15785585488008,16.0,apple_base,transformers,5.812344044976933,41.67626178981313,5.969186083421226,3.2057927408277265,56.58389718655983,4.734870622176465,1.0,synthetic
7.0,moe,Q8_0,7.42,128,256,512,1,0.0587776,apple,7.95170148872938,155.73774584482663,32.0,apple_pro,mlx,3.912509939565453,68.60230281389364,24.219406870687582,3.2640710068312107,61.3718016123186,6.050823868979474,1.0,synthetic
0.5,dense,Q3_K_M,0.245,128,256,8192,1,0.0671744,apple,28.92441664287002,737.3065149843925,128.0,apple_ultra,transformers,0.06285975757543953,0.5292480021124731,0.70112065886575,2.861716974962245,0.49096213811770545,0.04937627767185508,1.0,synthetic
30.0,dense,Q6_K,24.599999999999998,128,256,2048,1,1.0076159999999998,gpu,8.450031925231173,184.01646506299457,6.0,consumer_low,llama.cpp,23.668549630305503,253.01704280778958,77.5633065603845,3.152979941479045,250.8325606509097,25.391426224198426,1.0,synthetic
70.0,dense,bf16,140.0,128,256,512,1,0.587776,apple,8.431153478463367,137.32142495392787,32.0,apple_pro,ollama,36.900183575808086,1462.5516744192166,649.2296891761092,4.6373549226864945,1403.195126012155,28.80477215043236,1.0,synthetic
0.5,dense,Q3_K_M,0.245,128,256,4096,1,0.0335872,gpu,170.01294100311344,891.1984080374648,40.0,datacenter_low,llama.cpp,0.01680544339910298,0.5209973400002762,1.2185089402106777,4.973505878410929,0.3934934533660805,0.018848357402295506,1.0,synthetic
3.8,dense,Q5_K_M,2.774,128,256,2048,1,0.12763135999999997,gpu,22.987537760375826,396.4868362841882,8.0,consumer_mid,llama.cpp,0.8265348032511233,11.259007456565769,9.814593788679385,3.538065533049526,15.073589906426013,1.3442272517425102,1.0,synthetic
3.8,dense,Q4_0,2.242,128,256,16384,1,1.0210508799999998,gpu,643.4406604607293,2257.396024004131,80.0,datacenter,transformers,0.023623001986097975,1.9273244306284405,9.727485169209983,4.33875342070026,1.6492944726350671,0.019996910008411937,1.0,synthetic
8.0,dense,Q8_0,8.48,128,256,4096,1,0.5373952,gpu,23.875939443750475,303.5734810391566,8.0,consumer_mid,ollama,1.6753267486808772,45.69870742602278,36.24958682191208,4.274715427112274,41.62580121449145,1.1781402760613466,1.0,synthetic
1.5,dense,int8,1.5,128,256,8192,1,0.20152319999999999,cpu,1.0588061854161377,68.82576168207025,16.0,cpu_modern,mlx,5.66675949068228,32.962913080132566,4.0071792667018045,2.67145284446787,28.71234938426465,6.851701264981428,1.0,synthetic
7.0,dense,fp32,28.0,128,256,4096,1,0.4702208,apple,27.29949282543665,822.3055843620089,128.0,apple_ultra,mlx,0.9324182547020746,43.27804246594166,129.70671246095193,4.632382587891141,35.07953402968499,0.9796455606005626,1.0,synthetic
70.0,dense,Q8_0,74.2,128,256,16384,1,18.808832,gpu,41.835600574947534,444.4272381924206,12.0,consumer_high,vllm,7.782400416735155,307.76172647282107,294.2568648902462,3.9657259419170647,330.56133215312735,8.603781917594329,1.0,synthetic
1.0,dense,int8,1.0,128,256,8192,1,0.1343488,gpu,45.68657450322338,438.0480139867115,12.0,consumer_high,ollama,0.10180589902553351,3.8081670199071027,2.7792613512809785,2.7792613512809785,2.459630732649144,0.06981619197007394,1.0,synthetic
3.8,dense,Q3_K_M,1.8619999999999999,128,256,2048,1,0.12763135999999997,gpu,746.9182238746027,2496.9068013090778,80.0,datacenter,ollama,0.0203502867036109,1.0624512744899017,8.47884182187642,4.553620742146306,0.9334909009421853,0.021763437566459074,1.0,synthetic
3.0,dense,Q5_K_M,2.19,128,256,512,1,0.025190399999999998,gpu,149.78159371562884,894.7583758781949,40.0,datacenter_low,llama.cpp,0.11445236171945196,4.126235752055812,6.665106495917408,3.043427623706579,5.577678055283449,0.12686191314781894,1.0,synthetic
3.0,dense,Q4_K_M,1.8900000000000001,128,256,512,1,0.025190399999999998,cpu,0.4213619383070876,45.887381513943176,16.0,cpu_older,ollama,35.598848961692475,64.21039231309096,8.301405542511283,4.392278064820784,74.30268720016447,31.9612962172778,1.0,synthetic
1.5,dense,Q5_K_M,1.095,128,256,8192,1,0.20152319999999999,gpu,733.2748852782694,2762.936296820681,80.0,datacenter,transformers,0.008182470340195912,0.6256740707301929,4.939588783674663,4.511039985091016,0.6924485782102062,0.01014008323533099,1.0,synthetic
13.0,moe,Q5_K_M,9.49,128,256,16384,1,3.4930687999999996,apple,15.888621577511778,421.616892611236,64.0,apple_max,llama.cpp,3.2727823333396686,41.05802851680775,23.49548734769381,2.4758153158792213,58.00482191213614,3.975909217325791,1.0,synthetic
1.0,moe,Q4_K_M,0.63,128,256,16384,1,0.2686976,apple,8.914089822077427,166.73295874853542,32.0,apple_pro,vllm,0.4985864550564589,7.700059567838693,2.6652306043911387,4.230524768874823,7.019185760398725,0.3882732361207125,1.0,synthetic
0.5,dense,Q6_K,0.41,128,256,2048,1,0.0167936,gpu,22.45569922036231,383.3865375325015,8.0,consumer_mid,vllm,0.11133031198302915,1.712646309094447,0.8278546222117052,2.0191576151505006,1.7249980657978117,0.16337319519019788,1.0,synthetic
3.8,moe,fp16,7.6,128,256,4096,1,0.25526271999999994,gpu,8.425002959572264,207.01561510254453,6.0,consumer_low,mlx,3.0069227814988797,68.99139394615601,21.123521648262845,2.7794107431924795,69.41772900168579,3.0891750110073906,1.0,synthetic
3.8,dense,fp32,15.2,128,256,8192,1,0.5105254399999999,apple,8.321613687439067,151.7993420872135,32.0,apple_pro,transformers,2.029520898618686,147.85049436205074,65.10287235409247,4.2830837075060835,136.90086232667466,2.1674358934351408,1.0,synthetic
8.0,moe,fp16,16.0,128,256,2048,1,0.2686976,cpu,1.012379973602833,87.46733576891123,16.0,cpu_modern,mlx,31.608685310238993,247.99654190118716,76.73734906448084,4.796084316530052,335.512860543849,20.51145806495232,1.0,synthetic
3.8,dense,int8,3.8,128,256,2048,1,0.12763135999999997,cpu,0.3523011673588815,50.90258457769209,16.0,cpu_older,mlx,53.931129841091646,118.70732762877228,11.030984663193706,2.902890700840449,106.17117269524249,57.16460179834368,1.0,synthetic
13.0,dense,int8,13.0,128,256,16384,1,3.4930687999999996,apple,28.686193918026778,696.1641443525051,128.0,apple_ultra,llama.cpp,1.6479260862494718,29.614188215876922,50.21570519293161,3.8627465533024314,18.83588548647718,2.201242708141149,1.0,synthetic
3.8,dense,bf16,7.6,128,256,16384,1,1.0210508799999998,gpu,7.773503491293784,222.2922083691426,6.0,consumer_low,ollama,3.2589338078649233,70.51366342812504,32.48840086718171,4.274789587787067,61.31815936737835,3.6494032154223324,1.0,synthetic
1.5,dense,Q4_0,0.885,128,256,4096,1,0.10076159999999999,cpu,0.12860641124064606,32.894863313614046,8.0,cpu_low,llama.cpp,77.7566211787698,54.48552259039331,3.8154316942796904,4.311222253423379,52.729518606042156,42.2249650549209,1.0,synthetic
1.5,dense,fp32,6.0,128,256,4096,1,0.10076159999999999,cpu,0.4219954451927806,44.2696865360861,16.0,cpu_older,llama.cpp,17.772703675921825,212.01385894775478,14.945228781450044,2.4908714635750075,147.62099872419043,9.18913669128691,1.0,synthetic
1.5,dense,Q8_0,1.59,128,256,512,1,0.012595199999999999,cpu,0.43537714584999154,47.61471004805009,16.0,cpu_older,llama.cpp,17.226443949779835,51.78086928251797,4.483447943781458,2.819778580994628,68.54456101516412,25.523734641429215,1.0,synthetic
1.0,dense,fp16,2.0,128,256,8192,1,0.1343488,gpu,794.681348072586,2238.2934188356753,80.0,datacenter,vllm,0.005033464054116243,1.2714143624120289,6.518363901556734,3.259181950778367,1.4958285187512785,0.004885910557031523,1.0,synthetic
30.0,dense,fp16,60.0,128,256,8192,1,4.030463999999999,gpu,729.090449009458,2423.1957984720957,80.0,datacenter,mlx,0.16458863253939474,35.23196600696942,161.39182906039554,2.6898638176732588,44.098507149559545,0.1546986566882121,1.0,synthetic
0.5,dense,Q4_0,0.295,128,256,4096,1,0.0335872,apple,2.741794233622575,58.43513529084402,16.0,apple_base,vllm,0.9118116776753497,8.65093862989613,1.3549570511080786,4.593074749518911,6.326726559113339,1.406082652488499,1.0,synthetic
0.5,dense,Q4_K_M,0.315,128,256,8192,1,0.0671744,cpu,0.39678518880298685,51.32061127684874,16.0,cpu_older,vllm,6.300638407249894,11.456617541300615,1.363884025888196,4.329790558375225,12.2556230186785,5.880454366084194,1.0,synthetic
8.0,dense,fp16,16.0,128,256,512,1,0.0671744,gpu,162.19148300898235,993.0914715915595,40.0,datacenter_low,transformers,0.2818537993869506,26.96491185961323,38.2997541287546,2.3937346330471625,31.665164027859834,0.41994941084352794,1.0,synthetic
1.5,dense,Q8_0,1.59,128,256,16384,1,0.40304639999999997,cpu,0.8597578538473756,86.49633441367341,16.0,cpu_modern,mlx,6.978709148337854,30.72263371637072,5.476861616714864,3.44456705453765,41.984482235596936,8.087222394712823,1.0,synthetic
7.0,dense,Q3_K_M,3.4299999999999997,128,256,16384,1,1.8808832,gpu,39.83366055099232,443.77786883038254,12.0,consumer_high,transformers,0.8173524372234137,17.599170444270854,8.923399437746463,2.60157418010101,14.861198541221517,1.4029781573172238,1.0,synthetic
7.0,dense,fp16,14.0,128,256,512,1,0.0587776,apple,2.992435092067293,59.10986231633274,16.0,apple_base,mlx,11.696160124836863,365.90998130963845,61.49748222676191,4.392677301911565,245.80442233527353,13.855342692750085,1.0,synthetic
7.0,dense,Q4_K_M,4.41,128,256,2048,1,0.2351104,gpu,8.48797728909365,197.31320894490807,6.0,consumer_low,vllm,5.497972611994317,42.80329389952493,16.75827185161839,3.8000616443579114,38.22686268343961,2.6570476763482906,1.0,synthetic
7.0,dense,Q5_K_M,5.109999999999999,128,256,512,1,0.0587776,gpu,140.62481604191862,952.6451092541665,40.0,datacenter_low,transformers,0.28444481653989484,9.042852631740057,10.827356592590315,2.1188564760450714,9.924510733727486,0.3283896686610359,1.0,synthetic
3.0,dense,Q6_K,2.46,128,256,2048,1,0.10076159999999999,apple,7.953216673418789,132.22185802881785,32.0,apple_pro,vllm,1.6764705251770586,27.66736840398615,9.481989319267718,3.854467202954357,27.64246142766209,1.1843348380015553,1.0,synthetic
1.0,dense,Q5_K_M,0.73,128,256,512,1,0.0083968,cpu,1.060739491163231,78.17430566753849,16.0,cpu_modern,transformers,3.7709541629429757,12.594023806923143,2.227872979348106,3.051880793627542,10.116246879966386,3.8138002501393355,1.0,synthetic
0.5,dense,Q3_K_M,0.245,128,256,16384,1,0.1343488,gpu,601.972652846187,2183.9338728662656,80.0,datacenter,mlx,0.0033224100638854603,0.23159968636604084,0.9071425234722452,3.7026225447846746,0.18029698158863186,0.003053719496168202,1.0,synthetic
7.0,moe,Q6_K,5.739999999999999,128,256,8192,1,0.9404416,cpu,1.0568394907411798,83.72551754747327,16.0,cpu_modern,ollama,26.494089448117723,106.38638885231325,13.280658210558371,2.313703521003201,94.03922103617344,23.183172031400545,1.0,synthetic
3.0,dense,Q6_K,2.46,128,256,512,1,0.025190399999999998,apple,3.122787224589273,72.21210482033278,16.0,apple_base,mlx,4.803401231402464,52.94638420617396,10.152866633547763,4.127181558352749,53.741599974417575,3.95603880770355,1.0,synthetic
70.0,dense,Q4_K_M,44.1,128,256,2048,1,2.351104,cpu,0.16669361056857385,40.86628145816557,8.0,cpu_low,ollama,2799.5474156142946,2066.656170166354,196.0013625486636,4.444475341239537,1787.9435522102451,3881.263563717911,1.0,synthetic
3.8,dense,fp16,7.6,128,256,4096,1,0.25526271999999994,gpu,611.8241177407817,2796.1124920453954,80.0,datacenter,mlx,0.024843741132872358,3.7458019505520754,25.512856887017243,3.3569548535549005,5.206897815042621,0.026361002403190555,1.0,synthetic
13.0,dense,Q3_K_M,6.37,128,256,16384,1,3.4930687999999996,gpu,67.79976505633223,705.5445587965837,24.0,consumer_flagship,mlx,0.8521825662636505,19.970529302567577,13.893328325059674,2.1810562519716914,18.208294786495998,0.9061144316838782,1.0,synthetic
3.0,dense,fp32,12.0,128,256,2048,1,0.10076159999999999,apple,7.393047761624351,134.67951060509347,32.0,apple_pro,transformers,1.803496171436044,128.35510173780295,59.131149209488726,4.927595767457394,118.47640515309381,2.048231796029173,1.0,synthetic
3.8,moe,Q6_K,3.1159999999999997,128,256,512,1,0.03190783999999999,gpu,23.7767184382833,316.6223811473134,8.0,consumer_mid,llama.cpp,0.7991010218385635,15.295618461691403,10.889133557403943,3.4945871493594174,17.854187049074635,1.1213456366180246,1.0,synthetic
70.0,dense,Q5_K_M,51.1,128,256,512,1,0.587776,apple,3.049827195843868,72.47171627675418,16.0,apple_base,llama.cpp,114.7606003635092,1097.2508927613444,132.78985772743795,2.5986273527874353,1107.72541006819,118.96836537492567,1.0,synthetic
1.0,dense,Q4_0,0.59,128,256,2048,1,0.0335872,cpu,0.421627389091755,39.22467852121887,16.0,cpu_older,vllm,11.858812139246234,24.45819721780378,2.467089253486365,4.181507209298924,32.12796869886277,11.471333715021801,1.0,synthetic
1.5,dense,Q6_K,1.23,128,256,4096,1,0.10076159999999999,gpu,48.27653803619974,488.8240001672113,12.0,consumer_high,transformers,0.14451624888294723,4.003490729325375,6.104426890186053,4.962948691208173,2.946815946086427,0.09313774125481776,1.0,synthetic
30.0,dense,fp16,60.0,128,256,512,1,0.25190399999999996,apple,2.5860982722712342,75.48744252089794,16.0,apple_base,llama.cpp,58.002436182853515,1227.9557212103875,250.54637887472458,4.17577298124541,831.0203931617559,105.74242070907006,1.0,synthetic
0.5,dense,fp16,1.0,128,256,4096,1,0.0335872,apple,2.988002047282232,75.61783405686587,16.0,apple_base,vllm,0.8366794802814479,21.02855991154608,2.8304833917051546,2.8304833917051546,20.140338300041563,1.0906608104669828,1.0,synthetic
30.0,dense,Q4_K_M,18.9,128,256,8192,1,4.030463999999999,gpu,154.15576478670127,1011.3381033165065,40.0,datacenter_low,transformers,1.1120477503113153,37.788984588509614,73.60946447924591,3.894680660277562,43.17374778448074,0.7634258066898996,1.0,synthetic
1.0,dense,Q6_K,0.82,128,256,8192,1,0.1343488,gpu,748.9537347072089,2223.6757638454446,80.0,datacenter,ollama,0.005340783835684769,0.5722349846841739,2.082020447820795,2.539049326610726,0.6474601621054872,0.005775209643513542,1.0,synthetic
30.0,dense,Q4_K_M,18.9,128,256,16384,1,8.060927999999999,apple,7.370103979817306,171.21277923187378,32.0,apple_pro,transformers,18.091106136149588,224.95757385264838,65.71215446060357,3.4768335693441044,243.925257262272,16.57629147560393,1.0,synthetic
30.0,dense,fp32,120.0,128,256,512,1,0.25190399999999996,gpu,60.071005950861945,777.8574792672274,24.0,consumer_flagship,llama.cpp,2.21959548076155,220.84821302682056,369.3240129839157,3.077700108199297,267.8428222522941,0.9443694500885593,1.0,synthetic
1.5,dense,Q8_0,1.59,128,256,4096,1,0.10076159999999999,gpu,9.250967298874304,179.81143235510135,6.0,consumer_low,transformers,1.080968041170877,17.09631006069223,4.411296473984379,2.774400298103383,18.773244066565212,1.0531688176390588,1.0,synthetic
7.0,dense,bf16,14.0,128,256,2048,1,0.2351104,gpu,157.05314990435812,852.8013173406675,40.0,datacenter_low,vllm,0.2546908484443586,27.82029473639114,68.73248389329888,4.909463135235634,24.750371042482648,0.282591280478666,1.0,synthetic
13.0,dense,Q4_0,7.67,128,256,4096,1,0.8732671999999999,gpu,8.875231761735826,184.16302780078783,6.0,consumer_low,ollama,9.765003212684139,84.3449050355081,34.412606248958845,4.4866500976478285,49.955121073644996,10.538730195047506,1.0,synthetic
0.5,moe,Q5_K_M,0.365,128,256,512,1,0.0041984,apple,14.688993856478126,369.84571271051556,64.0,apple_max,vllm,0.1361563643869292,1.3309997018098112,0.9129108891515401,2.5011257237028497,1.9369610252634926,0.17571625139801803,1.0,synthetic
30.0,dense,Q5_K_M,21.9,128,256,16384,1,8.060927999999999,gpu,40.51285941989229,430.5007140400314,12.0,consumer_high,vllm,3.444212176551946,102.34637666872034,74.98324853676277,3.423892627249442,126.48613059563931,4.970127365927515,1.0,synthetic
3.0,moe,fp16,6.0,128,256,8192,1,0.40304639999999997,gpu,71.71132375489935,764.190732119511,24.0,consumer_flagship,ollama,0.18593065411684573,11.969798583512029,15.705141780661828,2.6175236301103046,15.486327783203004,0.19973880231461175,1.0,synthetic
30.0,dense,Q4_K_M,18.9,128,256,4096,1,2.0152319999999997,cpu,0.13253638287289773,35.74751552467572,8.0,cpu_low,ollama,1509.0196040116757,1063.785664187064,90.90554275312432,4.809817076884885,1076.7316542886056,1227.7670778204636,1.0,synthetic
2.0,dense,Q5_K_M,1.46,128,256,16384,1,0.5373952,cpu,0.8618030622005529,68.09341241879102,16.0,cpu_modern,vllm,9.282863279195794,39.110884671496756,4.304763739798167,2.9484683149302513,46.97242972046702,9.060778723593154,1.0,synthetic
3.0,dense,Q6_K,2.46,128,256,2048,1,0.10076159999999999,gpu,65.14107876942364,603.7303004005823,24.0,consumer_flagship,transformers,0.20468395036147027,6.059379253808491,11.325237013557762,4.603754883560066,6.274181321888041,0.23444653155934836,1.0,synthetic
13.0,dense,fp16,26.0,128,256,16384,1,3.4930687999999996,cpu,0.9864219566901576,77.15933249846591,16.0,cpu_modern,mlx,52.71577710463878,509.64789948273824,62.89279787099241,2.418953764268939,859.0385255768625,50.55378899743676,1.0,synthetic
3.8,dense,Q6_K,3.1159999999999997,128,256,2048,1,0.12763135999999997,apple,23.19278607796869,753.9031859818857,128.0,apple_ultra,llama.cpp,0.5957965451726386,5.3780634906315665,12.527246386721325,4.020297299974752,4.253369047014837,0.7228340669168676,1.0,synthetic
2.0,dense,bf16,4.0,128,256,16384,1,0.5373952,gpu,28.52434034580453,307.3595751578889,8.0,consumer_mid,llama.cpp,0.35057778300106557,22.711535817337396,18.417707052530062,4.6044267631325155,19.432185563207266,0.6225301171492652,1.0,synthetic
1.0,dense,bf16,2.0,128,256,8192,1,0.1343488,apple,7.225159494673726,158.66816785017738,32.0,apple_pro,vllm,0.6151344406612503,19.216644117078374,7.707083441207283,3.8535417206036415,19.068826393978394,1.1219943234681344,1.0,synthetic
30.0,dense,Q4_K_M,18.9,128,256,16384,1,8.060927999999999,apple,29.988130374277617,816.946339193319,128.0,apple_ultra,mlx,3.637802948345257,41.25259932406049,50.02878114095056,2.6470254571931515,54.38539306387924,5.193921530812723,1.0,synthetic
3.8,dense,bf16,7.6,128,256,8192,1,0.5105254399999999,apple,8.381325128558377,145.22389825443713,32.0,apple_pro,ollama,2.0150618941319904,79.78345887662263,30.19887294494922,3.973535913809108,65.7861362022804,2.2025998387077017,1.0,synthetic
3.0,dense,Q8_0,3.18,128,256,16384,1,0.8060927999999999,apple,9.198592941849599,129.669541748725,32.0,apple_pro,ollama,1.4494970499969035,43.91484853666707,14.666987916217451,4.612260351011777,43.216307467950195,1.5997467848967595,1.0,synthetic
3.0,dense,Q4_K_M,1.8900000000000001,128,256,8192,1,0.40304639999999997,cpu,1.084715645217482,78.34405465313282,16.0,cpu_modern,ollama,11.062807154029791,39.02523571873544,6.071475623761358,3.212420964953099,44.939145554807254,12.308055468922568,1.0,synthetic
1.0,dense,fp16,2.0,128,256,16384,1,0.2686976,gpu,23.70274871172429,367.5973054841764,8.0,consumer_mid,mlx,0.21094599874515008,9.494911817709838,8.786881893151808,4.393440946575904,11.024345720022431,0.2603310247399253,1.0,synthetic
30.0,moe,Q4_0,17.7,128,256,512,1,0.25190399999999996,gpu,147.10124916658197,985.8152383672558,40.0,datacenter_low,vllm,1.1653780807424718,30.35035251590791,35.70578487245025,2.0172759814943646,31.278567611490015,0.8559385158104921,1.0,synthetic
70.0,dense,int8,70.0,128,256,4096,1,4.702208,apple,2.842127246910243,65.2758153113765,16.0,apple_base,mlx,123.14719560163776,1760.628699893451,221.5972012667726,3.1656743038110373,2622.943674391236,95.51582567156763,1.0,synthetic
0.5,moe,Q4_K_M,0.315,128,256,512,1,0.0041984,cpu,0.14769121301801386,35.376508387672246,8.0,cpu_low,transformers,22.569611727183577,16.40525743560852,0.6991701479611793,2.219587771305331,11.8735771985965,18.846216898860952,1.0,synthetic
13.0,dense,bf16,26.0,128,256,512,1,0.10915839999999999,cpu,1.0310345780144132,80.67562287870757,16.0,cpu_modern,llama.cpp,50.43477794909908,431.5084279217616,81.62329085397992,3.1393573405376896,363.3074537192488,99.12797750506438,1.0,synthetic
13.0,dense,Q4_0,7.67,128,256,16384,1,3.4930687999999996,gpu,166.3500142307321,905.1520819867787,40.0,datacenter_low,llama.cpp,0.4465627167466179,20.554683612757163,23.19211251367786,3.0237434828784693,18.348131784622165,0.44389996585394825,1.0,synthetic
7.0,dense,Q5_K_M,5.109999999999999,128,256,4096,1,0.4702208,gpu,24.101467140893927,339.3763919941745,8.0,consumer_mid,mlx,1.4521937521643276,25.296264794607282,19.539185072523505,3.8237152783803343,32.66484281532127,3.019227691927064,1.0,synthetic
70.0,dense,Q6_K,57.4,128,256,512,1,0.587776,apple,8.635719827701108,164.0843582422242,32.0,apple_pro,transformers,36.02607742242272,504.8603101930692,274.435348613924,4.78110363438892,473.95404026676226,40.52294707002192,1.0,synthetic
7.0,moe,Q8_0,7.42,128,256,4096,1,0.4702208,apple,6.944641736694946,169.54962120624813,32.0,apple_pro,mlx,4.47987272643921,66.48050240282473,25.65550535948761,3.4576152775589772,55.05967298807097,4.118100913158969,1.0,synthetic
1.0,dense,Q3_K_M,0.49,128,256,2048,1,0.0335872,gpu,41.71648366422686,467.7309352942884,12.0,consumer_high,transformers,0.11149460314379724,1.6462053680202464,1.7725670767126243,3.6174838300257637,2.098448045137849,0.09264196305022053,1.0,synthetic
70.0,dense,Q5_K_M,51.1,128,256,2048,1,2.351104,apple,7.547138477974409,154.9650202489913,32.0,apple_pro,mlx,41.22239336392974,492.7481045548861,165.5970772638364,3.240647304576055,384.7489582896157,54.66441740858426,1.0,synthetic
3.0,dense,Q4_0,1.77,128,256,8192,1,0.40304639999999997,cpu,0.8865658280010842,69.45368101327902,16.0,cpu_modern,transformers,13.535373935014023,41.71694225171507,6.32861756727209,3.5754901510011807,32.74032284353706,15.968495351841147,1.0,synthetic
70.0,dense,Q4_0,41.3,128,256,512,1,0.587776,apple,8.501711028133839,132.30946153926348,32.0,apple_pro,vllm,36.59394092337214,452.2706033554697,201.9066398419361,4.888780625712739,303.69753252351455,41.763598028494556,1.0,synthetic
3.8,dense,Q8_0,4.028,128,256,2048,1,0.12763135999999997,cpu,0.39802547760639095,49.130899421964635,16.0,cpu_older,llama.cpp,47.73563771409925,130.1274572744014,15.707001222678164,3.899454126782067,112.59233008501248,48.65646846159164,1.0,synthetic
8.0,dense,int8,8.0,128,256,2048,1,0.2686976,apple,30.65636707187392,824.3868368351194,128.0,apple_ultra,llama.cpp,0.9489353067408604,12.537648029025013,21.47391452677438,2.6842393158467974,12.691734790486693,0.9605616195051635,1.0,synthetic
1.0,dense,Q4_0,0.59,128,256,16384,1,0.2686976,gpu,22.840336299311698,361.6530038293541,8.0,consumer_mid,mlx,0.21891096236401197,3.6528750398339813,2.77304092841448,4.700069370194034,4.868906976439374,0.2000153026338751,1.0,synthetic
30.0,dense,bf16,60.0,128,256,16384,1,8.060927999999999,gpu,43.02118862058669,460.5305838461723,12.0,consumer_high,vllm,3.2433990829848747,217.3354029261001,268.07057733246216,4.467842955541036,181.60608612086097,4.242272924260226,1.0,synthetic
30.0,dense,bf16,60.0,128,256,8192,1,4.030463999999999,cpu,0.14656822141419432,40.33017483983774,8.0,cpu_low,ollama,1364.5522751811948,2886.648171421957,201.31818217270123,3.355303036211687,3064.7481372165958,1079.2011378206369,1.0,synthetic
2.0,dense,Q4_K_M,1.26,128,256,16384,1,0.5373952,apple,8.207860311621138,135.06063934851883,32.0,apple_pro,transformers,1.082972729970016,19.011515427122756,3.3392764443431324,2.650219400272327,22.27553722523799,1.2261136301365525,1.0,synthetic
8.0,dense,int8,8.0,128,256,16384,1,2.1495808,apple,23.72528789971331,685.6732606511207,128.0,apple_ultra,llama.cpp,1.2261562099425827,18.50294699833029,29.12073790513768,3.64009223814221,25.13034615446091,1.9955170953009511,1.0,synthetic
8.0,moe,int8,8.0,128,256,4096,1,0.5373952,apple,24.828771478539398,773.8174390173235,128.0,apple_ultra,mlx,1.1716612364833936,13.791035794634103,39.7068524851573,4.963356560644662,13.489994856104008,2.5404351958423548,1.0,synthetic
3.0,dense,Q5_K_M,2.19,128,256,16384,1,0.8060927999999999,gpu,133.63978886505296,952.6890295928503,40.0,datacenter_low,mlx,0.1282765955292528,5.241466884670712,9.094617320374217,4.1527932969745285,3.660854872739588,0.07225900150569912,1.0,synthetic
2.0,dense,Q3_K_M,0.98,128,256,2048,1,0.0671744,cpu,0.15865962680959664,44.059269047449206,8.0,cpu_low,transformers,84.03734208535812,43.213459862327944,2.766032359685829,2.8224819996794177,49.81906725734081,136.97250820224932,1.0,synthetic
3.8,moe,Q4_0,2.242,128,256,512,1,0.03190783999999999,gpu,131.0738716045044,788.1277273910362,40.0,datacenter_low,mlx,0.1656644871207077,4.8086703059485645,6.87170515302561,3.064988917495812,3.6518203946320407,0.13383062309954366,1.0,synthetic
1.0,moe,bf16,2.0,128,256,4096,1,0.0671744,gpu,21.7706788205957,352.0012780453684,8.0,consumer_mid,vllm,0.22966670176907175,9.03482034313072,9.28047452536875,4.640237262684375,9.578610284855397,0.14400678857188304,1.0,synthetic
7.0,moe,fp16,14.0,128,256,2048,1,0.2351104,cpu,0.15678948160712372,38.77967370107138,8.0,cpu_low,vllm,297.63901371650667,667.411982591691,56.11845211832399,4.008460865594571,497.8290306235813,205.58117301723348,1.0,synthetic
7.0,dense,fp32,28.0,128,256,8192,1,0.9404416,cpu,0.4592967233465401,47.18482906296661,16.0,cpu_older,mlx,76.20346111982262,943.6032129792569,95.07727143183233,3.3956168368511546,1433.4635378663452,86.41079291368469,1.0,synthetic
1.0,dense,Q6_K,0.82,128,256,2048,1,0.0335872,gpu,56.42277568071531,713.0823313343611,24.0,consumer_flagship,ollama,0.078770397075015,1.710055392106623,2.95813610380378,3.607483053419244,1.3348950384472384,0.09514112637926973,1.0,synthetic
70.0,dense,Q6_K,57.4,128,256,2048,1,2.351104,cpu,0.8790029348940158,75.65654637138857,16.0,cpu_modern,llama.cpp,318.54273618979494,1053.0237301024247,229.29779895669895,3.9947351734616543,876.1510976308809,461.54732657062186,1.0,synthetic
1.5,dense,Q4_K_M,0.9450000000000001,128,256,8192,1,0.20152319999999999,gpu,163.2952482355378,1015.3380112594522,40.0,datacenter_low,mlx,0.052490373504715235,1.882005774244287,2.3220993977917335,2.457248039991252,1.6468441728047036,0.034414795825186306,1.0,synthetic
0.5,dense,Q8_0,0.53,128,256,2048,1,0.0167936,cpu,1.1477450506475124,86.63810230097576,16.0,cpu_modern,llama.cpp,1.7425472659382666,8.41498271511797,1.8883231838625472,3.5628739318161267,11.396293814817946,1.818229204217715,1.0,synthetic
30.0,dense,Q4_0,17.7,128,256,8192,1,4.030463999999999,apple,15.556135596012417,350.694931853922,64.0,apple_max,ollama,7.713998072295037,82.61867899496413,79.26419116640925,4.478202890757585,72.4117415256824,8.598085700494075,1.0,synthetic
3.0,dense,fp16,6.0,128,256,512,1,0.025190399999999998,gpu,9.761475836710042,212.52468186457855,6.0,consumer_low,llama.cpp,2.048870512467579,51.54644411299074,13.577569441749095,2.2629282402915156,42.350738695441024,1.37426464677526,1.0,synthetic
30.0,dense,Q4_K_M,18.9,128,256,512,1,0.25190399999999996,apple,30.539358366551607,812.9125377709702,128.0,apple_ultra,ollama,3.5721414897305594,29.44951503103131,63.15638404662418,3.341607621514507,23.823030183971568,2.2097060192246984,1.0,synthetic
30.0,dense,Q4_0,17.7,128,256,512,1,0.25190399999999996,gpu,154.5267450012278,904.2334454780544,40.0,datacenter_low,mlx,1.1093780007286724,33.08862346291763,88.08359058711791,4.9764740444699385,33.03844202692767,1.4266752409163925,1.0,synthetic
1.5,dense,Q8_0,1.59,128,256,8192,1,0.20152319999999999,apple,16.58141230985293,365.0212617228803,64.0,apple_max,ollama,0.3618509622630099,6.543995790068443,7.367937508522982,4.633922961335209,5.864405743168032,0.5134349002338096,1.0,synthetic
30.0,dense,Q5_K_M,21.9,128,256,2048,1,1.0076159999999998,gpu,9.993753063290114,218.35552400705726,6.0,consumer_low,ollama,20.0125016831421,190.74493809345884,49.11639689646726,2.2427578491537563,161.40464252847173,26.949638062133403,1.0,synthetic
1.0,dense,Q4_0,0.59,128,256,16384,1,0.2686976,gpu,43.690232413329674,451.0286772479763,12.0,consumer_high,mlx,0.10645772599000015,2.7998011034252035,2.9068300555220494,4.926830602579745,2.1606398422143545,0.1578536790464937,1.0,synthetic
13.0,dense,fp32,52.0,128,256,8192,1,1.7465343999999998,gpu,729.6041362425196,2741.86042272577,80.0,datacenter,vllm,0.07127152577259412,26.13628515612956,198.5754582891525,3.8187588132529324,25.973267734128417,0.09108806441552739,1.0,synthetic
3.8,dense,Q8_0,4.028,128,256,512,1,0.03190783999999999,gpu,70.1637911176084,631.7161117246866,24.0,consumer_flagship,transformers,0.24070661832653498,9.181130946656673,9.824783321288619,2.4391219764867476,4.882809324368458,0.24536965678471262,1.0,synthetic
2.0,dense,fp16,4.0,128,256,16384,1,0.5373952,gpu,43.21171470093567,435.225846407824,12.0,consumer_high,transformers,0.21527323425547662,15.331442411045296,19.589865933838638,4.8974664834596595,15.550118519388356,0.2523497203447225,1.0,synthetic
13.0,moe,Q6_K,10.66,128,256,2048,1,0.43663359999999996,gpu,44.08872135745678,471.7724199627889,12.0,consumer_high,vllm,1.3714418204338157,34.589938141819616,24.699156602690568,2.3169940527852315,16.801951381485633,1.4975694157315498,1.0,synthetic
70.0,dense,bf16,140.0,128,256,2048,1,2.351104,gpu,156.33718416105927,823.3303092775918,40.0,datacenter_low,ollama,2.558572371291517,288.1611879540424,343.8504383140322,2.4560745593859443,422.5077171419672,3.6879767114146884,1.0,synthetic
0.5,dense,Q8_0,0.53,128,256,2048,1,0.0167936,gpu,130.26073321998007,975.8056282384787,40.0,datacenter_low,ollama,0.0219340302063079,0.9339182315557901,2.64183744429993,4.984598951509302,0.7862086373615504,0.021525585150182533,1.0,synthetic
3.8,moe,Q8_0,4.028,128,256,16384,1,1.0210508799999998,cpu,0.346933667319564,47.63297558959047,16.0,cpu_older,vllm,54.76551222830419,163.07548475541645,16.42007765303189,4.0764840250823955,139.89085681432826,50.01483947981477,1.0,synthetic
8.0,dense,Q8_0,8.48,128,256,512,1,0.0671744,gpu,608.0812776073132,2507.0665961123423,80.0,datacenter,llama.cpp,0.052624544083833755,4.545644120904184,32.83191007525928,3.8716875088749148,3.0974982878317157,0.06919393423739449,1.0,synthetic
0.5,dense,Q6_K,0.41,128,256,4096,1,0.0335872,apple,27.21903585768438,782.2600121336891,128.0,apple_ultra,ollama,0.06679817123899028,0.7088231424326443,1.2723440015790661,3.1032780526318686,0.5036524134584278,0.06244249685637058,1.0,synthetic
7.0,moe,Q4_K_M,4.41,128,256,8192,1,0.9404416,gpu,63.325530174314075,768.7829580690435,24.0,consumer_flagship,transformers,0.4912886007503228,9.942322367808716,8.965943628391004,2.033093793285942,12.38469590841244,0.617507526397077,1.0,synthetic
8.0,dense,Q6_K,6.56,128,256,16384,1,2.1495808,gpu,146.22692991808924,894.9629209415373,40.0,datacenter_low,transformers,0.3126256274401242,16.21963062417001,23.654903386987,3.6059303943577747,14.149243552915301,0.35161878719701933,1.0,synthetic
7.0,moe,fp16,14.0,128,256,8192,1,0.9404416,apple,13.718408424077568,341.4544929572672,64.0,apple_max,mlx,2.0410530970091547,58.340391504214445,51.0142985368951,3.643878466921078,45.50253855828712,2.0221963031398604,1.0,synthetic
13.0,dense,Q8_0,13.780000000000001,128,256,4096,1,0.8732671999999999,cpu,0.1479469800551982,42.366993593160366,8.0,cpu_low,ollama,585.7954426263503,628.8457532729221,33.76301179844931,2.4501459940819528,624.5677849497166,442.7433544764765,1.0,synthetic
3.0,dense,Q8_0,3.18,128,256,8192,1,0.40304639999999997,apple,7.579222224536144,160.68106848245097,32.0,apple_pro,mlx,1.7591954607386313,31.855885466960007,10.123303697558137,3.183428835710106,17.91337973024246,1.5393693998045423,1.0,synthetic
8.0,dense,Q6_K,6.56,128,256,8192,1,1.0747904,cpu,0.14817510457826938,41.68339058500289,8.0,cpu_low,ollama,359.9345077914993,333.02082426815446,26.66249101578315,4.064404118259627,281.72652719637415,491.7121568917815,1.0,synthetic
30.0,dense,Q5_K_M,21.9,128,256,4096,1,2.0152319999999997,gpu,44.15764217474779,463.20059330690765,12.0,consumer_high,ollama,3.1599260478795523,75.92705910077886,85.66413702630402,3.911604430424841,74.26854167275313,4.165988180293155,1.0,synthetic
7.0,moe,Q6_K,5.739999999999999,128,256,16384,1,1.8808832,apple,8.382449413293878,167.7802983317941,32.0,apple_pro,llama.cpp,3.7114582596551595,64.888286099423,12.62774813845508,2.19995612168207,89.84648019567119,5.929134326486483,1.0,synthetic
30.0,dense,Q4_K_M,18.9,128,256,512,1,0.25190399999999996,cpu,0.15082836098753416,34.36994688941232,8.0,cpu_low,llama.cpp,1326.0105638655705,1013.1422009002422,76.36891508111363,4.04068333762506,1035.8457738095917,2222.9017570671413,1.0,synthetic
70.0,moe,Q6_K,57.4,128,256,4096,1,4.702208,apple,23.287550494879312,700.3500838509927,128.0,apple_ultra,vllm,10.930537954235522,110.84136603961078,127.07040852117753,2.2137701832957757,101.1667005258874,11.553224908745904,1.0,synthetic
30.0,dense,bf16,60.0,128,256,8192,1,4.030463999999999,cpu,0.3414530170281865,51.16276887704297,16.0,cpu_older,transformers,439.2990910009083,1925.3923959937877,173.37640463177794,2.8896067438629656,1575.3958999503825,648.6049847446607,1.0,synthetic
1.0,dense,Q3_K_M,0.49,128,256,2048,1,0.0335872,apple,25.78259616094138,865.9168474834836,128.0,apple_ultra,mlx,0.1410394676185652,0.7558277701860784,1.235940722941104,2.522328006002253,0.5817761707044143,0.16567625104686118,1.0,synthetic
70.0,dense,Q8_0,74.2,128,256,2048,1,2.351104,gpu,39.57834127113086,524.0454079552007,12.0,consumer_high,ollama,8.226251654116743,214.8194626500767,153.0623483254812,2.0628348830927385,176.68523862010224,10.710325094156353,1.0,synthetic
8.0,dense,Q4_0,4.72,128,256,8192,1,1.0747904,cpu,0.13119772503643923,43.78974760141475,8.0,cpu_low,mlx,406.5111138056729,240.60386557501303,18.285236134976376,3.873990706562792,308.6363710637306,323.9446741058001,1.0,synthetic
3.0,dense,Q4_K_M,1.8900000000000001,128,256,2048,1,0.10076159999999999,apple,26.043711081188455,729.3649429269333,128.0,apple_ultra,mlx,0.41887620681564913,3.4118064271280577,8.17217353621626,4.3239013419133645,3.6602695257740234,0.31731315985240865,1.0,synthetic
2.0,dense,fp16,4.0,128,256,2048,1,0.0671744,gpu,156.47569140935087,908.1815759772727,40.0,datacenter_low,ollama,0.07303736015246944,7.463952340924428,19.759643952306206,4.9399109880765515,6.354768784495549,0.09647878422345159,1.0,synthetic
8.0,dense,fp16,16.0,128,256,4096,1,0.5373952,apple,15.458467153363449,409.8907189848695,64.0,apple_max,transformers,2.0700629423686063,53.79448532349083,63.510973151912125,3.969435821994508,64.82045851786904,2.473434735161299,1.0,synthetic
13.0,dense,Q8_0,13.780000000000001,128,256,4096,1,0.8732671999999999,gpu,621.900106736902,2378.7006294958737,80.0,datacenter,llama.cpp,0.0836147147052973,8.213597523678585,45.725002273968656,3.3182149690833564,6.325497685717212,0.04635422958406138,1.0,synthetic
70.0,dense,bf16,140.0,128,256,4096,1,4.702208,apple,15.508228121225363,453.16910052936487,64.0,apple_max,mlx,18.05493173116131,425.7489690006595,362.9376057411736,2.5924114695798117,377.245856836621,16.345979815174402,1.0,synthetic
1.5,dense,int8,1.5,128,256,8192,1,0.20152319999999999,gpu,10.044697230565028,208.74864875931235,6.0,consumer_low,ollama,0.995550166467037,14.820112914941852,6.876164983635462,4.584109989090308,18.37706851523387,0.8357857362641837,1.0,synthetic
3.8,dense,Q4_K_M,2.3939999999999997,128,256,16384,1,1.0210508799999998,apple,3.3118629048212505,76.54610128624691,16.0,apple_base,llama.cpp,5.73695244822505,68.63738769819237,8.095594669422873,3.38161849182242,84.62485961169429,4.494410574375009,1.0,synthetic
1.0,dense,Q8_0,1.06,128,256,8192,1,0.1343488,cpu,1.1025995658670185,82.06442520180356,16.0,cpu_modern,vllm,3.6277902910787367,19.405059655882027,2.684223486913668,2.5322863084091205,22.902685083383055,5.158603405075086,1.0,synthetic
7.0,moe,Q3_K_M,3.4299999999999997,128,256,512,1,0.0587776,apple,27.364718043065203,916.320737485882,128.0,apple_ultra,llama.cpp,0.9301957876739816,4.759220021545339,14.330333273748689,4.177939729955886,4.648250239895621,0.9065327100658153,1.0,synthetic
1.0,dense,Q4_K_M,0.63,128,256,8192,1,0.1343488,apple,8.762684791656667,137.10801148398022,32.0,apple_pro,mlx,0.5072012231543686,7.963990180620762,2.644994919608214,4.198404634298752,10.853644487910737,0.5104482635071105,1.0,synthetic
13.0,dense,Q3_K_M,6.37,128,256,2048,1,0.43663359999999996,apple,27.342121364483965,821.6834457101054,128.0,apple_ultra,llama.cpp,1.728934146789801,10.354707818954617,23.5375702835358,3.6950659785770488,6.440764092932397,1.7700962758217336,1.0,synthetic
1.0,dense,Q4_0,0.59,128,256,2048,1,0.0335872,cpu,0.42266623624601085,50.0398593641209,16.0,cpu_older,transformers,11.829665043530408,19.172014775181353,1.4633267938695942,2.480214904863719,26.466766205271043,14.477051909434838,1.0,synthetic
2.0,dense,Q6_K,1.64,128,256,16384,1,0.5373952,gpu,44.481025904667156,426.39974297406394,12.0,consumer_high,transformers,0.2091301941041631,7.509506789033522,8.159704960638868,4.97542985404809,9.237612073465042,0.15837142503003368,1.0,synthetic
2.0,dense,Q4_0,1.18,128,256,4096,1,0.1343488,gpu,21.993835746904118,339.65690316543527,8.0,consumer_mid,llama.cpp,0.4546728508422008,5.953287149704104,4.325000720530093,3.6652548479068585,5.149052240095722,0.5424802463686967,1.0,synthetic
13.0,dense,fp16,26.0,128,256,16384,1,3.4930687999999996,apple,3.209764166426707,70.36610318530765,16.0,apple_base,llama.cpp,20.25070897104622,644.8268405670931,113.13575918986098,4.351375353456191,566.9785255557827,14.514131889995307,1.0,synthetic
1.5,dense,bf16,3.0,128,256,16384,1,0.40304639999999997,apple,3.048803862718815,57.906684116275414,16.0,apple_base,mlx,2.459981139394046,90.41194604559492,14.622661321074421,4.87422044035814,74.30303708908433,2.988100236784076,1.0,synthetic
0.5,moe,fp32,2.0,128,256,512,1,0.0041984,apple,2.881146676171876,64.4694049732968,16.0,apple_base,ollama,0.8677100755320453,47.82706083797871,9.259904570969203,4.629952285484602,42.693394642185766,0.678411812854255,1.0,synthetic
30.0,dense,Q8_0,31.8,128,256,2048,1,1.0076159999999998,apple,31.020308134780706,768.3942873216436,128.0,apple_ultra,mlx,3.5167577516289645,53.370412399791505,148.14307745636813,4.658587341395224,82.18702807546322,3.1194247698054673,1.0,synthetic
0.5,dense,Q4_K_M,0.315,128,256,16384,1,0.1343488,apple,8.223306402048282,145.1186564180023,32.0,apple_pro,transformers,0.270234637209761,4.423461965454256,0.6330412591060434,2.009654790812836,6.7341777638239355,0.21572812695388527,1.0,synthetic
8.0,dense,int8,8.0,128,256,8192,1,1.0747904,gpu,25.896920030948806,334.8267660963425,8.0,consumer_mid,transformers,1.5445852229607588,41.696833747104975,31.415812621725458,3.926976577715682,36.323345458142555,3.327479784224636,1.0,synthetic
0.5,dense,bf16,1.0,128,256,8192,1,0.0671744,apple,13.041841175173357,409.59805449137576,64.0,apple_max,vllm,0.153352580600907,3.473891500209652,3.8104629997893644,3.8104629997893644,5.532303830700701,0.27008159375074303,1.0,synthetic
3.8,moe,Q3_K_M,1.8619999999999999,128,256,2048,1,0.12763135999999997,gpu,9.476463430511178,218.29933998084616,6.0,consumer_low,transformers,2.6732898321295804,16.57133532311077,6.507256241123652,3.494767046790361,20.131075863947842,2.2658594745216836,1.0,synthetic
3.8,dense,Q5_K_M,2.774,128,256,2048,1,0.12763135999999997,gpu,39.29028676831347,433.7826393865969,12.0,consumer_high,transformers,0.44984193444230836,9.83696569141286,11.4373207389139,4.123042804222747,13.002255106621531,0.3702270961895379,1.0,synthetic
3.8,dense,int8,3.8,128,256,8192,1,0.5105254399999999,cpu,1.0865844894017218,77.19787906041466,16.0,cpu_modern,ollama,13.988787938956488,74.44980773157607,11.34139739114615,2.9845782608279348,55.96367939462492,13.199227556952149,1.0,synthetic
1.5,moe,fp16,3.0,128,256,512,1,0.012595199999999999,gpu,8.821852288669463,175.31602578077704,6.0,consumer_low,transformers,1.1335487914305384,31.243269369059618,12.62096802815271,4.20698934271757,35.22721255284768,0.75255185706786,1.0,synthetic
7.0,moe,int8,7.0,128,256,2048,1,0.2351104,apple,3.4485127602536543,76.83551195940858,16.0,apple_base,transformers,10.14930273809559,144.86711668952552,27.35972465887289,3.9085320941246984,112.14247706920324,17.70120607828151,1.0,synthetic
3.8,moe,int8,3.8,128,256,2048,1,0.12763135999999997,apple,16.285432281361043,354.2003429108065,64.0,apple_max,vllm,0.933349495266187,14.78497104293334,11.975695652036702,3.151498855799132,19.69694460075461,0.8519369820385847,1.0,synthetic
8.0,dense,Q8_0,8.48,128,256,8192,1,1.0747904,gpu,153.23425220522338,923.6977274327934,40.0,datacenter_low,ollama,0.2983294208468584,17.2401102587159,25.469967185594754,3.0035338662257964,15.256815256464645,0.21321756686065743,1.0,synthetic
13.0,dense,Q4_K_M,8.19,128,256,2048,1,0.43663359999999996,gpu,55.76083581637526,600.0802704171846,24.0,consumer_flagship,llama.cpp,1.0361713007323718,20.536856306151556,29.109195286487694,3.554236298716446,17.99829307880599,1.3059936594984425,1.0,synthetic
0.5,moe,Q8_0,0.53,128,256,8192,1,0.0671744,cpu,0.3758470688306528,50.94916980905709,16.0,cpu_older,mlx,6.651641604597526,18.032282951753338,2.4476410982705175,4.618190751453806,16.049128087801954,4.122471086559882,1.0,synthetic
70.0,dense,Q4_K_M,44.1,128,256,4096,1,4.702208,apple,8.82064056030034,135.87456380308248,32.0,apple_pro,mlx,35.27080703314794,513.1014816065108,152.0967817768925,3.4489066162560658,489.0407808028148,53.52803631623509,1.0,synthetic
7.0,dense,bf16,14.0,128,256,4096,1,0.4702208,cpu,0.8900439917247831,67.13705887696415,16.0,cpu_modern,transformers,31.45911916751423,287.3767194462744,46.34772950983754,3.3105521078455387,285.4067169806487,53.536538197167815,1.0,synthetic
0.5,dense,Q5_K_M,0.365,128,256,512,1,0.0041984,gpu,48.09836108680736,539.8269348486664,12.0,consumer_high,mlx,0.048350533007801545,1.0057646043201192,0.8782127200940656,2.4060622468330566,1.0990461564291867,0.034782644401453205,1.0,synthetic
13.0,dense,Q8_0,13.780000000000001,128,256,512,1,0.10915839999999999,gpu,48.393563661392115,523.543273440071,12.0,consumer_high,vllm,1.2494454159677477,39.013456914396805,38.37891296564235,2.7851170512077172,38.04874559867712,1.1753872415600404,1.0,synthetic
13.0,dense,Q8_0,13.780000000000001,128,256,16384,1,3.4930687999999996,apple,24.9505282724832,897.5010993250487,128.0,apple_ultra,mlx,1.89465837181741,24.057169418775548,58.953524168358626,4.2781947872538915,19.49899058179893,1.4364711082571517,1.0,synthetic
7.0,moe,Q6_K,5.739999999999999,128,256,4096,1,0.4702208,cpu,0.9849219527351619,83.17541123224737,16.0,cpu_modern,mlx,28.428648505846624,99.55219069346425,12.058826195156126,2.100840800549848,99.02181829215544,22.71973393511602,1.0,synthetic
1.5,dense,int8,1.5,128,256,16384,1,0.40304639999999997,apple,23.45749094798837,897.5449888026585,128.0,apple_ultra,mlx,0.23252893784078033,2.6503495977102753,4.849930211703179,3.2332868078021195,2.71856081156719,0.16562178142833836,1.0,synthetic
0.5,dense,fp32,2.0,128,256,2048,1,0.0167936,cpu,0.38168119915106113,50.397750166778174,16.0,cpu_older,transformers,6.549968941515912,61.565434455855936,9.62093477219855,4.810467386099275,62.60519509436407,7.646454475839916,1.0,synthetic
8.0,dense,bf16,16.0,128,256,16384,1,2.1495808,gpu,605.974154650065,2439.094989305621,80.0,datacenter,mlx,0.05280753272139008,9.921483653884236,79.10226034386784,4.94389127149174,12.37717647134573,0.04008089569065484,1.0,synthetic
3.8,dense,bf16,7.6,128,256,8192,1,0.5105254399999999,apple,2.780877056199823,71.14516187007112,16.0,apple_base,mlx,6.832376842277321,175.38411774143276,25.777660696494063,3.3917974600650087,188.73954768365894,4.548047736525809,1.0,synthetic
30.0,dense,Q6_K,24.599999999999998,128,256,16384,1,8.060927999999999,gpu,28.540039972236524,361.395363633129,8.0,consumer_mid,mlx,5.255773998421816,139.0377038413543,60.36201596063817,2.453740486204804,113.5950794757888,4.781469032236034,1.0,synthetic
30.0,dense,Q8_0,31.8,128,256,8192,1,4.030463999999999,apple,13.763926184780559,370.11599936083576,64.0,apple_max,ollama,8.7184425714728,129.0783216140406,113.53149294511456,3.5701727341230995,135.71561954628592,12.30532164171874,1.0,synthetic
1.0,dense,Q5_K_M,0.73,128,256,16384,1,0.2686976,apple,7.075445292486122,166.20628620072458,32.0,apple_pro,transformers,0.6281504924028303,8.583976513498666,3.0101588629331935,4.123505291689306,7.97261033463881,0.6575195052667301,1.0,synthetic
70.0,dense,fp32,280.0,128,256,16384,1,18.808832,apple,15.195921978041907,349.80704148961337,64.0,apple_max,vllm,18.42599615900896,1138.9472730549076,699.2506137371516,2.4973236204898273,871.1593555015536,7.670312496004108,1.0,synthetic
30.0,dense,Q3_K_M,14.7,128,256,2048,1,1.0076159999999998,apple,9.069675552800676,165.7488917166298,32.0,apple_pro,ollama,14.70100364198371,135.38221098295313,47.55886038387682,3.2352966247535253,121.02618363497407,26.867531582113777,1.0,synthetic
13.0,dense,Q3_K_M,6.37,128,256,8192,1,1.7465343999999998,cpu,0.1567938060217929,38.92337513556755,8.0,cpu_low,llama.cpp,552.7429231140724,379.1381199941796,28.150373125319565,4.4192108516985185,381.1141735380764,444.29650083801226,1.0,synthetic
0.5,dense,Q3_K_M,0.245,128,256,512,1,0.0041984,gpu,8.889947669511786,173.1173946532561,6.0,consumer_low,llama.cpp,0.3749553380122868,2.6172297758264467,0.6800863136427084,2.7758625046641163,2.2366857737799117,0.44923677311200483,1.0,synthetic
7.0,dense,bf16,14.0,128,256,8192,1,0.9404416,gpu,40.473535771335996,474.5322597307246,12.0,consumer_high,llama.cpp,0.8044303250110882,46.30083033664876,36.605013514329926,2.6146438224521376,47.742761975253075,1.3096797146240253,1.0,synthetic
30.0,dense,Q4_K_M,18.9,128,256,512,1,0.25190399999999996,apple,30.060423633031526,891.0996451883669,128.0,apple_ultra,llama.cpp,3.62905428155829,26.86554767389613,63.38527081506202,3.3537180325429645,24.550356096169665,4.230823843350675,1.0,synthetic
3.8,dense,Q4_K_M,2.3939999999999997,128,256,16384,1,1.0210508799999998,gpu,801.8478277895836,2704.0093572324927,80.0,datacenter,vllm,0.01895621522340608,1.6839443107525565,8.656956312896392,3.6161053938581427,2.0999557853988278,0.018518693822310812,1.0,synthetic
8.0,dense,Q4_0,4.72,128,256,4096,1,0.5373952,cpu,0.14990156286154305,33.85505702350038,8.0,cpu_low,mlx,355.78904125632624,282.3477850591444,14.82674730630708,3.1412600225226868,366.03786354446146,414.0410826810185,1.0,synthetic
70.0,dense,Q8_0,74.2,128,256,16384,1,18.808832,apple,29.23245599249515,911.4743969361946,128.0,apple_ultra,vllm,8.707631497360467,127.55272160227068,212.31690946962652,2.8614138742537265,131.21633646883745,5.655997187130528,1.0,synthetic
3.0,moe,Q4_0,1.77,128,256,4096,1,0.20152319999999999,gpu,9.790706931391366,204.65560195286946,6.0,consumer_low,llama.cpp,2.0427534130222176,17.51521874875987,5.6426032098376355,3.187911417987365,23.57310820461999,2.399647129053201,1.0,synthetic
3.0,dense,int8,3.0,128,256,8192,1,0.40304639999999997,gpu,28.113175513052823,353.4680310608446,8.0,consumer_mid,transformers,0.5335576549520549,14.8116817927978,13.139352153944289,4.379784051314763,16.719895942061754,0.4139147926009444,1.0,synthetic
3.0,dense,Q8_0,3.18,128,256,512,1,0.025190399999999998,gpu,661.5199521841806,2767.8844427490644,80.0,datacenter,mlx,0.018140042428620436,1.5439904693981628,15.742794849703218,4.950564418145666,1.4448182995608005,0.02097118662434662,1.0,synthetic
7.0,dense,Q6_K,5.739999999999999,128,256,2048,1,0.2351104,gpu,57.99387479695079,637.4232903645228,24.0,consumer_flagship,transformers,0.5364551208216023,13.391214486559782,19.062369264302966,3.320970255105047,10.546754811160161,0.6091488326701004,1.0,synthetic
1.0,dense,Q6_K,0.82,128,256,8192,1,0.1343488,apple,15.518841112814108,350.015690198726,64.0,apple_max,transformers,0.2577512051912916,3.6354515020289746,2.88280866299853,3.515620320729915,3.813752276147496,0.2770966161111284,1.0,synthetic
2.0,dense,Q4_0,1.18,128,256,4096,1,0.1343488,gpu,10.26124186119976,195.06565875650597,6.0,consumer_low,mlx,1.2993878824501637,12.250875454669885,5.482024264398439,4.645783274913931,9.393322064020749,1.4775501660969863,1.0,synthetic
1.0,dense,Q3_K_M,0.49,128,256,16384,1,0.2686976,cpu,0.14673703595642767,34.50892883461416,8.0,cpu_low,llama.cpp,45.43274724893773,39.97371777110987,1.755277444520334,3.582198866368029,40.30208905979511,41.93659087775537,1.0,synthetic
13.0,dense,int8,13.0,128,256,2048,1,0.43663359999999996,apple,8.52644869368598,167.56161238580108,32.0,apple_pro,ollama,6.776300409872105,114.55601664268437,33.3090658198057,2.5622358322927465,120.26047400144714,6.095077041209378,1.0,synthetic
8.0,moe,fp16,16.0,128,256,2048,1,0.2686976,gpu,49.835390217621715,547.8595270792483,12.0,consumer_high,ollama,0.7466441451164606,43.6691416532708,47.088805432819925,2.9430503395512453,68.62183315830202,0.8295009423387133,1.0,synthetic
7.0,dense,Q4_K_M,4.41,128,256,8192,1,0.9404416,cpu,0.14870255545197664,42.10525706162463,8.0,cpu_low,llama.cpp,313.8255864186384,231.04182981535462,15.358430677121467,3.4826373417508996,135.9293208248654,261.51477377768595,1.0,synthetic
3.8,dense,Q8_0,4.028,128,256,512,1,0.03190783999999999,gpu,27.461869393279137,332.6968449739416,8.0,consumer_mid,ollama,0.6918684131769248,18.773884260993455,18.03712072236446,4.477934638124245,21.518672846287096,0.5377702983302789,1.0,synthetic
13.0,moe,fp32,52.0,128,256,2048,1,0.43663359999999996,gpu,7.92172119201354,184.39244676535668,6.0,consumer_low,vllm,10.940383354319714,517.0457656516871,174.25475270924437,3.351052936716238,468.80732113652664,8.295703934577407,1.0,synthetic
0.5,moe,Q5_K_M,0.365,128,256,8192,1,0.0671744,cpu,0.16119718516334877,40.14122017783688,8.0,cpu_low,llama.cpp,20.67860756970109,19.5751806467877,1.6513850706278124,4.52434265925428,13.391902513823778,30.031763201183438,1.0,synthetic
0.5,dense,fp32,2.0,128,256,4096,1,0.0335872,gpu,24.784653755486232,400.3060184915912,8.0,consumer_mid,mlx,0.10086886928757721,7.815510004312891,8.057065372452604,4.028532686226302,6.235038514328378,0.11117762348556605,1.0,synthetic
3.0,dense,Q4_K_M,1.8900000000000001,128,256,16384,1,0.8060927999999999,gpu,42.638904208327936,527.9490795029146,12.0,consumer_high,mlx,0.32724781818777887,7.509895379823819,8.52602318012747,4.51112337572882,6.79172424875652,0.38298550440170775,1.0,synthetic
13.0,dense,Q4_K_M,8.19,128,256,4096,1,0.8732671999999999,cpu,0.14006742398044844,40.04599960387631,8.0,cpu_low,llama.cpp,618.7496293125529,411.49347748504096,23.881483326438687,2.915932030090194,424.70213496196624,1106.9673238356984,1.0,synthetic
1.5,dense,Q4_K_M,0.9450000000000001,128,256,4096,1,0.10076159999999999,gpu,41.120699081009796,429.9784031843639,12.0,consumer_high,llama.cpp,0.1696650188826309,3.576655698269912,4.550094160301449,4.814914455345448,4.625566518689797,0.1142971186587826,1.0,synthetic
3.0,dense,Q3_K_M,1.47,128,256,2048,1,0.10076159999999999,gpu,50.011260510551196,539.9097164802954,12.0,consumer_high,llama.cpp,0.27900693223177536,4.278388513676746,4.087865041866073,2.780860572698009,5.014114273381617,0.3892207178606752,1.0,synthetic
7.0,dense,Q5_K_M,5.109999999999999,128,256,16384,1,1.8808832,apple,8.977268073693992,157.68295403576252,32.0,apple_pro,transformers,3.465543287303152,63.33579974494233,17.0733614865525,3.3411666314192763,49.743143232521945,3.625202860053936,1.0,synthetic
1.0,dense,bf16,2.0,128,256,2048,1,0.0335872,apple,7.904859850884622,166.40536242852016,32.0,apple_pro,vllm,0.5622420293697014,17.458118711026966,9.860801971063957,4.930400985531978,10.141515145090267,0.7249907655303689,1.0,synthetic
0.5,dense,Q8_0,0.53,128,256,8192,1,0.0671744,gpu,7.948945601981052,195.35290569871665,6.0,consumer_low,llama.cpp,0.4193428286265531,5.558000954632175,2.4247632661106024,4.575025030397363,5.258118573559032,0.47589352041418936,1.0,synthetic
3.8,dense,Q8_0,4.028,128,256,16384,1,1.0210508799999998,gpu,23.441636728464232,393.13086697261105,8.0,consumer_mid,mlx,0.8105236089137525,19.75873999524071,8.273591217875893,2.0540196668013637,23.767011436355784,0.9748569231882733,1.0,synthetic
3.8,dense,int8,3.8,128,256,512,1,0.03190783999999999,apple,9.11074485697766,160.20019464316454,32.0,apple_pro,ollama,1.8537330541041517,34.170707902922196,10.809341661930201,2.84456359524479,42.67163745806994,1.5827674147392292,1.0,synthetic
7.0,dense,Q4_0,4.13,128,256,4096,1,0.4702208,cpu,0.16677392278047573,33.936926097545516,8.0,cpu_low,ollama,279.8199256132742,246.45832077250938,9.456062085721511,2.2896034105863223,270.1600938461057,485.7049673541806,1.0,synthetic
3.8,moe,Q3_K_M,1.8619999999999999,128,256,2048,1,0.12763135999999997,gpu,23.064203711941293,298.80242380911807,8.0,consumer_mid,llama.cpp,0.8237873822699074,10.24413150353942,7.0664249072872805,3.7950724528932764,6.394287363942656,0.7537285065928933,1.0,synthetic
1.5,dense,Q4_K_M,0.9450000000000001,128,256,16384,1,0.40304639999999997,gpu,140.87570134688778,845.9781601068859,40.0,datacenter_low,transformers,0.06084391055007111,2.655794328917585,4.419677582225915,4.676907494418957,3.3680053680157576,0.1016459557315624,1.0,synthetic
8.0,dense,Q4_0,4.72,128,256,2048,1,0.2686976,gpu,633.91933770103,2184.2268716431217,80.0,datacenter,llama.cpp,0.05047960851936006,3.045286589206836,9.930930976847003,2.10401080017945,3.6589315683843986,0.041544704713588544,1.0,synthetic
1.0,dense,Q4_0,0.59,128,256,8192,1,0.1343488,apple,3.0745261515751405,78.10692533030272,16.0,apple_base,mlx,1.6262668630866584,14.26740029156452,1.2926444094373568,2.190922727859927,14.51946663625636,2.3044697598639488,1.0,synthetic
30.0,moe,fp16,60.0,128,256,512,1,0.25190399999999996,cpu,1.0994120543157129,79.08046482840292,16.0,cpu_modern,mlx,109.14924893623203,1015.8750606021498,269.27162387701594,4.487860397950266,1085.4984165116032,132.32954473950593,1.0,synthetic
30.0,dense,Q4_0,17.7,128,256,2048,1,1.0076159999999998,gpu,10.023243030762123,204.3063411228993,6.0,consumer_low,llama.cpp,19.953621735618324,166.4845402535325,52.22986381170843,2.9508397633733576,84.6982025894956,24.453497759836537,1.0,synthetic
8.0,dense,fp16,16.0,128,256,2048,1,0.2686976,gpu,686.2651517803295,2705.409741797617,80.0,datacenter,mlx,0.04662920726338012,8.01786009153163,53.28224069020101,3.330140043137563,10.00537400524781,0.04996036380886146,1.0,synthetic
8.0,dense,fp32,32.0,128,256,8192,1,1.0747904,gpu,722.4888115309383,2598.480664818991,80.0,datacenter,llama.cpp,0.0442913433250166,16.9713483461326,86.7936129639814,2.712300405124419,25.572502756105806,0.05533621048243013,1.0,synthetic
30.0,dense,fp32,120.0,128,256,16384,1,8.060927999999999,gpu,150.55636998956058,793.1406967582539,40.0,datacenter_low,vllm,1.1386337983604287,269.10090589520473,474.8007334363701,3.9566727786364173,252.3808967949575,0.5537748630393745,1.0,synthetic
0.5,dense,Q5_K_M,0.365,128,256,4096,1,0.0335872,gpu,28.378982894396525,360.5683619875773,8.0,consumer_mid,ollama,0.0880933615310656,1.700679098806245,1.4243439143570826,3.9023120941289937,1.7193189494223182,0.14648345555460882,1.0,synthetic
1.0,dense,fp32,4.0,128,256,8192,1,0.1343488,apple,2.613838994520396,62.98958824917368,16.0,apple_base,transformers,1.9128951746767524,100.97758680726183,8.547784946028605,2.136946236507151,90.46847085460358,0.986386136120424,1.0,synthetic
0.5,dense,fp16,1.0,128,256,8192,1,0.0671744,gpu,624.4050604861967,2332.6107308434794,80.0,datacenter,ollama,0.0032030489926566067,0.6100028526772124,3.8323402132273046,3.8323402132273046,0.42918337182734756,0.0031241788935133853,1.0,synthetic
1.5,dense,Q5_K_M,1.095,128,256,4096,1,0.10076159999999999,cpu,0.14013074469821885,35.02455450361067,8.0,cpu_low,vllm,71.36192718832461,62.07393729378832,2.2151763472527053,2.022992097947676,58.9737513229943,71.50911835087435,1.0,synthetic
7.0,dense,fp16,14.0,128,256,16384,1,1.8808832,gpu,59.52184177748622,602.7114861251724,24.0,consumer_flagship,llama.cpp,0.5226839456247925,37.6415192380925,61.708598542352135,4.4077570387394385,34.84136767054356,0.4171016884437514,1.0,synthetic
1.0,dense,bf16,2.0,128,256,16384,1,0.2686976,gpu,45.97265668548556,501.9001588934624,12.0,consumer_high,vllm,0.10117237345054575,6.647377851713722,6.38209024742315,3.191045123711575,7.305008030997866,0.0958398714708998,1.0,synthetic
2.0,dense,fp32,8.0,128,256,512,1,0.0167936,apple,13.141917450580971,414.0479819341361,64.0,apple_max,transformers,0.608739176005579,25.815988966790027,28.177886529227415,3.522235816153427,23.83679853294842,0.4794224434006628,1.0,synthetic
13.0,dense,Q5_K_M,9.49,128,256,16384,1,3.4930687999999996,apple,16.68400136108329,399.2255896408142,64.0,apple_max,vllm,3.1167583168204467,43.36084371639253,30.213580872264995,3.1837282267929394,39.24322635117966,2.562349033423549,1.0,synthetic
8.0,dense,Q6_K,6.56,128,256,2048,1,0.2686976,gpu,8.788936082054844,194.66126451593274,6.0,consumer_low,transformers,6.068235430933302,63.78163549413089,25.083574613305046,3.823715642272111,68.18652514088075,7.068762056398291,1.0,synthetic
1.0,dense,fp32,4.0,128,256,8192,1,0.1343488,apple,14.142177230382519,438.85484610655527,64.0,apple_max,mlx,0.2828418803440358,12.561021293423801,16.239078961911282,4.059769740477821,13.024281032419108,0.23520468975276723,1.0,synthetic
2.0,dense,int8,2.0,128,256,512,1,0.0167936,cpu,0.3537385165679086,43.43182492110722,16.0,cpu_older,ollama,28.26946892021655,71.43976543125844,4.726150002911158,2.363075001455579,41.71666973633853,22.78349544347612,1.0,synthetic
30.0,dense,fp32,120.0,128,256,2048,1,1.0076159999999998,gpu,146.35265055843638,967.8180729082728,40.0,datacenter_low,ollama,1.1713390278512423,208.38561052487668,480.686152820249,4.005717940168742,236.83679680889287,1.1136635681818299,1.0,synthetic
13.0,dense,int8,13.0,128,256,512,1,0.10915839999999999,gpu,9.482408883015923,191.71519945027188,6.0,consumer_low,llama.cpp,9.139731025720327,124.32417212036368,50.80774580997215,3.9082881392286266,121.29740379074175,9.191561580659998,1.0,synthetic
2.0,dense,Q3_K_M,0.98,128,256,4096,1,0.1343488,gpu,28.09965210682177,361.820214176206,8.0,consumer_mid,mlx,0.3558762920617189,4.738217219660002,2.3144417442268495,2.361675249211071,5.212427048888603,0.4307647312953036,1.0,synthetic
3.8,moe,int8,3.8,128,256,4096,1,0.25526271999999994,apple,8.96588793748602,130.48997299600987,32.0,apple_pro,llama.cpp,1.8836827993663763,44.39599705733714,7.733455362332305,2.035119832192712,33.3553359204277,1.9460403301615388,1.0,synthetic
2.0,dense,Q5_K_M,1.46,128,256,4096,1,0.1343488,gpu,683.6271946268042,2346.280530740617,80.0,datacenter,transformers,0.011702284611961997,0.9060290839684798,3.1115771367131897,2.131217216926842,1.7697593846436785,0.010115700642516769,1.0,synthetic
1.5,dense,Q5_K_M,1.095,128,256,16384,1,0.40304639999999997,apple,2.660702965611371,69.19630488758867,16.0,apple_base,vllm,2.818803939009654,33.306500585180046,4.332778065624522,3.9568749457758194,45.703713413831615,2.173763952749603,1.0,synthetic
70.0,dense,Q5_K_M,51.1,128,256,16384,1,18.808832,gpu,49.66565890036374,528.8739240003838,12.0,consumer_high,transformers,6.555463121953118,194.38868361049757,144.41593401335567,2.8261435227662557,307.9427725073225,5.241756849751437,1.0,synthetic
1.5,dense,Q8_0,1.59,128,256,8192,1,0.20152319999999999,gpu,61.223113226175144,760.6868835833666,24.0,consumer_flagship,llama.cpp,0.10889133719871699,3.364484010933221,7.102954722397688,4.467267121004835,4.765445068251915,0.10102181909705973,1.0,synthetic
2.0,dense,int8,2.0,128,256,4096,1,0.1343488,gpu,166.09030519475775,1012.491513677126,40.0,datacenter_low,llama.cpp,0.06880938303515229,3.513360805446092,7.493192479564684,3.746596239782342,2.229430321521839,0.055889921503252435,1.0,synthetic
13.0,dense,Q5_K_M,9.49,128,256,8192,1,1.7465343999999998,cpu,0.3845406908125153,46.36450125180315,16.0,cpu_older,mlx,169.03282683207917,372.84938979749506,29.643520693462854,3.123658661060364,482.6593418725995,237.01050824028877,1.0,synthetic
2.0,dense,Q8_0,2.12,128,256,2048,1,0.0671744,gpu,58.50377393312568,685.4111610770635,24.0,consumer_flagship,transformers,0.15193701690167158,4.558628505892616,4.401847753000576,2.0763432797172525,3.581998011073532,0.13354240686360686,1.0,synthetic
3.8,dense,fp16,7.6,128,256,16384,1,1.0210508799999998,gpu,156.56200738289178,936.9636257127805,40.0,datacenter_low,llama.cpp,0.13869447688659703,15.33508637798269,24.539538803611286,3.228886684685696,13.324459730017319,0.13025667720276504,1.0,synthetic
70.0,moe,Q3_K_M,34.3,128,256,16384,1,18.808832,gpu,61.31874115373617,737.1953343443519,24.0,consumer_flagship,ollama,5.073670875452326,102.91676637844867,91.02114383283846,2.65367766276497,68.49070360341038,7.432117624463327,1.0,synthetic
30.0,dense,Q4_0,17.7,128,256,2048,1,1.0076159999999998,gpu,10.317697108620099,197.24009727176687,6.0,consumer_low,vllm,19.38417050767138,172.44894797360274,61.18481305191402,3.456769098978193,140.8506851790897,22.013922478352356,1.0,synthetic
3.0,moe,fp32,12.0,128,256,2048,1,0.10076159999999999,gpu,38.62174571823778,500.8182676865675,12.0,consumer_high,llama.cpp,0.3612858018870952,35.532325386732516,25.403856452696814,2.1169880377247345,34.63659376449428,0.408481594248193,1.0,synthetic
8.0,dense,int8,8.0,128,256,16384,1,2.1495808,cpu,0.8592867372758031,74.21921494917586,16.0,cpu_modern,llama.cpp,37.24018841655767,182.33518650482935,22.941874527343707,2.8677343159179634,170.91180473730762,60.15849502177989,1.0,synthetic
13.0,dense,Q6_K,10.66,128,256,4096,1,0.8732671999999999,gpu,10.080224594144497,176.96833761203152,6.0,consumer_low,vllm,8.597692031287723,118.49338141630976,49.73114944043163,4.665211016926044,115.75762763145508,9.209066853589473,1.0,synthetic
3.8,dense,Q8_0,4.028,128,256,4096,1,0.25526271999999994,apple,8.247062903550708,164.70183118836692,32.0,apple_pro,transformers,2.0478671117710903,37.15166187714695,12.714525856840968,3.156535714210767,36.16829724479676,2.3422544271738723,1.0,synthetic
8.0,moe,fp16,16.0,128,256,8192,1,1.0747904,gpu,142.81741969145276,911.1800539838479,40.0,datacenter_low,transformers,0.32008900463996826,31.23200938780039,58.001830995680194,3.625114437230012,32.696517175609294,0.22464271679139097,1.0,synthetic
3.8,moe,Q5_K_M,2.774,128,256,512,1,0.03190783999999999,gpu,48.535674470165745,550.0474942906378,12.0,consumer_high,mlx,0.36415314709421415,7.501779576589124,7.706185015472861,2.7780046919512835,4.782081135451478,0.309442525270705,1.0,synthetic
1.5,moe,fp32,6.0,128,256,4096,1,0.10076159999999999,apple,13.625807265171922,346.917709863883,64.0,apple_max,mlx,0.4403408827993793,23.44748788752123,29.395512945595335,4.899252157599222,17.105493246528802,0.33969134371347787,1.0,synthetic
7.0,dense,Q8_0,7.42,128,256,2048,1,0.2351104,apple,3.0519379436250396,64.88445159622235,16.0,apple_base,llama.cpp,11.468123089825214,181.5087071455282,24.724413857241036,3.3321312476066085,138.8116348840822,12.321495522192542,1.0,synthetic
30.0,dense,int8,30.0,128,256,8192,1,4.030463999999999,gpu,67.46156926771074,697.6685446764147,24.0,consumer_flagship,mlx,1.9764339131249784,69.68201295928662,111.24396250640545,3.7081320835468485,74.956478710802,2.58864263252132,1.0,synthetic
3.8,dense,Q8_0,4.028,128,256,8192,1,0.5105254399999999,apple,8.289585151579,136.5590448520095,32.0,apple_pro,vllm,2.0373623746022913,47.478420623510715,13.802498316990812,3.42663811246048,42.26450848521204,1.9736241276439541,1.0,synthetic
3.8,dense,bf16,7.6,128,256,2048,1,0.12763135999999997,apple,15.193610627809482,367.32996833238514,64.0,apple_max,mlx,1.0004205302049023,28.049735573648285,35.035296839967216,4.609907478943055,29.977610293518108,1.7008964776913689,1.0,synthetic
70.0,dense,fp32,280.0,128,256,16384,1,18.808832,gpu,622.4369922029272,2717.8823457061635,80.0,datacenter,ollama,0.44984472887613064,146.58904445566947,791.6447573311398,2.8273027047540706,156.79116977335596,0.4058342372640423,1.0,synthetic
70.0,dense,fp32,280.0,128,256,512,1,0.587776,cpu,1.1131271743054567,87.03072984173714,16.0,cpu_modern,vllm,251.5435850128337,4298.6774366593,1384.0293976566556,4.942962134488056,4166.81916042242,176.94497209514893,1.0,synthetic
2.0,dense,fp16,4.0,128,256,2048,1,0.0671744,apple,7.960177846335552,166.35963851315455,32.0,apple_pro,ollama,1.1166696348349638,34.92583414334427,11.429402666310443,2.8573506665776107,22.420341997484076,1.6305659537438075,1.0,synthetic
3.8,moe,fp32,15.2,128,256,16384,1,1.0210508799999998,gpu,136.64503909887392,970.6855116719782,40.0,datacenter_low,mlx,0.15891016503404595,27.85153839726405,52.850041888053894,3.4769764400035457,29.57726570913563,0.07689304794111912,1.0,synthetic
8.0,dense,fp32,32.0,128,256,512,1,0.0671744,apple,8.185469670159515,166.4509715531048,32.0,apple_pro,mlx,4.343740431312681,275.2176735011833,143.4418165222051,4.482556766318909,271.46652205263194,4.732256026137949,1.0,synthetic
0.5,moe,Q4_0,0.295,128,256,4096,1,0.0335872,cpu,0.43174333535856607,45.99264084465024,16.0,cpu_older,mlx,5.790477339792011,10.991296867215443,1.3803848315979421,4.679270615586245,14.710408001314041,5.445982802296032,1.0,synthetic
13.0,moe,Q5_K_M,9.49,128,256,2048,1,0.43663359999999996,cpu,0.3474949112342886,50.17677430031181,16.0,cpu_older,ollama,187.05309890473643,304.3588236381527,36.8190887908237,3.879777533279631,353.0453527890883,77.42238398132898,1.0,synthetic
1.5,dense,int8,1.5,128,256,2048,1,0.050380799999999996,gpu,789.5403474133183,2139.337070822323,80.0,datacenter,mlx,0.007599358309752151,0.9662686764949178,6.252181309642028,4.1681208730946855,1.5760986106875787,0.007068437757531819,1.0,synthetic
3.0,moe,Q5_K_M,2.19,128,256,512,1,0.025190399999999998,gpu,47.59918782575095,445.1652694112183,12.0,consumer_high,transformers,0.2931455138094655,7.317805689300652,9.665152454454349,4.413311623038515,5.739639079260246,0.19379166115994192,1.0,synthetic
30.0,dense,int8,30.0,128,256,2048,1,1.0076159999999998,gpu,140.0441942586549,821.8903402441448,40.0,datacenter_low,transformers,1.2241033791943643,62.87865603171404,61.2883749900354,2.04294583300118,54.998364022506244,1.5827973749414577,1.0,synthetic
70.0,dense,fp32,280.0,128,256,512,1,0.587776,cpu,1.071360855568459,84.49869151489555,16.0,cpu_modern,vllm,261.34985102795576,4427.4890884046035,1192.879454695854,4.2602837667709075,3771.460124328516,297.50668596087394,1.0,synthetic
8.0,dense,fp32,32.0,128,256,512,1,0.0671744,gpu,756.4737842426046,2618.905386752541,80.0,datacenter,llama.cpp,0.04230153201150122,16.325993580986644,122.90599496679602,3.8408123427123755,18.894754424794648,0.04841066182724448,1.0,synthetic
70.0,moe,Q6_K,57.4,128,256,16384,1,18.808832,gpu,56.97779192240874,697.4018400301143,24.0,consumer_flagship,ollama,5.460217053247277,156.10764662636814,184.90373742743307,3.221319467376883,149.8716214693217,4.366744426023436,1.0,synthetic
2.0,dense,int8,2.0,128,256,16384,1,0.5373952,cpu,0.34792118129682903,42.95907720858797,16.0,cpu_older,vllm,28.742142006779684,90.86985048870034,9.686128155786825,4.843064077893413,93.32845700326465,27.60325870144287,1.0,synthetic
70.0,dense,Q8_0,74.2,128,256,16384,1,18.808832,cpu,0.8716949425773816,87.28585437600078,16.0,cpu_modern,mlx,321.2132895621842,1420.7545642595785,165.509497956474,2.2305862258284908,884.9575926977235,342.4389755172417,1.0,synthetic
3.8,dense,fp32,15.2,128,256,2048,1,0.12763135999999997,cpu,0.1500280920631688,41.79281907253342,8.0,cpu_low,mlx,168.8572652291467,666.8231833363166,33.724323692776395,2.2187055061037104,637.6071234286184,173.08928911674755,1.0,synthetic
7.0,dense,fp16,14.0,128,256,4096,1,0.4702208,apple,14.562929771846866,375.4348592857532,64.0,apple_max,llama.cpp,1.9226900382455836,51.39008074540157,61.74627521846915,4.410448229890654,42.40047583862313,1.4502766578097874,1.0,synthetic
7.0,dense,Q4_0,4.13,128,256,4096,1,0.4702208,apple,3.3863052482686684,66.06409496836235,16.0,apple_base,vllm,10.3357486800384,107.12721899270734,14.163054260799578,3.429310959031375,99.92493939093158,12.49860485133472,1.0,synthetic
1.0,dense,Q4_0,0.59,128,256,4096,1,0.0671744,cpu,0.13767130490171997,40.01828400586572,8.0,cpu_low,ollama,48.42451861283532,29.85791557877412,1.8133309288809814,3.0734422523406466,30.30864971049326,52.62647655967731,1.0,synthetic
1.0,moe,Q6_K,0.82,128,256,16384,1,0.2686976,gpu,9.399107104174426,177.37524070792324,6.0,consumer_low,mlx,0.7092872325825289,11.159675803218013,2.7454003654175194,3.3480492261189263,11.181917641493298,0.9585037023848871,1.0,synthetic
3.8,dense,fp32,15.2,128,256,4096,1,0.25526271999999994,gpu,66.67436337484361,726.2046111857745,24.0,consumer_flagship,vllm,0.2533040892185122,30.403203729050688,41.43208462238815,2.725795040946589,32.03928616642855,0.2185685827096834,1.0,synthetic
13.0,dense,Q5_K_M,9.49,128,256,8192,1,1.7465343999999998,gpu,47.88836053883896,548.3802191576294,12.0,consumer_high,llama.cpp,1.2626265672643076,30.13295286161262,33.789236834087085,3.5605096769322535,31.968939477537834,1.9042852890523707,1.0,synthetic
7.0,dense,fp16,14.0,128,256,16384,1,1.8808832,apple,7.142902307214587,162.39057676814107,32.0,apple_pro,transformers,4.355528015508174,139.7062345088665,39.9395119029557,2.85282227878255,138.81586116352258,2.5618331462904806,1.0,synthetic
1.0,dense,fp16,2.0,128,256,4096,1,0.0671744,apple,13.352227633498618,415.54692362700837,64.0,apple_max,llama.cpp,0.2995754798221561,6.632782909992869,5.657017346925397,2.8285086734626983,5.671632261795889,0.3009608228565944,1.0,synthetic
70.0,dense,bf16,140.0,128,256,8192,1,9.404416,apple,28.676509548391298,695.0455091892477,128.0,apple_ultra,transformers,8.876444816825138,268.69538401571054,412.8334628863089,2.9488104491879206,330.25097730590517,6.843245132214913,1.0,synthetic
0.5,dense,Q8_0,0.53,128,256,8192,1,0.0671744,cpu,0.880567716419804,73.57978948916185,16.0,cpu_modern,transformers,2.2712620082548143,10.821348346621958,1.5582231889603777,2.9400437527554293,12.983665677796946,1.96182768014416,1.0,synthetic
1.5,dense,fp16,3.0,128,256,2048,1,0.050380799999999996,cpu,1.086679741532802,85.82873421643932,16.0,cpu_modern,vllm,5.5214059586100115,47.38709520920546,9.395862485668736,3.131954161889579,58.61991171379527,5.298485335637154,1.0,synthetic
13.0,dense,Q5_K_M,9.49,128,256,512,1,0.10915839999999999,gpu,797.4564674629227,2191.9671433941794,80.0,datacenter,ollama,0.06520732117884255,5.8389916588111275,30.01636149132227,3.162946416366941,5.744088385496799,0.11816468565027485,1.0,synthetic
1.0,moe,Q3_K_M,0.49,128,256,16384,1,0.2686976,gpu,727.8694945372062,2652.8928187257484,80.0,datacenter,transformers,0.005495490647733876,0.3813183830343721,2.4000898325391553,4.898142515386032,0.48540522051911716,0.007962691654621686,1.0,synthetic
3.0,dense,Q5_K_M,2.19,128,256,8192,1,0.40304639999999997,cpu,0.431324534830094,51.085431554373066,16.0,cpu_older,ollama,34.776598103580525,78.0907987358415,5.072247539188127,2.3160947667525695,59.980858225734366,47.774405931938446,1.0,synthetic
2.0,dense,Q3_K_M,0.98,128,256,16384,1,0.5373952,gpu,759.1830113024364,2608.1119161069364,80.0,datacenter,llama.cpp,0.010537643599631384,0.7757311285245653,4.772991457523801,4.870399446452859,0.7491538782654339,0.009206384136377291,1.0,synthetic
1.5,dense,Q8_0,1.59,128,256,4096,1,0.10076159999999999,cpu,0.15001805155695905,37.625039646946995,8.0,cpu_low,transformers,66.65864471785373,81.7038873273172,4.938733205025073,3.1061215125943855,56.98175140793133,62.59897922810917,1.0,synthetic
1.5,dense,Q5_K_M,1.095,128,256,4096,1,0.10076159999999999,cpu,0.960943976796153,66.48625966511936,16.0,cpu_modern,vllm,6.243860354902659,23.980124736005294,4.89086092819195,4.4665396604492695,21.411180716910735,9.65367718355697,1.0,synthetic
1.0,dense,Q6_K,0.82,128,256,4096,1,0.0671744,apple,29.83781880907115,730.8785731276779,128.0,apple_ultra,llama.cpp,0.12187096046236887,1.5173081285641592,3.8051855752868535,4.640470213764456,1.38304856260144,0.22908763397929344,1.0,synthetic
30.0,dense,Q3_K_M,14.7,128,256,2048,1,1.0076159999999998,gpu,137.20833056294043,948.0095640837119,40.0,datacenter_low,vllm,1.2494035218213915,27.61508004964419,35.42409985101671,2.409802710953518,18.726175615166063,1.5968503410567403,1.0,synthetic
0.5,dense,Q5_K_M,0.365,128,256,4096,1,0.0335872,gpu,26.137298203579572,375.0527331038947,8.0,consumer_mid,mlx,0.09564875376666201,1.634999622181687,1.162668343834596,3.1853927228345094,2.1392099041322155,0.06343852353414162,1.0,synthetic
8.0,dense,Q6_K,6.56,128,256,8192,1,1.0747904,gpu,47.87829292431533,454.8822912341079,12.0,consumer_high,mlx,0.7771643484532922,24.682501731855947,20.358028239041086,3.1033579632684587,22.735781061941342,0.9313247863849514,1.0,synthetic
30.0,dense,int8,30.0,128,256,8192,1,4.030463999999999,gpu,39.034241353084724,441.72683184819147,12.0,consumer_high,transformers,3.5746790224194616,113.29354793914563,135.19322031679752,4.506440677226584,73.26039803773816,3.704620817266318,1.0,synthetic
3.8,dense,Q8_0,4.028,128,256,8192,1,0.5105254399999999,gpu,55.5365210787716,674.6097502211067,24.0,consumer_flagship,mlx,0.3041041923554073,9.61090136824073,14.011775638462943,3.4785937533423397,9.077038967884127,0.22566815247656516,1.0,synthetic
7.0,dense,Q8_0,7.42,128,256,8192,1,0.9404416,gpu,43.70791158794073,504.64065176181407,12.0,consumer_high,transformers,0.7449026583980438,24.363409915352097,25.170758249434993,3.3922854783605114,23.896674698822718,0.7482665897991947,1.0,synthetic
2.0,dense,Q3_K_M,0.98,128,256,16384,1,0.5373952,apple,3.417149316798829,68.3882585146428,16.0,apple_base,llama.cpp,2.9264158726806695,34.13530633107607,4.235534651769122,4.321974134458287,25.40964994855296,4.088077992018495,1.0,synthetic
0.5,dense,Q4_K_M,0.315,128,256,2048,1,0.0167936,gpu,757.313511193984,2515.972035740604,80.0,datacenter,vllm,0.002640914192652909,0.17583322087140918,0.8809757771458827,2.796748498875818,0.16568893682608937,0.0027976941822373882,1.0,synthetic
1.0,dense,Q5_K_M,0.73,128,256,8192,1,0.1343488,apple,12.82898563514983,375.19703329366774,64.0,apple_max,llama.cpp,0.31179394176266717,3.071626277398172,2.2223293490385507,3.0442867795048643,3.1508467530534463,0.49623448746729737,1.0,synthetic
3.0,dense,bf16,6.0,128,256,8192,1,0.40304639999999997,gpu,8.653696096247092,170.08121754292807,6.0,consumer_low,vllm,2.311151186447781,68.44907811479041,29.535499988694426,4.922583331449071,87.64174065698096,1.540815805578656,1.0,synthetic
8.0,dense,Q3_K_M,3.92,128,256,8192,1,1.0747904,apple,3.3123547442855097,58.281337278768795,16.0,apple_base,mlx,12.076001240207797,131.84826021272883,17.017223213194725,4.341128370712941,137.68757008861868,12.992939232098776,1.0,synthetic
7.0,dense,Q4_0,4.13,128,256,512,1,0.0587776,apple,14.81098091551607,387.7606351545403,64.0,apple_max,transformers,1.890489236311623,14.403310428285502,11.087836153686933,2.6847060904810975,13.046251822290175,1.7913122479771115,1.0,synthetic
13.0,dense,Q3_K_M,6.37,128,256,512,1,0.10915839999999999,apple,24.947489443322,796.1784967304484,128.0,apple_ultra,ollama,1.894889158290889,10.172276736006792,13.84540742893524,2.173533348341482,9.734754806872784,3.1192774700020163,1.0,synthetic
70.0,dense,Q6_K,57.4,128,256,2048,1,2.351104,apple,9.098695522371688,169.92259435923503,32.0,apple_pro,mlx,34.19293571767046,502.3388462369065,127.81918799420448,2.2268151218502523,574.5272867937989,34.726635208977754,1.0,synthetic
70.0,dense,Q5_K_M,51.1,128,256,4096,1,4.702208,apple,7.67763379582729,137.64215706030444,32.0,apple_pro,vllm,40.52174398838827,579.1644195540601,197.6160112520673,3.86724092469799,527.3093160175471,36.83778886426272,1.0,synthetic
3.0,dense,int8,3.0,128,256,16384,1,0.8060927999999999,cpu,1.0843965567241916,78.60399512264509,16.0,cpu_modern,mlx,11.0660624340696,64.56148179341078,11.723592364473557,3.9078641214911856,70.03848070349794,9.904679554731144,1.0,synthetic
30.0,dense,int8,30.0,128,256,8192,1,4.030463999999999,apple,14.496745677571479,420.89563546432754,64.0,apple_max,transformers,8.277719887550832,107.8033321726987,142.5737258818791,4.75245752939597,88.02265203894515,5.676269262217885,1.0,synthetic
70.0,dense,Q3_K_M,34.3,128,256,16384,1,18.808832,apple,25.303086495938505,792.7971843579048,128.0,apple_ultra,llama.cpp,10.059857898612986,83.73647297166777,75.0007119723479,2.1866096784941083,90.93917633377977,12.11604901827526,1.0,synthetic
8.0,moe,fp16,16.0,128,256,4096,1,0.5373952,cpu,0.35767636531347646,38.35586147542087,16.0,cpu_older,vllm,111.83294139366184,663.3183425652489,38.44519284330923,2.402824552706827,538.328680673585,209.3207531483762,1.0,synthetic
1.0,dense,bf16,2.0,128,256,4096,1,0.0671744,cpu,1.1373802363170311,77.48336003970707,16.0,cpu_modern,transformers,3.516853794604752,35.5719283717288,8.077721996410647,4.038860998205323,35.60576514251832,2.1590557544186817,1.0,synthetic
2.0,dense,Q4_0,1.18,128,256,8192,1,0.2686976,apple,23.56753766558587,745.9289156114941,128.0,apple_ultra,transformers,0.30859088360966785,2.4276736859242036,4.294883082794324,3.6397314260968847,2.3206226829345273,0.4658533759698687,1.0,synthetic
8.0,dense,Q6_K,6.56,128,256,512,1,0.0671744,gpu,146.9767200994261,776.8529845136113,40.0,datacenter_low,transformers,0.31103079238236603,14.217993477340038,17.236769959228017,2.6275563962237833,13.522040960765983,0.21491642233147765,1.0,synthetic
1.0,dense,fp32,4.0,128,256,4096,1,0.0671744,apple,12.974905628968553,441.2379596862188,64.0,apple_max,ollama,0.30828740604242705,12.290191904287726,19.527523706158398,4.8818809265395995,11.039617936520049,0.36782175716645427,1.0,synthetic
2.0,dense,Q4_0,1.18,128,256,2048,1,0.0671744,cpu,0.13636165670040426,43.600471415368304,8.0,cpu_low,mlx,97.77919729024386,52.008378454883804,3.27877791244336,2.778625349528271,52.63573129086362,108.01444916599306,1.0,synthetic
7.0,dense,Q4_K_M,4.41,128,256,2048,1,0.2351104,gpu,686.7691359897804,2570.170701534089,80.0,datacenter,vllm,0.04077061494565572,2.4097545465118544,21.800982780365157,4.943533510286883,2.526794330512784,0.03342709994741698,1.0,synthetic
70.0,dense,Q5_K_M,51.1,128,256,8192,1,9.404416,cpu,0.13605484424026773,41.77069573964217,8.0,cpu_low,ollama,3429.9893493138024,2633.6173516618437,252.0213022950975,4.931923723974511,2651.2429938989,4072.2064975364337,1.0,synthetic
8.0,dense,Q3_K_M,3.92,128,256,8192,1,1.0747904,gpu,9.694737559262984,179.70028617421772,6.0,consumer_low,vllm,5.5012663321015,50.53657556284982,10.74872211403242,2.74202094745725,79.3433287840667,5.195054786071325,1.0,synthetic
2.0,dense,Q8_0,2.12,128,256,512,1,0.0167936,gpu,9.379660995581997,209.99602874279714,6.0,consumer_low,mlx,1.421515483300899,18.500727351781077,9.147547153823945,4.314880732935823,19.606262589227384,0.9908261030081611,1.0,synthetic
1.5,dense,Q6_K,1.23,128,256,4096,1,0.10076159999999999,gpu,699.7680895525477,2134.0773375820804,80.0,datacenter,llama.cpp,0.008574269232306057,0.8314360350268961,3.6469622618437345,2.965009968978646,0.6082295955682365,0.01027917872842708,1.0,synthetic
70.0,dense,Q4_K_M,44.1,128,256,16384,1,18.808832,gpu,27.610315672011126,374.0304514383444,8.0,consumer_mid,transformers,12.676421528740388,258.7565212654677,92.05915973026849,2.0875092909357935,248.99455790452046,9.755827437222406,1.0,synthetic
7.0,dense,Q3_K_M,3.4299999999999997,128,256,512,1,0.0587776,apple,2.982801131942708,71.31365383870178,16.0,apple_base,transformers,11.733936810331162,75.26399034308496,10.953738876417194,3.193509876506471,68.8146574461185,9.662212735322994,1.0,synthetic
30.0,dense,bf16,60.0,128,256,4096,1,2.0152319999999997,gpu,168.87889610952223,1033.1788541642002,40.0,datacenter_low,mlx,1.0150976550521487,100.0395232475146,255.76769520246413,4.262794920041069,71.48850894932714,0.627511475618569,1.0,synthetic
1.5,dense,Q6_K,1.23,128,256,512,1,0.012595199999999999,apple,9.00422343714898,170.29178675261466,32.0,apple_pro,llama.cpp,0.7403932957907076,10.424084648185447,5.366056126818895,4.362647257576338,6.53703678921379,1.0016817663650277,1.0,synthetic
3.8,dense,bf16,7.6,128,256,16384,1,1.0210508799999998,cpu,0.13879506224680352,39.13813281216212,8.0,cpu_low,vllm,182.52330395072656,400.4952928864683,20.681095213971957,2.7211967386805207,565.3129377347001,125.64098145518027,1.0,synthetic
30.0,dense,Q5_K_M,21.9,128,256,8192,1,4.030463999999999,cpu,0.13612168255806714,43.21811427850103,8.0,cpu_low,llama.cpp,1469.273639889688,1090.8920708109476,58.31002784066968,2.6625583488890268,1094.7916181184917,1103.609675268155,1.0,synthetic
70.0,dense,bf16,140.0,128,256,16384,1,18.808832,gpu,603.1752922983902,2152.0141137185697,80.0,datacenter,llama.cpp,0.46420999595832957,98.39392222546752,398.64107247035116,2.8474362319310798,103.79886157640524,0.4385671457318066,1.0,synthetic
1.5,dense,Q6_K,1.23,128,256,8192,1,0.20152319999999999,cpu,0.17027066267588828,39.3402888152355,8.0,cpu_low,mlx,58.730023380687065,66.16040534856133,4.366617041484928,3.5500951556788034,108.43949022336078,36.733112055154656,1.0,synthetic
0.5,dense,Q4_K_M,0.315,128,256,2048,1,0.0167936,gpu,48.49347942572388,467.37440989592784,12.0,consumer_high,llama.cpp,0.04795657937704522,1.0439847676181757,1.5244014049271333,4.839369539451217,1.26853586194226,0.04395311397404291,1.0,synthetic
13.0,dense,Q4_K_M,8.19,128,256,8192,1,1.7465343999999998,gpu,782.4372277721595,2439.585995467985,80.0,datacenter,vllm,0.06645900546943563,5.430721670785717,28.60455416722973,3.4926195564383065,5.260282588736288,0.1045778507755762,1.0,synthetic
8.0,dense,bf16,16.0,128,256,512,1,0.0671744,gpu,136.7106049075778,924.6051818797994,40.0,datacenter_low,mlx,0.3343872682385579,28.9622257421885,73.04144967775689,4.5650906048598054,25.237023968202383,0.2457792844264549,1.0,synthetic
2.0,dense,Q8_0,2.12,128,256,512,1,0.0167936,apple,24.627314054607925,697.0779884416238,128.0,apple_ultra,transformers,0.2953114276530899,3.831697520633561,9.397187775210362,4.432635743023756,1.9982153510366534,0.3134735324439484,1.0,synthetic
1.5,dense,Q4_K_M,0.9450000000000001,128,256,16384,1,0.40304639999999997,gpu,27.51869445932887,332.38005847713845,8.0,consumer_mid,vllm,0.2725419990793746,6.239596767518426,3.7459346972649814,3.9639520605978635,8.08634940902459,0.34034846428508825,1.0,synthetic
30.0,dense,fp16,60.0,128,256,4096,1,2.0152319999999997,cpu,0.8954785224400298,85.46034624423298,16.0,cpu_modern,mlx,134.00656408042036,967.5478702566087,196.54107337878492,3.275684556313082,620.247136565292,147.49353321397265,1.0,synthetic
13.0,dense,fp32,52.0,128,256,8192,1,1.7465343999999998,gpu,38.75720972038525,444.1800201833626,12.0,consumer_high,mlx,1.5600998295619495,177.94366604747862,112.52296952015168,2.163903260002917,211.45796198205923,0.7241471202646942,1.0,synthetic
1.0,dense,int8,1.0,128,256,4096,1,0.0671744,gpu,74.22502417796049,642.486319562431,24.0,consumer_flagship,ollama,0.059877979073318065,2.372867422579753,2.69124998635205,2.69124998635205,1.8081199830198147,0.04323114872395512,1.0,synthetic
1.0,dense,Q4_K_M,0.63,128,256,512,1,0.0083968,gpu,38.269896598165204,534.4017191131994,12.0,consumer_high,llama.cpp,0.12153580762276393,1.7567660992695024,2.8635239664810914,4.545276137271574,2.381708453391995,0.15545799367816027,1.0,synthetic
30.0,dense,Q6_K,24.599999999999998,128,256,16384,1,8.060927999999999,apple,14.651831386561241,376.3517086768515,64.0,apple_max,vllm,8.190102440713645,115.71065839743996,109.47832462811593,4.450338399516908,155.96320307459624,6.101756902224358,1.0,synthetic
2.0,dense,int8,2.0,128,256,512,1,0.0167936,cpu,0.1356726285490471,36.91324041397745,8.0,cpu_low,mlx,98.27577954320527,99.33827031768683,7.966085525483922,3.983042762741961,143.08857821157136,58.65934152797398,1.0,synthetic
30.0,moe,Q4_0,17.7,128,256,2048,1,1.0076159999999998,gpu,21.838418622378427,354.6721807059058,8.0,consumer_mid,transformers,6.868629207716116,81.14802698938728,76.85154419529708,4.341895152276671,65.93463542231561,8.03429122881227,1.0,synthetic
3.0,moe,Q3_K_M,1.47,128,256,4096,1,0.20152319999999999,gpu,25.628295853855835,397.4832874982474,8.0,consumer_mid,mlx,0.5852905743533164,6.469640950268864,6.090610563554179,4.143272492213727,4.349254614022417,0.742474768482215,1.0,synthetic
1.0,moe,bf16,2.0,128,256,8192,1,0.1343488,apple,8.621612678052633,132.11321838299136,32.0,apple_pro,ollama,0.515500360594755,23.07921759537016,6.215684621293247,3.1078423106466233,38.010004972827964,1.3104338830111213,1.0,synthetic
1.5,dense,bf16,3.0,128,256,2048,1,0.050380799999999996,apple,9.039019670167212,164.73778439429495,32.0,apple_pro,llama.cpp,0.737543108648124,26.452260925841184,10.15544529431807,3.3851484314393567,34.668349370337715,0.9942456208823081,1.0,synthetic
70.0,dense,Q5_K_M,51.1,128,256,8192,1,9.404416,gpu,10.136685206960756,211.6757256351971,6.0,consumer_low,llama.cpp,46.03740346461696,519.7007297874932,144.21517464615786,2.822214768026573,613.8399272018003,52.24426729938716,1.0,synthetic
70.0,dense,Q5_K_M,51.1,128,256,8192,1,9.404416,gpu,27.30303177900027,318.00026331043165,8.0,consumer_mid,vllm,12.819089207125979,292.7158485784292,252.20795430405525,4.935576405167422,211.54191897433617,8.8841772877521,1.0,synthetic
1.0,dense,Q5_K_M,0.73,128,256,16384,1,0.2686976,apple,29.887951512358207,848.2807667816622,128.0,apple_ultra,transformers,0.12166653960409617,1.4716495397346625,3.5341285609676567,4.8412720013255575,1.650085531891009,0.20106570608151994,1.0,synthetic
8.0,dense,Q4_K_M,5.04,128,256,4096,1,0.5373952,gpu,44.94949316391188,482.07765648048417,12.0,consumer_high,mlx,0.8278024891158332,17.01396373477833,21.18479225298294,4.203331796226774,19.059776935070023,0.7051105591081558,1.0,synthetic
1.0,dense,Q4_K_M,0.63,128,256,4096,1,0.0671744,apple,26.063275812045493,686.046419350215,128.0,apple_ultra,ollama,0.13952059068043327,1.270275560690785,2.5922062089819913,4.114613030130145,0.869154322815777,0.12534919888654644,1.0,synthetic
2.0,dense,Q5_K_M,1.46,128,256,2048,1,0.0671744,gpu,71.18399876930391,709.7503663763479,24.0,consumer_flagship,vllm,0.12487200835255652,3.0738662741723353,6.698365263633404,4.587921413447537,4.844005386933718,0.12637708790523308,1.0,synthetic
3.8,dense,Q4_0,2.242,128,256,16384,1,1.0210508799999998,gpu,22.594417089308426,381.50036558518656,8.0,consumer_mid,llama.cpp,0.8409156972228644,13.158777106865251,5.369915282222983,2.3951450857372807,7.681027033978268,1.1686882294050818,1.0,synthetic
3.8,dense,fp32,15.2,128,256,512,1,0.03190783999999999,gpu,166.43830915090106,807.4637662085231,40.0,datacenter_low,ollama,0.13046446953867147,31.439817028409838,70.13647995910296,4.614242102572563,23.77869034912258,0.09630039878657172,1.0,synthetic
0.5,dense,fp16,1.0,128,256,2048,1,0.0167936,gpu,157.77163473940038,980.1039772416703,40.0,datacenter_low,vllm,0.018109356994761124,1.729057364678093,3.715237949431246,3.715237949431246,2.051289695107847,0.012020842911171899,1.0,synthetic
2.0,moe,bf16,4.0,128,256,4096,1,0.1343488,gpu,71.49019234737129,785.2782827010647,24.0,consumer_flagship,llama.cpp,0.12433717964693286,7.521171413417166,11.451592748524138,2.8628981871310346,7.653465953877548,0.10262357762627958,1.0,synthetic
1.0,dense,Q6_K,0.82,128,256,4096,1,0.0671744,gpu,23.55082449641606,334.5606428624974,8.0,consumer_mid,ollama,0.21230679209387743,4.079630169973855,3.4424396644520896,4.198097151770841,2.7882566478828545,0.2964382321903573,1.0,synthetic
1.5,dense,fp32,6.0,128,256,8192,1,0.20152319999999999,apple,7.770865725377287,130.57589401394813,32.0,apple_pro,transformers,0.8579052710813622,67.8480428875831,19.789803832786728,3.298300638797788,56.9035030224975,1.1346591917232567,1.0,synthetic
2.0,dense,Q5_K_M,1.46,128,256,512,1,0.0167936,apple,28.5020954540974,759.7894777156909,128.0,apple_ultra,ollama,0.2551646521723287,2.4296098513366893,7.056684792201049,4.833345748082911,2.3367384795983477,0.2164636949531924,1.0,synthetic
1.0,dense,bf16,2.0,128,256,16384,1,0.2686976,gpu,156.3780478784351,946.2993701401459,40.0,datacenter_low,llama.cpp,0.036541482591775774,3.9957362183456597,6.510003184613681,3.2550015923068405,2.9708920426642837,0.04272304944683227,1.0,synthetic
0.5,moe,fp32,2.0,128,256,4096,1,0.0335872,gpu,161.29229092634932,792.3706823393529,40.0,datacenter_low,ollama,0.017714069536327127,4.277432362835,6.592113565567036,3.296056782783518,3.3615869963002907,0.01329268572431953,1.0,synthetic
1.5,dense,Q4_K_M,0.9450000000000001,128,256,512,1,0.012595199999999999,gpu,74.3671904483726,609.1755348036025,24.0,consumer_flagship,llama.cpp,0.08964526730769559,2.2456468861609524,4.641868006236625,4.912029636229232,1.6110963131477487,0.09175321466222466,1.0,synthetic
1.0,moe,fp16,2.0,128,256,4096,1,0.0671744,apple,13.259865771273589,388.43212028339093,64.0,apple_max,transformers,0.301662178863505,7.095789429881471,6.536371821363593,3.2681859106817965,8.864470184399156,0.4115302704465934,1.0,synthetic
7.0,dense,bf16,14.0,128,256,2048,1,0.2351104,cpu,0.14309358755787233,37.220494600929065,8.0,cpu_low,ollama,326.12688984258597,695.3700961417333,48.28766729747338,3.44911909267667,565.2767064731121,267.3212703076909,1.0,synthetic
30.0,dense,bf16,60.0,128,256,8192,1,4.030463999999999,cpu,0.3722240507281129,42.130732476112875,16.0,cpu_older,transformers,402.98309501114403,2338.16030162063,228.6546961006875,3.8109116016781246,2462.5102503069947,411.4542825020296,1.0,synthetic
1.5,moe,Q5_K_M,1.095,128,256,16384,1,0.40304639999999997,apple,6.984750720955919,130.901262623433,32.0,apple_pro,vllm,0.9544602138291173,16.348706214321773,2.492440049280932,2.2762009582474265,16.011427639527213,1.009139974283716,1.0,synthetic
1.0,dense,bf16,2.0,128,256,512,1,0.0083968,cpu,1.0297133761451145,79.64886785180774,16.0,cpu_modern,mlx,3.8845761283344653,33.62084700290215,4.09066410528685,2.045332052643425,24.294524891552165,4.982509095314865,1.0,synthetic
7.0,dense,Q6_K,5.739999999999999,128,256,2048,1,0.2351104,gpu,51.27770748763537,462.6339568536654,12.0,consumer_high,llama.cpp,0.6349375026708143,18.993260068030196,21.98432772210874,3.830022251238457,25.573637411673772,0.8605995480274948,1.0,synthetic
2.0,dense,Q4_0,1.18,128,256,16384,1,0.5373952,cpu,0.9438722182640944,71.52605768672407,16.0,cpu_modern,mlx,8.475723562150243,32.014350304276405,5.711437400388821,4.840201186770187,41.28914431899148,9.194951826404191,1.0,synthetic
0.5,dense,Q8_0,0.53,128,256,2048,1,0.0167936,gpu,22.04429353302818,313.75700432276057,8.0,consumer_mid,mlx,0.11340803443096688,2.6811223701369946,1.9942615350639492,3.7627576133282057,2.5408734830864312,0.12322725766919422,1.0,synthetic
7.0,dense,Q8_0,7.42,128,256,512,1,0.0587776,gpu,9.54307690492718,210.80671312681835,6.0,consumer_low,llama.cpp,4.890106946803732,64.50353147133991,27.815934024462898,3.7487781704127894,60.90847257488873,4.826739021481219,1.0,synthetic
2.0,dense,Q4_K_M,1.26,128,256,16384,1,0.5373952,cpu,0.9259304617538826,75.65385783113219,16.0,cpu_modern,ollama,8.639957675489507,31.67752447842974,5.694450073191533,4.51940481999328,30.82003749512039,10.030628492987054,1.0,synthetic
3.8,moe,Q6_K,3.1159999999999997,128,256,2048,1,0.12763135999999997,cpu,0.36262487268991017,47.32821672333789,16.0,cpu_older,vllm,52.395744006913134,105.43820236199576,7.0978630155641795,2.2778764491541015,104.81920238545692,49.72556013913768,1.0,synthetic
7.0,dense,Q6_K,5.739999999999999,128,256,16384,1,1.8808832,apple,3.223545914708608,76.4567927425106,16.0,apple_base,llama.cpp,10.857608647762605,153.34720790333137,18.96042515329382,3.3032099570198294,102.65136188226496,9.517805493263392,1.0,synthetic
1.0,dense,fp32,4.0,128,256,16384,1,0.2686976,apple,28.809927324585004,682.1729987792891,128.0,apple_ultra,ollama,0.12621911868762467,7.821875110196752,15.652258962751226,3.9130647406878065,12.11349700347249,0.1910348089756389,1.0,synthetic
0.5,dense,fp32,2.0,128,256,8192,1,0.0671744,gpu,8.303459615948368,212.8431634026876,6.0,consumer_low,mlx,0.40143909737707817,17.6585371547971,4.082473324068071,2.0412366620340356,19.31757146330372,0.4760097594537279,1.0,synthetic
13.0,dense,Q5_K_M,9.49,128,256,8192,1,1.7465343999999998,apple,13.867693171664099,365.72877795917975,64.0,apple_max,vllm,3.7497224200382338,40.964908340734574,20.760123639798817,2.187578887228537,32.57899733482047,2.9216109327406286,1.0,synthetic
13.0,dense,Q3_K_M,6.37,128,256,2048,1,0.43663359999999996,gpu,691.3775084853322,2674.5501060896236,80.0,datacenter,transformers,0.07521216609131737,3.3932852654369183,14.290760801827531,2.2434475356087176,5.081176156640207,0.10143732576836949,1.0,synthetic
13.0,dense,int8,13.0,128,256,2048,1,0.43663359999999996,cpu,1.1354472130530362,84.59885185174328,16.0,cpu_modern,mlx,45.796933051762316,211.77014905666823,62.3757098171777,4.7981315243982845,239.9481267675323,52.76340198844057,1.0,synthetic
70.0,dense,fp16,140.0,128,256,4096,1,4.702208,apple,3.0398285695023275,61.88575316449957,16.0,apple_base,vllm,115.13807176873168,3597.254136129115,589.9253052086907,4.213752180062077,5126.514111126956,141.2503549893252,1.0,synthetic
0.5,dense,int8,0.5,128,256,512,1,0.0041984,gpu,9.057912365250575,174.10752316001467,6.0,consumer_low,vllm,0.36800238276992,5.2652771517164245,1.876673364636139,3.753346729272278,6.246154739973112,0.34560457240897413,1.0,synthetic
30.0,dense,fp32,120.0,128,256,4096,1,2.0152319999999997,apple,3.034498748930142,63.28461169339675,16.0,apple_base,llama.cpp,49.43155770055425,2966.214637579078,479.9266971096609,3.9993891425805073,3632.324716223579,45.59037193705569,1.0,synthetic
1.5,moe,fp32,6.0,128,256,2048,1,0.050380799999999996,apple,16.293241620385498,394.5214507681186,64.0,apple_max,vllm,0.3682508453378009,20.447999428911942,24.698294945102752,4.116382490850459,14.632331992827682,0.4533388856769102,1.0,synthetic
13.0,dense,Q8_0,13.780000000000001,128,256,2048,1,0.43663359999999996,gpu,684.7962800777008,2456.909136111059,80.0,datacenter,transformers,0.07593499192796402,7.7151862020711794,30.20602236880039,2.1920190398258628,8.826615329097331,0.08025041866962886,1.0,synthetic
3.0,dense,fp16,6.0,128,256,512,1,0.025190399999999998,apple,29.630420222510757,750.1719464989262,128.0,apple_ultra,transformers,0.3681719944289915,10.039682282374951,17.418829401017632,2.9031382335029385,9.113554457434082,0.363190263843222,1.0,synthetic
13.0,dense,fp16,26.0,128,256,4096,1,0.8732671999999999,gpu,25.019734319725977,303.3984881214811,8.0,consumer_mid,mlx,2.5979492495550964,136.26794337698223,60.220671012408815,2.316179654323416,166.1540651221552,2.585093450976079,1.0,synthetic
8.0,dense,Q4_0,4.72,128,256,4096,1,0.5373952,gpu,161.89983276339768,875.6111844115179,40.0,datacenter_low,ollama,0.28236153758783133,10.007096173882623,11.698410437585633,2.478476787624075,7.309447833626595,0.3603766930694051,1.0,synthetic
1.5,dense,Q6_K,1.23,128,256,2048,1,0.050380799999999996,apple,2.6944163528441036,59.238035691120146,16.0,apple_base,transformers,2.7835341750666487,33.25256471459761,5.713438357702545,4.6450718355305245,38.084523714642145,2.038192670542846,1.0,synthetic
70.0,dense,fp16,140.0,128,256,2048,1,2.351104,apple,3.2827131170320456,71.77673992143947,16.0,apple_base,mlx,106.61912495004765,3051.1513716175814,410.118887635437,2.929420625967407,2808.616244786535,88.7294528017736,1.0,synthetic
2.0,dense,fp32,8.0,128,256,8192,1,0.2686976,cpu,0.36999483356771456,45.202576406081256,16.0,cpu_older,transformers,27.027404419607528,281.4236320622163,24.490939809674465,3.061367476209308,164.6234008032682,31.712195405422776,1.0,synthetic
1.5,dense,fp32,6.0,128,256,16384,1,0.40304639999999997,cpu,0.16478500190577364,41.73265361264277,8.0,cpu_low,vllm,60.68513447430208,278.9638697196976,29.150670306045107,4.858445051007518,319.994315973245,56.21659671012429,1.0,synthetic
7.0,dense,Q6_K,5.739999999999999,128,256,4096,1,0.4702208,gpu,8.532204863481109,191.26549692758329,6.0,consumer_low,ollama,5.4694732971550835,59.03474869662273,26.5702206387106,4.628958299426935,70.459306994784,5.4843236570402665,1.0,synthetic
13.0,dense,fp32,52.0,128,256,2048,1,0.43663359999999996,cpu,0.880770388775077,74.32851632497342,16.0,cpu_modern,llama.cpp,59.03922368725237,940.6283741893549,134.24263859815525,2.581589203810678,982.7462906505551,144.57230052280588,1.0,synthetic
7.0,dense,fp16,14.0,128,256,8192,1,0.9404416,cpu,0.4430580125401786,47.3887005704573,16.0,cpu_older,transformers,78.99642712550205,485.0374560293405,59.43094585396106,4.245067560997219,506.7058000265749,82.99656088290257,1.0,synthetic
3.8,dense,fp16,7.6,128,256,16384,1,1.0210508799999998,gpu,24.544079509372878,361.6074092766196,8.0,consumer_mid,vllm,0.7741174401241769,36.67832809768026,19.286974230855602,2.5377597672178425,41.28891594086818,0.5862868966589861,1.0,synthetic
3.0,dense,Q3_K_M,1.47,128,256,4096,1,0.20152319999999999,gpu,9.523663894377421,183.77588964523812,6.0,consumer_low,mlx,2.1000321117808025,16.537169792924676,3.651609952654242,2.484088403166151,17.00720025464972,3.544313144561307,1.0,synthetic
30.0,dense,Q4_K_M,18.9,128,256,2048,1,1.0076159999999998,gpu,39.37798355639431,427.86934496559303,12.0,consumer_high,mlx,3.543474579420716,68.42253652153359,43.77308897009159,2.3160364534439997,57.30038186351031,2.4291861709359788,1.0,synthetic
1.5,dense,fp32,6.0,128,256,8192,1,0.20152319999999999,gpu,8.25037552282006,201.15347424681232,6.0,consumer_low,ollama,1.2120660413990345,56.05419826573743,13.03917886605211,2.1731964776753516,39.32706919345039,1.451045260028598,1.0,synthetic
70.0,dense,fp32,280.0,128,256,4096,1,4.702208,gpu,43.52894373321988,460.13050563895007,12.0,consumer_high,ollama,7.479653017639479,909.9151491068136,909.2510869595905,3.2473253105699658,1174.6167184271076,13.995267472027264,1.0,synthetic
3.0,moe,fp16,6.0,128,256,2048,1,0.10076159999999999,gpu,63.61441450188781,708.590050805997,24.0,consumer_flagship,mlx,0.20959610235723633,12.299599330208313,15.09049033869809,2.5150817231163485,16.135928364335037,0.28765102079690796,1.0,synthetic
8.0,dense,fp32,32.0,128,256,2048,1,0.2686976,gpu,65.00219866549422,681.5111999571614,24.0,consumer_flagship,transformers,0.546990044729516,67.64105920998668,115.12039037593425,3.5975121992479453,73.41809834168508,0.7217736924182683,1.0,synthetic
13.0,moe,Q5_K_M,9.49,128,256,4096,1,0.8732671999999999,gpu,7.961565533883077,206.33827335940467,6.0,consumer_low,vllm,10.885631261568843,91.31754227282909,23.04671073826403,2.4285258944429957,83.96584921555579,8.590097433913852,1.0,synthetic
30.0,dense,fp16,60.0,128,256,16384,1,8.060927999999999,cpu,1.0576220941073107,70.03204870278495,16.0,cpu_modern,llama.cpp,113.46207749308262,1295.8053588455318,156.77694901181465,2.612949150196911,1605.9976941303719,105.75049418930287,1.0,synthetic
1.0,dense,Q3_K_M,0.49,128,256,16384,1,0.2686976,gpu,65.1521987471962,683.0470488448645,24.0,consumer_flagship,ollama,0.06821633851053585,1.5867921779600311,1.8041970935602565,3.68203488481685,1.5687661559034651,0.05422741102838216,1.0,synthetic
2.0,moe,Q8_0,2.12,128,256,4096,1,0.1343488,cpu,0.1557791905476564,40.57303636962672,8.0,cpu_low,transformers,85.59123517370159,101.02315150039901,9.557708592398102,4.508353109621746,108.36539616497285,145.06313048629457,1.0,synthetic
3.8,dense,Q6_K,3.1159999999999997,128,256,8192,1,0.5105254399999999,gpu,71.26707307656353,772.0984952354554,24.0,consumer_flagship,transformers,0.23698025132510836,6.709960789382878,13.631486077824125,4.37467460777411,3.983413609928982,0.22406046105665156,1.0,synthetic
1.5,dense,Q3_K_M,0.735,128,256,512,1,0.012595199999999999,gpu,8.868494105178987,181.00653178420606,6.0,consumer_low,llama.cpp,1.12758715080616,7.509474860390669,2.325156528266833,3.1634782697507933,6.148178732179728,1.106301768509836,1.0,synthetic
8.0,dense,Q6_K,6.56,128,256,8192,1,1.0747904,gpu,163.65919467581716,1008.4789877074817,40.0,datacenter_low,ollama,0.27932610694338594,12.617665634851646,23.781855776785644,3.62528289280269,11.777280784070202,0.37040195635538026,1.0,synthetic
2.0,dense,Q4_K_M,1.26,128,256,4096,1,0.1343488,apple,30.79133307761115,695.9755346994134,128.0,apple_ultra,vllm,0.23619397232318545,2.504306420415713,3.9392725496033716,3.1264067853995012,2.151868951775359,0.25164981340719317,1.0,synthetic
1.0,dense,bf16,2.0,128,256,4096,1,0.0671744,cpu,1.091144363558034,75.26720024268981,16.0,cpu_modern,mlx,3.6658760596596847,36.619304616701584,6.103123205716971,3.0515616028584853,27.969303271525682,2.9815760628521284,1.0,synthetic
1.5,dense,fp16,3.0,128,256,2048,1,0.050380799999999996,gpu,43.27919919575393,435.3070516585941,12.0,consumer_high,transformers,0.16120317186300875,10.305034344275356,12.504639770149243,4.168213256716414,8.859110645616465,0.08317906464649122,1.0,synthetic
70.0,dense,Q8_0,74.2,128,256,4096,1,4.702208,cpu,0.418807538166593,47.818336345593586,16.0,cpu_older,llama.cpp,835.7060656839877,2538.5243733783323,149.58277968377382,2.015940427005038,2409.31968204056,1573.9090267463384,1.0,synthetic
8.0,dense,Q4_0,4.72,128,256,16384,1,2.1495808,gpu,70.93764552742053,757.2900103909708,24.0,consumer_flagship,llama.cpp,0.5012226623987932,12.958954591354352,20.293853101381398,4.299545148597754,10.785941505669937,0.5137049663364206,1.0,synthetic
1.5,dense,fp16,3.0,128,256,512,1,0.012595199999999999,cpu,1.025114076319409,83.29635787371937,16.0,cpu_modern,ollama,5.8530071321842785,48.22291997556028,10.662072597641624,3.5540241992138744,58.18439188789824,7.058107763376016,1.0,synthetic
1.5,dense,int8,1.5,128,256,8192,1,0.20152319999999999,gpu,8.02887619912249,210.2694484027813,6.0,consumer_low,transformers,1.2455043211518124,14.712924625780413,3.7644645272283093,2.509643018152206,20.896231386294673,1.5355851396754603,1.0,synthetic
1.0,moe,Q3_K_M,0.49,128,256,16384,1,0.2686976,apple,7.267940479760694,167.56842827486975,32.0,apple_pro,transformers,0.6115135995982708,6.468126039278844,2.0953115221109635,4.2761459634917625,7.070188103493694,0.6528428343324222,1.0,synthetic
0.5,dense,fp16,1.0,128,256,2048,1,0.0167936,cpu,1.0291465917970906,80.35121826112221,16.0,cpu_modern,vllm,1.9433577450881998,16.872485935362164,3.897173972985162,3.897173972985162,17.69607992465812,2.577475541526789,1.0,synthetic
3.8,dense,fp16,7.6,128,256,512,1,0.03190783999999999,cpu,0.8969430148010802,76.199144911475,16.0,cpu_modern,vllm,16.946450052204245,133.54319306104958,19.811395315959395,2.606762541573605,104.32043821078653,22.42167466377592,1.0,synthetic
7.0,dense,Q5_K_M,5.109999999999999,128,256,8192,1,0.9404416,apple,2.832444127401974,62.7266128110538,16.0,apple_base,ollama,12.356819208329215,148.39589251130988,24.137164417834576,4.7235155416506025,135.2678148804615,8.105460477297127,1.0,synthetic
1.5,dense,Q6_K,1.23,128,256,2048,1,0.050380799999999996,gpu,65.137663111405,634.4632799712178,24.0,consumer_flagship,llama.cpp,0.10234734174090128,2.8829334751325653,3.8725274407702712,3.1483962933091636,3.047662418563456,0.0886389414759068,1.0,synthetic
1.5,dense,fp32,6.0,128,256,16384,1,0.40304639999999997,gpu,164.48239259634116,943.0679075330079,40.0,datacenter_low,mlx,0.052111526566031,11.315986807266565,24.462460604299043,4.077076767383174,9.599949606411052,0.06733928067444729,1.0,synthetic
3.0,dense,Q4_K_M,1.8900000000000001,128,256,8192,1,0.40304639999999997,apple,7.433748763264925,169.75808157526313,32.0,apple_pro,mlx,1.7936217321766597,19.29675772152407,5.308132259197186,2.808535586876818,13.523588498291257,2.4986613006548968,1.0,synthetic
3.0,dense,Q5_K_M,2.19,128,256,2048,1,0.10076159999999999,cpu,0.907277975521493,81.28452769291148,16.0,cpu_modern,vllm,13.226376395946938,37.57601706857624,6.1186521268995975,2.793905080776072,42.18933972553065,8.776447435807256,1.0,synthetic
13.0,moe,int8,13.0,128,256,16384,1,3.4930687999999996,apple,28.311948452830332,875.5855348497294,128.0,apple_ultra,ollama,1.6697094285646539,23.545770435253065,33.32117382199783,2.563167217076756,28.13750336831154,2.0970121739003478,1.0,synthetic
3.8,dense,Q4_K_M,2.3939999999999997,128,256,16384,1,1.0210508799999998,apple,23.6659180705746,847.7477188369726,128.0,apple_ultra,vllm,0.583885306159446,5.0354763630109165,5.0117127844421345,2.0934472783801734,3.9132548141608967,0.32405616919377916,1.0,synthetic
13.0,dense,Q6_K,10.66,128,256,8192,1,1.7465343999999998,apple,2.7836188043475443,58.486998639039065,16.0,apple_base,transformers,23.350898441439227,326.34562285881725,39.1436426829448,3.6720115087190246,300.304717149641,27.061122310921785,1.0,synthetic
30.0,dense,int8,30.0,128,256,512,1,0.25190399999999996,gpu,38.77622082892526,525.0271086958487,12.0,consumer_high,transformers,3.598465263970327,84.73485155491137,139.93063700406321,4.664354566802107,100.41510874349646,3.2867321022436022,1.0,synthetic
13.0,moe,Q6_K,10.66,128,256,16384,1,3.4930687999999996,gpu,142.13807782627865,1008.2594418364263,40.0,datacenter_low,llama.cpp,0.5226306379104577,23.395216569493673,39.76294271547105,3.730107196573269,20.80606069545064,0.6341360055285782,1.0,synthetic
2.0,dense,int8,2.0,128,256,4096,1,0.1343488,cpu,0.8701767741902103,67.46690926437127,16.0,cpu_modern,mlx,9.193534276348423,42.180654650247085,9.148139626043374,4.574069813021687,50.96600619670045,11.047907893496152,1.0,synthetic
0.5,dense,int8,0.5,128,256,16384,1,0.1343488,apple,17.239327338309703,368.97957823082413,64.0,apple_max,vllm,0.11601380731112088,2.292263447357757,1.1951210047434204,2.390242009486841,2.2371562536469805,0.09974055228365412,1.0,synthetic
1.5,dense,int8,1.5,128,256,16384,1,0.40304639999999997,cpu,0.12850916501229248,36.792117048669915,8.0,cpu_low,transformers,77.81546163686811,94.04417688330469,4.407500951446593,2.938333967631062,102.23045529121825,119.55185157801151,1.0,synthetic
3.8,moe,Q3_K_M,1.8619999999999999,128,256,512,1,0.03190783999999999,apple,15.694539024717237,367.84218163705725,64.0,apple_max,transformers,0.9684897387595527,6.864928981486167,3.9415077612173004,2.116814050062997,9.58454117335862,1.1698874789485327,1.0,synthetic
1.5,dense,Q3_K_M,0.735,128,256,2048,1,0.050380799999999996,apple,3.3034076650475868,70.4383344807406,16.0,apple_base,vllm,2.2703828169182256,17.153701358122312,3.3760753093447424,4.593299740605092,28.368562686278075,3.0865727190106975,1.0,synthetic
8.0,dense,fp32,32.0,128,256,512,1,0.0671744,cpu,0.1539121427951508,39.33254837631182,8.0,cpu_low,ollama,346.51803532043124,1482.3334836259742,101.3661252824117,3.1676914150753657,2306.682788254074,298.9546269975129,1.0,synthetic
0.5,dense,Q4_0,0.295,128,256,8192,1,0.0671744,gpu,8.267963748705446,205.81111261326558,6.0,consumer_low,ollama,0.4031625481975835,3.199530388469731,0.7772977702343271,2.6349076957095834,3.5075450214592845,0.21471936012449314,1.0,synthetic
2.0,moe,bf16,4.0,128,256,4096,1,0.1343488,apple,3.446067998548995,77.81480532050588,16.0,apple_base,llama.cpp,2.9018580028631504,81.73941435934528,16.5812019354044,4.1453004838511,108.11016187768732,3.4217287843209725,1.0,synthetic
0.5,dense,fp32,2.0,128,256,2048,1,0.0167936,gpu,46.25763595703282,433.00219954833466,12.0,consumer_high,mlx,0.05027454056469709,6.849556293871434,8.065189683302108,4.032594841651054,11.16432284881887,0.0431971614490686,1.0,synthetic
1.0,dense,Q4_0,0.59,128,256,4096,1,0.0671744,cpu,0.14429051782900726,43.48829168630051,8.0,cpu_low,ollama,46.20308227438103,27.475499706302458,2.402864638494956,4.072651929652468,27.484977991015295,31.500853040592844,1.0,synthetic
7.0,dense,Q3_K_M,3.4299999999999997,128,256,512,1,0.0587776,apple,8.473125934140342,156.6887530545967,32.0,apple_pro,transformers,3.671739491768519,31.808077496560227,13.403825963046854,3.9078209804801327,26.41941637882439,3.1742575901358654,1.0,synthetic
1.5,dense,Q5_K_M,1.095,128,256,8192,1,0.20152319999999999,cpu,0.15446859522627468,34.706181238532054,8.0,cpu_low,transformers,64.73807821810907,67.92204803200109,4.3835935434163575,4.003281774809459,61.4936960719906,111.75782111028143,1.0,synthetic
30.0,dense,Q6_K,24.599999999999998,128,256,2048,1,1.0076159999999998,gpu,770.8470867517315,2252.2963214326924,80.0,datacenter,mlx,0.15567289811740403,15.1594120520879,111.05583715416182,4.514464924965928,22.357497016589463,0.20112966345607072,1.0,synthetic
3.0,dense,Q8_0,3.18,128,256,2048,1,0.10076159999999999,gpu,70.90481322907775,796.793230855053,24.0,consumer_flagship,llama.cpp,0.18804553211721026,5.88208095177314,10.194003886957566,3.20566159967219,4.60363085562981,0.4711932067130911,1.0,synthetic
30.0,dense,Q5_K_M,21.9,128,256,16384,1,8.060927999999999,apple,13.44160969279892,408.7128679458426,64.0,apple_max,ollama,8.927502192262557,97.74075428741672,82.11563584100531,3.7495724128312933,107.6515302275887,8.396334820643462,1.0,synthetic
30.0,moe,int8,30.0,128,256,16384,1,8.060927999999999,gpu,46.253342436859484,478.23869913155147,12.0,consumer_high,ollama,3.0167524414351137,117.03769068211685,114.61622599861252,3.8205408666204175,95.6444026539972,2.884868569592421,1.0,synthetic
3.8,moe,fp16,7.6,128,256,2048,1,0.12763135999999997,cpu,0.16714378525378457,42.81117868629567,8.0,cpu_low,transformers,151.56610995059248,328.1908900317494,34.87632775498228,4.588990494076616,247.38395099227125,182.69813699293152,1.0,synthetic
70.0,dense,fp16,140.0,128,256,4096,1,4.702208,cpu,0.16737420458909433,34.905449298658084,8.0,cpu_low,vllm,2788.1636110674212,7537.359607815681,617.1089311882304,4.407920937058789,6025.394248457179,3759.123328941731,1.0,synthetic
2.0,dense,fp16,4.0,128,256,4096,1,0.1343488,gpu,10.342542329739727,171.80156031976358,6.0,consumer_low,transformers,1.2891736778290632,43.753955459955634,19.680591429977852,4.920147857494463,46.612713636515494,1.6488938300981704,1.0,synthetic
0.5,dense,fp32,2.0,128,256,8192,1,0.0671744,apple,14.842542828868924,441.68655166856485,64.0,apple_max,vllm,0.13474780049884552,6.240245538201422,4.40209922650726,2.20104961325363,5.962049402135219,0.11651456161823964,1.0,synthetic
7.0,dense,Q4_K_M,4.41,128,256,8192,1,0.9404416,cpu,0.17139044100655818,42.05153941177156,8.0,cpu_low,transformers,272.28278539105327,231.33696821668406,9.759791582052149,2.2131046671320065,219.73241854587383,217.64551785881363,1.0,synthetic
8.0,dense,Q3_K_M,3.92,128,256,2048,1,0.2686976,cpu,0.9132379304650086,70.56458750294796,16.0,cpu_modern,llama.cpp,35.040156494273106,79.14635840675768,9.02750253617687,2.302934320453283,51.35818492840955,32.69498349234031,1.0,synthetic
0.5,dense,Q8_0,0.53,128,256,512,1,0.0041984,apple,24.30667782166227,715.3461352525018,128.0,apple_ultra,transformers,0.07480174096689768,0.9334613931538184,1.502605885843624,2.8351054449879696,0.9191584793263399,0.0863728694146782,1.0,synthetic
1.0,dense,Q6_K,0.82,128,256,2048,1,0.0335872,cpu,1.089487959162756,72.79689027166802,16.0,cpu_modern,vllm,3.671449478958812,15.634133029850213,1.959010286431619,2.3890369346727063,12.130498725956722,2.921889868140276,1.0,synthetic
13.0,moe,fp16,26.0,128,256,4096,1,0.8732671999999999,cpu,0.9269389183050297,73.46656700483837,16.0,cpu_modern,mlx,56.09862632058378,487.71875962264,68.41954129389676,2.6315208189960293,435.15779855344937,59.236583289319746,1.0,synthetic
0.5,moe,Q5_K_M,0.365,128,256,2048,1,0.0167936,gpu,163.90606381312543,804.6689193676181,40.0,datacenter_low,mlx,0.017431587280385047,0.7907881755477109,0.8996432157020697,2.464775933430328,0.985674298951227,0.015552345365369634,1.0,synthetic
0.5,moe,fp16,1.0,128,256,4096,1,0.0335872,cpu,0.13122315760281852,38.221877703321724,8.0,cpu_low,llama.cpp,25.40202045299462,49.166853317154946,4.411414671450426,4.411414671450426,56.74126005705968,14.865881702359127,1.0,synthetic
13.0,dense,Q4_0,7.67,128,256,4096,1,0.8732671999999999,gpu,57.92439551897849,716.9468077563998,24.0,consumer_flagship,transformers,0.9974688084374971,17.023114262499462,29.698205152021885,3.871995456586947,12.719728145569977,1.0028822398355894,1.0,synthetic
0.5,dense,Q5_K_M,0.365,128,256,16384,1,0.1343488,cpu,0.9320921253582315,76.51970269925404,16.0,cpu_modern,mlx,2.145710649825884,8.701006100569842,1.0655774975068881,2.919390404128461,8.527435959424292,1.6712201454851552,1.0,synthetic
0.5,dense,Q6_K,0.41,128,256,512,1,0.0041984,cpu,0.16450715450334094,33.29639493500968,8.0,cpu_low,vllm,20.262543251671385,22.617703852622235,1.7117574738479158,4.175018228897356,16.814940709586573,10.096482505684461,1.0,synthetic
70.0,dense,Q3_K_M,34.3,128,256,8192,1,9.404416,apple,8.178290180216505,157.52455517373815,32.0,apple_pro,llama.cpp,38.04109468550003,396.35014319601703,100.8977886127422,2.9416264901674114,447.11449484308713,42.49077351849839,1.0,synthetic
1.5,dense,Q8_0,1.59,128,256,512,1,0.012595199999999999,gpu,9.102661304482536,220.40648470635196,6.0,consumer_low,vllm,1.0985798180885378,13.220162094720257,5.514402403429429,3.4681776122197663,9.832105009584161,0.9457310824240783,1.0,synthetic
7.0,dense,Q4_K_M,4.41,128,256,8192,1,0.9404416,gpu,26.812310888770313,349.2197524290962,8.0,consumer_mid,transformers,1.3053705122693808,23.570970880451235,13.601371997058875,3.084211337201559,32.192671592330115,1.2813134890622349,1.0,synthetic
7.0,dense,bf16,14.0,128,256,4096,1,0.4702208,gpu,775.5568817104455,2430.1036007137923,80.0,datacenter,vllm,0.03610309012827999,7.939426009519195,60.022772264344475,4.287340876024605,6.96084164656892,0.02002718707313677,1.0,synthetic
0.5,dense,Q8_0,0.53,128,256,8192,1,0.0671744,gpu,133.17009125387975,818.0331882854446,40.0,datacenter_low,vllm,0.021454838922471776,1.2166873922960812,1.8385028946598894,3.4688733861507344,1.9584749055371755,0.034943689181828476,1.0,synthetic
30.0,dense,fp32,120.0,128,256,2048,1,1.0076159999999998,gpu,26.08558936432614,321.63180620874994,8.0,consumer_mid,ollama,5.750301360073368,578.8157746939222,478.2002134665081,3.9850017788875673,342.6862562917339,7.451309667630819,1.0,synthetic
13.0,dense,Q5_K_M,9.49,128,256,16384,1,3.4930687999999996,gpu,40.156517835537514,510.63161252592135,12.0,consumer_high,llama.cpp,1.5057360433169742,37.39045481506476,25.20666801521242,2.65612940097075,32.271960147381755,1.171286965337387,1.0,synthetic
13.0,dense,Q5_K_M,9.49,128,256,16384,1,3.4930687999999996,gpu,58.81533670744193,768.3992998277399,24.0,consumer_flagship,vllm,0.982359041234004,24.13750396052557,46.59380817657758,4.9097795760355725,26.545551288433074,0.9276963483170072,1.0,synthetic
8.0,moe,Q8_0,8.48,128,256,512,1,0.0671744,gpu,9.192403268830162,178.5800673599436,6.0,consumer_low,vllm,5.801892255334073,87.02156584803069,26.306420138053472,3.1021721860912113,117.99541400236402,4.9740042802708535,1.0,synthetic
0.5,dense,Q4_0,0.295,128,256,16384,1,0.1343488,apple,13.14157748236255,406.8141893113825,64.0,apple_max,mlx,0.15218873097116548,1.407190510330239,0.7449839790153626,2.5253694203910597,1.555792905678591,0.17514532839132638,1.0,synthetic
30.0,dense,bf16,60.0,128,256,512,1,0.25190399999999996,apple,8.41463507458992,137.4226918546041,32.0,apple_pro,vllm,15.845408880055471,626.3459652100013,164.94041149324144,2.7490068582206906,693.7104853920788,14.44772924388104,1.0,synthetic
2.0,dense,int8,2.0,128,256,2048,1,0.0671744,cpu,0.1393461305933105,32.64752706157017,8.0,cpu_low,ollama,95.68499158579017,115.12354065907451,7.763973610544068,3.881986805272034,123.97153955395773,107.08538914225124,1.0,synthetic
7.0,dense,int8,7.0,128,256,2048,1,0.2351104,apple,8.60063783345322,134.34218553410213,32.0,apple_pro,mlx,3.6173027760918717,76.93690525360917,15.969307051397344,2.2813295787710492,45.6602866502233,3.0354003882343785,1.0,synthetic
1.0,dense,fp16,2.0,128,256,8192,1,0.1343488,apple,14.937587183467157,450.48875804111617,64.0,apple_max,mlx,0.2677808638618142,6.3171352208089155,9.45060731127625,4.725303655638125,5.361355467413445,0.21492757440824964,1.0,synthetic
3.0,dense,Q4_0,1.77,128,256,8192,1,0.40304639999999997,gpu,44.568932232162915,494.9449119409728,12.0,consumer_high,ollama,0.31307656866016564,6.456590205273893,6.127379030271269,3.4617960623001522,5.547709012392307,0.35915489748396706,1.0,synthetic
30.0,dense,Q4_0,17.7,128,256,8192,1,4.030463999999999,apple,2.9369866927089534,69.97697808715178,16.0,apple_base,ollama,51.07275438883459,477.74973985424657,44.4646140918927,2.5121250899374408,640.3421331375916,45.77098554094216,1.0,synthetic
30.0,moe,Q3_K_M,14.7,128,256,16384,1,8.060927999999999,cpu,0.1288708658839032,34.99524525078842,8.0,cpu_low,ollama,1551.941151541384,1182.5465190478444,56.527195097866915,3.8453874216235997,1225.0534371485833,819.0063508845811,1.0,synthetic
1.0,moe,Q8_0,1.06,128,256,16384,1,0.2686976,apple,3.369545145492979,68.20102179482933,16.0,apple_base,transformers,1.4838798069489816,29.97242709934195,2.231018737446792,2.104734657968671,25.47174200244254,1.4847017872363426,1.0,synthetic
7.0,dense,Q4_K_M,4.41,128,256,16384,1,1.8808832,gpu,25.38369971437279,343.50875439107614,8.0,consumer_mid,mlx,1.3788376160226266,28.174774943684156,9.150375089808566,2.074914986351149,26.221119982547414,1.5029645259349915,1.0,synthetic
3.0,dense,Q5_K_M,2.19,128,256,2048,1,0.10076159999999999,cpu,0.14770674455685565,35.37575297378601,8.0,cpu_low,mlx,135.40343103494197,117.73660603056105,6.226496858596462,2.8431492505006677,125.30423311189851,103.56616978110463,1.0,synthetic
7.0,dense,fp32,28.0,128,256,8192,1,0.9404416,apple,13.530732226597598,385.5701827503181,64.0,apple_max,transformers,2.069363248868373,100.0784220175408,119.0646505337287,4.252308947633168,89.42952494610455,3.01737037636364,1.0,synthetic
8.0,dense,Q8_0,8.48,128,256,4096,1,0.5373952,cpu,0.3550583556158981,48.68241416547856,16.0,cpu_older,ollama,112.65753746483288,284.96770199504994,31.353482755154946,3.697344664522989,344.08772523693665,80.54937325261227,1.0,synthetic
3.0,moe,Q8_0,3.18,128,256,4096,1,0.20152319999999999,apple,30.476072209414664,772.9574043140753,128.0,apple_ultra,vllm,0.35795593454857594,5.46848244988476,13.755828254505415,4.325732155504848,5.604209609700567,0.5280396763738744,1.0,synthetic
1.0,moe,int8,1.0,128,256,2048,1,0.0335872,apple,7.362621440027635,143.0287685480955,32.0,apple_pro,transformers,0.6036497300108048,10.323469591787966,2.796489222287217,2.796489222287217,11.713839109261192,0.64017891157329,1.0,synthetic
3.8,dense,Q8_0,4.028,128,256,8192,1,0.5105254399999999,gpu,155.0158625051547,948.194991439012,40.0,datacenter_low,mlx,0.14007783050953032,7.977482622205136,19.501499117686595,4.841484388700744,9.913639626134083,0.12218500646697096,1.0,synthetic
8.0,dense,int8,8.0,128,256,8192,1,1.0747904,gpu,10.039108817779212,214.3440185563623,6.0,consumer_low,vllm,5.312556552717135,76.97727709043717,39.120647690704914,4.890080961338114,60.51180787940537,3.958151090557676,1.0,synthetic
0.5,dense,Q4_0,0.295,128,256,2048,1,0.0167936,gpu,38.38884069513184,532.4074959863217,12.0,consumer_high,ollama,0.060579620359406894,0.8612200306281562,1.466246328786876,4.970326538260597,1.0720861715683985,0.09423199197932787,1.0,synthetic
7.0,dense,bf16,14.0,128,256,16384,1,1.8808832,gpu,660.4946815103823,2379.978897844936,80.0,datacenter,mlx,0.04239246852975586,8.896932217553186,38.964038101863615,2.783145578704544,8.658645313119983,0.03335361563847775,1.0,synthetic
2.0,dense,fp32,8.0,128,256,2048,1,0.0671744,gpu,8.577144095879639,220.07430741533764,6.0,consumer_low,ollama,1.554518984907635,66.6483515974459,17.48340305654134,2.1854253820676677,78.22194719930845,1.4681678039294628,1.0,synthetic
2.0,dense,Q8_0,2.12,128,256,4096,1,0.1343488,gpu,39.496867129503606,449.41864838093437,12.0,consumer_high,vllm,0.2355205933395826,7.376682822292188,10.396965786026666,4.9042291443522,5.6095686648266705,0.2575762798806873,1.0,synthetic
1.0,dense,fp32,4.0,128,256,2048,1,0.0335872,apple,7.872114865420448,150.0683082157575,32.0,apple_pro,transformers,0.5645807410620232,38.397630366345254,15.942963591644139,3.9857408979110347,36.64480635226359,0.3461739627979666,1.0,synthetic
1.5,dense,Q4_K_M,0.9450000000000001,128,256,16384,1,0.40304639999999997,gpu,161.3029711629319,968.5443823316765,40.0,datacenter_low,mlx,0.05313868994248459,2.31971197292083,4.20735124711282,4.452223541918328,2.879862875579262,0.055863085382856455,1.0,synthetic
3.0,dense,fp16,6.0,128,256,4096,1,0.20152319999999999,cpu,0.16156716516143813,33.280575609758905,8.0,cpu_low,ollama,123.78752811572805,338.80113311400777,19.24331266738761,3.207218777897935,267.2499003567357,209.09225631652075,1.0,synthetic
30.0,dense,int8,30.0,128,256,2048,1,1.0076159999999998,cpu,0.1673064099703326,42.95688401047878,8.0,cpu_low,llama.cpp,1195.4114611356774,1312.420231006771,122.19502314653356,4.073167438217785,1226.706504113929,1428.5621735290667,1.0,synthetic
70.0,moe,Q5_K_M,51.1,128,256,16384,1,18.808832,gpu,23.28724885955777,317.51403247281723,8.0,consumer_mid,ollama,15.029684361205671,338.7316409077979,168.11250311224669,3.2898728593394653,296.77187532811246,10.946939397671569,1.0,synthetic
70.0,dense,fp32,280.0,128,256,8192,1,9.404416,apple,29.680688285546054,708.7738624334509,128.0,apple_ultra,llama.cpp,8.576130448747492,510.396247906174,801.8740878478336,2.8638360280279773,540.5114996662612,14.336132934614305,1.0,synthetic
0.5,dense,int8,0.5,128,256,4096,1,0.0335872,apple,2.993537626079542,63.91881822345126,16.0,apple_base,mlx,0.8351323124253164,12.842906164904692,1.246608293618318,2.493216587236636,9.1222168460578,1.515912686764766,1.0,synthetic
70.0,moe,Q8_0,74.2,128,256,8192,1,9.404416,gpu,22.124373059167723,354.9030466175737,8.0,consumer_mid,vllm,15.819657310242729,362.41497413837504,311.5658238677559,4.199000321667869,338.140293380963,19.605340831646302,1.0,synthetic
3.0,dense,int8,3.0,128,256,8192,1,0.40304639999999997,gpu,157.1397609722895,1016.5198268635597,40.0,datacenter_low,transformers,0.10909305854092631,5.579570461994814,11.913274484106967,3.9710914947023226,5.9602761603115395,0.15979748840722974,1.0,synthetic
7.0,dense,Q3_K_M,3.4299999999999997,128,256,512,1,0.0587776,apple,3.358547819925631,65.95018320557347,16.0,apple_base,ollama,10.421170659637953,81.38491650759445,7.934836991250558,2.3133635543004543,91.45700886973789,12.130821807325997,1.0,synthetic
3.8,dense,Q4_0,2.242,128,256,16384,1,1.0210508799999998,apple,8.18445771471848,148.3791764175099,32.0,apple_pro,mlx,2.0635318157386084,31.416141871729398,4.70221461811338,2.097330338141561,45.89794509929291,2.4720666088163528,1.0,synthetic
1.0,moe,Q4_K_M,0.63,128,256,512,1,0.0083968,apple,8.380922332944852,151.45313441781545,32.0,apple_pro,transformers,0.5303049315913152,6.021634560929566,3.0334167271509873,4.814947185953948,3.893373729457251,0.6315174202964449,1.0,synthetic
3.8,dense,Q8_0,4.028,128,256,4096,1,0.25526271999999994,apple,8.764976550761721,171.76052429311483,32.0,apple_pro,transformers,1.9268607041990498,35.62487229262857,8.664423683897663,2.1510485809080597,22.11137460982928,1.4885114551821907,1.0,synthetic
2.0,dense,fp32,8.0,128,256,16384,1,0.5373952,gpu,606.0807041505166,2644.0084419599907,80.0,datacenter,vllm,0.013199562278117414,4.3052788407746885,30.73528735180558,3.8419109189756977,2.943815643511132,0.012305042763117346,1.0,synthetic
1.5,dense,fp32,6.0,128,256,8192,1,0.20152319999999999,apple,7.406859483800266,153.49342894549903,32.0,apple_pro,transformers,0.9000665776429951,57.71790309205054,26.772530893802028,4.462088482300338,75.65928490637644,0.7814345054954972,1.0,synthetic
7.0,dense,Q5_K_M,5.109999999999999,128,256,512,1,0.0587776,gpu,64.55833276338683,668.6720129603532,24.0,consumer_flagship,mlx,0.4819069789973767,11.04273523772829,15.25099147128739,2.984538448392836,14.73408657881773,0.41247215979235624,1.0,synthetic
2.0,dense,Q6_K,1.64,128,256,2048,1,0.0671744,apple,2.7381534363361615,59.52764217425626,16.0,apple_base,mlx,3.652096287701353,44.12105129509051,7.417270855182303,4.522726131208722,30.177617382362698,1.5615121031649384,1.0,synthetic
70.0,dense,Q6_K,57.4,128,256,16384,1,18.808832,gpu,137.45574134007288,867.867643890468,40.0,datacenter_low,transformers,2.9100275921569443,146.35263901603676,181.0300272835439,3.1538332279363046,165.19567767000254,3.3423108913751927,1.0,synthetic
13.0,dense,bf16,26.0,128,256,4096,1,0.8732671999999999,apple,7.901897655888034,141.1478650882177,32.0,apple_pro,ollama,7.3118863713357705,271.98698110163866,93.46262790956503,3.5947164580601934,285.24834135955393,8.366761653318143,1.0,synthetic
3.0,dense,Q4_0,1.77,128,256,2048,1,0.10076159999999999,apple,12.896965773530232,397.07154301864097,64.0,apple_max,transformers,0.9304514108759466,6.281862409573129,7.025534994588488,3.9692288105019706,4.715410649828205,0.847205527733346,1.0,synthetic
3.8,dense,int8,3.8,128,256,4096,1,0.25526271999999994,gpu,10.27210744989437,203.73132866387152,6.0,consumer_low,vllm,2.466225500161978,36.19082540623545,12.36140375231374,3.253000987450984,33.22053951357937,2.5956266616070627,1.0,synthetic
3.8,dense,Q8_0,4.028,128,256,16384,1,1.0210508799999998,gpu,39.82083954972069,516.9193753304764,12.0,consumer_high,transformers,0.44384846739814987,14.364086892240051,8.984088035831467,2.2304091449432644,15.024600567417563,0.5137349097385135,1.0,synthetic
8.0,moe,fp32,32.0,128,256,16384,1,2.1495808,cpu,0.9563998614955248,77.96728426231721,16.0,cpu_modern,mlx,33.45880869321909,583.9984659053553,142.20841645215896,4.444013014129967,780.2909572077006,30.248260219318965,1.0,synthetic
8.0,moe,int8,8.0,128,256,16384,1,2.1495808,cpu,1.0335493060309664,73.88447105585752,16.0,cpu_modern,ollama,30.961270849173438,183.1612814791496,24.5175444036773,3.0646930504596623,163.05097265741153,28.391747023437077,1.0,synthetic
13.0,moe,Q8_0,13.780000000000001,128,256,8192,1,1.7465343999999998,gpu,63.30686408555053,736.9228142718555,24.0,consumer_flagship,ollama,0.9126621356524477,30.099167781211897,43.90002009992406,3.185777946293473,26.196107421642946,0.9703748712649658,1.0,synthetic
1.5,moe,int8,1.5,128,256,4096,1,0.10076159999999999,cpu,0.13568004902478129,34.4464823652496,8.0,cpu_low,vllm,73.70280355790223,84.49268071853369,6.9569859705531325,4.637990647035422,62.595912556585624,67.5159775270539,1.0,synthetic
1.5,dense,Q6_K,1.23,128,256,2048,1,0.050380799999999996,gpu,152.56682309737658,827.472771821749,40.0,datacenter_low,ollama,0.056181471157446934,2.5788981494845986,5.99545545291271,4.874354026758301,3.9992046417258713,0.05649247802937586,1.0,synthetic
1.5,dense,Q6_K,1.23,128,256,512,1,0.012595199999999999,apple,7.329070410189005,167.3781797458205,32.0,apple_pro,ollama,0.9096196780151747,10.605540116971705,3.947847236448306,3.2096318995514683,14.939055237996358,1.3966948688208107,1.0,synthetic
1.5,dense,Q3_K_M,0.735,128,256,2048,1,0.050380799999999996,gpu,9.681474282220226,201.87764110105587,6.0,consumer_low,vllm,1.0329005385434673,7.073418745735593,3.082949703215122,4.194489392129418,5.888996860400179,1.7820947142822914,1.0,synthetic
1.0,dense,bf16,2.0,128,256,16384,1,0.2686976,apple,29.628219292596846,715.1447015846759,128.0,apple_ultra,vllm,0.12273311468543938,3.9654520179147577,9.067995454541347,4.533997727270673,4.1189128327280775,0.17883360306426438,1.0,synthetic
7.0,dense,Q4_K_M,4.41,128,256,8192,1,0.9404416,gpu,63.66038327364978,674.5985019304374,24.0,consumer_flagship,ollama,0.4887044266977981,11.330425398407087,19.98892906353567,4.532636975858429,10.816039621058216,0.5363342445479935,1.0,synthetic
3.8,dense,fp32,15.2,128,256,4096,1,0.25526271999999994,gpu,8.95685554577539,200.84572655307556,6.0,consumer_low,mlx,2.8283735518412043,139.91075715171579,45.22963055019524,2.9756335888286345,165.544587856111,1.6658292658245952,1.0,synthetic
0.5,dense,int8,0.5,128,256,2048,1,0.0167936,apple,6.8942465941799655,139.73993724049603,32.0,apple_pro,transformers,0.32232995902673306,5.283218140838138,2.092556281509469,4.185112563018938,5.1599182162868535,0.36557034752601214,1.0,synthetic
7.0,dense,Q4_0,4.13,128,256,16384,1,1.8808832,cpu,0.9537418295231275,80.74198633926089,16.0,cpu_modern,transformers,29.35804966633376,99.2607600667395,11.554853503331952,2.7977853518963562,138.99219193179164,25.46393508548776,1.0,synthetic
3.0,dense,Q8_0,3.18,128,256,8192,1,0.40304639999999997,cpu,0.45883987645523777,38.59788958331874,16.0,cpu_older,mlx,32.69114296665391,142.81555640558702,12.92395461448719,4.0641366712223865,215.70769039697225,45.07317823288914,1.0,synthetic
7.0,dense,bf16,14.0,128,256,4096,1,0.4702208,gpu,39.875232313652695,565.7794675209695,12.0,consumer_high,vllm,0.8165003097357828,37.61136218645039,37.35239532316957,2.668028237369255,42.021509607635814,0.577938103969439,1.0,synthetic
1.5,dense,Q5_K_M,1.095,128,256,512,1,0.012595199999999999,gpu,8.479484325957431,202.78751250368745,6.0,consumer_low,llama.cpp,1.1793169980146034,9.93063837946548,2.7515260819524863,2.5128092072625448,7.4274218231534475,1.0832803368372375,1.0,synthetic
2.0,dense,fp32,8.0,128,256,16384,1,0.5373952,cpu,0.14631651546732596,41.36389990973377,8.0,cpu_low,mlx,91.12664616668519,375.26772768396427,16.39821953518235,2.0497774418977937,304.15029716640777,85.1851028135,1.0,synthetic
70.0,dense,fp32,280.0,128,256,8192,1,9.404416,gpu,47.18320221569341,515.3674162949882,12.0,consumer_high,transformers,6.900366657194514,825.8083766168115,579.9145130613955,2.0711232609335553,731.7744851345994,5.742671233495686,1.0,synthetic
0.5,dense,Q3_K_M,0.245,128,256,512,1,0.0041984,apple,3.3014524851249627,77.68368815939044,16.0,apple_base,ollama,0.7572424595731755,4.935169311986513,1.1282810001009966,4.605228571840803,4.495026040571852,0.650344400201484,1.0,synthetic
0.5,dense,fp16,1.0,128,256,8192,1,0.0671744,cpu,0.45117565575474217,43.91496966789194,16.0,cpu_older,vllm,5.541079107687922,37.38603901236809,2.0859572827329638,2.0859572827329638,23.19550069757116,8.229127249339797,1.0,synthetic
3.0,dense,Q4_K_M,1.8900000000000001,128,256,2048,1,0.10076159999999999,gpu,717.483002385637,2133.476902441767,80.0,datacenter,llama.cpp,0.01672513489532142,1.2441422716890416,4.0082628770623465,2.1207740090276963,1.050513038857775,0.022607699728588233,1.0,synthetic
0.5,dense,Q8_0,0.53,128,256,8192,1,0.0671744,apple,8.212045330359567,145.39579864948746,32.0,apple_pro,ollama,0.2706052064772177,5.8674754954296136,1.4976302978488432,2.8257175431110246,5.9284090015659245,0.30906808584863554,1.0,synthetic
30.0,dense,Q3_K_M,14.7,128,256,2048,1,1.0076159999999998,gpu,26.570791484754807,326.0066602669847,8.0,consumer_mid,vllm,5.6452966441012356,74.12597968744741,53.64920361843065,3.6496056883286156,69.77869013302039,7.133798455837138,1.0,synthetic
13.0,dense,Q3_K_M,6.37,128,256,512,1,0.10915839999999999,cpu,0.8651719311472686,75.09783332241939,16.0,cpu_modern,transformers,60.10366047248546,115.03498149643224,17.026727659690888,2.672955676560579,128.16288662783484,69.20575350207903,1.0,synthetic
8.0,dense,int8,8.0,128,256,16384,1,2.1495808,cpu,0.9178237213031688,84.11071439339297,16.0,cpu_modern,llama.cpp,34.86508275746557,160.8923963801575,36.89652293097855,4.612065366372319,97.94151756253767,29.034330525981265,1.0,synthetic
2.0,dense,Q6_K,1.64,128,256,8192,1,0.2686976,gpu,612.540232082804,2283.344456918528,80.0,datacenter,transformers,0.013060366619181593,1.1145625118550122,4.925253800624643,3.0032035369662458,0.5388677537704568,0.011671331997408508,1.0,synthetic
8.0,dense,int8,8.0,128,256,8192,1,1.0747904,gpu,677.860186216974,2522.4554401976748,80.0,datacenter,transformers,0.04720737498773416,4.796802488762745,35.33037590319967,4.416296987899959,5.10893713431738,0.03307340088572878,1.0,synthetic
70.0,dense,fp16,140.0,128,256,512,1,0.587776,cpu,0.4312193115748191,40.32764871336594,16.0,cpu_older,mlx,811.6519613228706,5363.290274896705,431.6513850632356,3.0832241790231114,4781.742722961499,658.9789017715458,1.0,synthetic
1.0,moe,Q4_0,0.59,128,256,512,1,0.0083968,cpu,0.14588050116338172,40.47011193792013,8.0,cpu_low,ollama,45.6995048241588,26.883893562912068,1.522380557032974,2.5803060288694475,39.78446015883186,35.312515595315936,1.0,synthetic
2.0,dense,Q4_K_M,1.26,128,256,4096,1,0.1343488,apple,8.339610755015004,139.19226620731345,32.0,apple_pro,transformers,1.0658637615123199,14.310614457387128,4.074729014410354,3.233911916198694,11.138942222964822,0.8504879315391404,1.0,synthetic
1.5,dense,fp32,6.0,128,256,4096,1,0.10076159999999999,cpu,0.9221594755540445,80.77172374944085,16.0,cpu_modern,transformers,6.506466786989449,100.7078767469824,26.83830805048829,4.473051341748048,114.58917464064402,8.711949040189708,1.0,synthetic
7.0,dense,fp16,14.0,128,256,512,1,0.0587776,gpu,43.6093941898009,448.44754560632913,12.0,consumer_high,ollama,0.7465854580134988,46.10276752261631,56.193374659623565,4.013812475687398,37.93306650838891,1.1128533258517967,1.0,synthetic
70.0,moe,bf16,140.0,128,256,4096,1,4.702208,cpu,0.13967897738917945,33.57576539297286,8.0,cpu_low,transformers,3340.9942955583097,7835.857814619686,522.6789611054556,3.7334211507532546,9115.86479833142,4668.783032844539,1.0,synthetic
3.0,dense,fp16,6.0,128,256,4096,1,0.20152319999999999,apple,3.329491390840051,63.70456624103755,16.0,apple_base,transformers,4.505192607275494,149.76642156195825,19.40142856565084,3.233571427608473,264.93641398402883,3.7431898207879484,1.0,synthetic
7.0,dense,Q4_K_M,4.41,128,256,4096,1,0.4702208,gpu,63.585985854760224,664.3597801754377,24.0,consumer_flagship,vllm,0.489276224830004,10.493928452681121,11.486220441023518,2.6045851340189383,13.970506345659759,0.5210474938939641,1.0,synthetic
7.0,dense,bf16,14.0,128,256,512,1,0.0587776,gpu,169.54948674390485,951.0536665120219,40.0,datacenter_low,llama.cpp,0.2359193222473023,24.637196432809098,60.73970145981067,4.338550104272191,26.045104279409443,0.3462460452202033,1.0,synthetic
1.5,dense,fp16,3.0,128,256,8192,1,0.20152319999999999,cpu,0.34194404768073605,49.29813573452372,16.0,cpu_older,mlx,21.933412939541935,99.9108837343521,8.277237068282279,2.75907902276076,117.9358176535181,17.650025347574427,1.0,synthetic
70.0,dense,Q4_K_M,44.1,128,256,2048,1,2.351104,apple,3.3290061448549833,59.89798888001253,16.0,apple_base,mlx,105.13648361416483,1193.082409932525,131.10877662360582,2.9729881320545535,1494.273096807817,120.37681475268344,1.0,synthetic
30.0,moe,fp32,120.0,128,256,2048,1,1.0076159999999998,gpu,47.38253061852815,514.1362740962896,12.0,consumer_high,vllm,2.9448592529662703,346.11908444581087,447.1293023264755,3.726077519387296,519.360728448302,3.877751876770746,1.0,synthetic
7.0,dense,Q4_K_M,4.41,128,256,512,1,0.0587776,cpu,0.9787187107907998,71.63725887852779,16.0,cpu_modern,ollama,28.608832845727598,83.17417816665326,17.979847470422904,4.077062918463243,69.20762717982896,35.52225168087191,1.0,synthetic
0.5,dense,Q4_0,0.295,128,256,16384,1,0.1343488,gpu,41.39999310576591,518.7995254931681,12.0,consumer_high,mlx,0.05617347301019106,1.2170313639308865,0.6430498212622577,2.1798299025839247,0.9943758580260537,0.06950671549519827,1.0,synthetic
3.8,dense,Q4_0,2.242,128,256,16384,1,1.0210508799999998,apple,7.114336983186018,154.76986352719615,32.0,apple_pro,mlx,2.373923097655339,30.118920769893545,7.702581816078709,3.4355851097585677,24.372143730865336,3.453642853980589,1.0,synthetic
2.0,dense,Q4_K_M,1.26,128,256,4096,1,0.1343488,apple,9.029262919629357,142.43871771311305,32.0,apple_pro,vllm,0.9844534341296788,13.98444811301105,2.828443161618289,2.244796160014515,12.919716903370626,0.9778078864608656,1.0,synthetic
30.0,dense,fp32,120.0,128,256,512,1,0.25190399999999996,gpu,649.3042341383047,2145.889180615806,80.0,datacenter,llama.cpp,0.18481321034237932,74.71768507355463,437.33227298208794,3.6444356081840663,57.16853773267466,0.3279205545575255,1.0,synthetic
8.0,dense,bf16,16.0,128,256,512,1,0.0671744,gpu,135.35912336533482,844.9016479478863,40.0,datacenter_low,vllm,0.3377259292002259,31.694368291315854,34.42000513290604,2.1512503208066276,33.47894248603184,0.345633215497409,1.0,synthetic
3.0,dense,fp32,12.0,128,256,16384,1,0.8060927999999999,gpu,50.27018833154609,511.5321801966812,12.0,consumer_high,llama.cpp,0.2775698447769049,36.81584490837648,26.4981870925506,2.2081822577125503,36.93106811531141,0.6562839271651788,1.0,synthetic
7.0,dense,int8,7.0,128,256,512,1,0.0587776,gpu,57.00259860885513,721.191521188408,24.0,consumer_flagship,vllm,0.5457840847676394,13.982371816273211,22.538401284548918,3.219771612078417,16.36087623343413,0.5079440164978798,1.0,synthetic
8.0,dense,fp16,16.0,128,256,8192,1,1.0747904,apple,2.678953312832377,72.38026420344153,16.0,apple_base,vllm,14.931204589642213,362.92915750980745,65.49597370424816,4.09349835651551,384.3127810266728,8.551296042434105,1.0,synthetic
70.0,dense,fp32,280.0,128,256,512,1,0.587776,gpu,168.01188500409316,978.8916225964524,40.0,datacenter_low,vllm,2.3807839546009206,477.7304070627646,1354.5767009869528,4.83777393209626,642.0107696187561,3.3724501484591465,1.0,synthetic
13.0,moe,fp32,52.0,128,256,512,1,0.10915839999999999,gpu,657.1230604742726,2125.8340706471404,80.0,datacenter,mlx,0.07913281868767391,32.68311427783077,207.24619527778373,3.9855037553419947,26.221809218550767,0.06390908080210525,1.0,synthetic
3.0,dense,Q4_0,1.77,128,256,16384,1,0.8060927999999999,apple,8.320907839437268,154.20576222171255,32.0,apple_pro,llama.cpp,1.6023892573523624,23.865078181302877,6.495431455346434,3.66973528550646,31.93409515472884,1.1027616536601237,1.0,synthetic
3.8,dense,Q6_K,3.1159999999999997,128,256,512,1,0.03190783999999999,gpu,142.92289164425583,801.335592118109,40.0,datacenter_low,llama.cpp,0.15193007547268186,6.54721082935922,7.198902105715797,2.31030234458145,6.9372164905432,0.18444793831983425,1.0,synthetic
13.0,dense,Q3_K_M,6.37,128,256,16384,1,3.4930687999999996,gpu,43.67736742799125,534.3408800157736,12.0,consumer_high,vllm,1.3843580746654582,27.144681389056927,12.740587037135258,2.000092156536147,24.699733789307544,1.504188334323918,1.0,synthetic
8.0,dense,fp16,16.0,128,256,512,1,0.0671744,gpu,47.86385011938817,478.4894263979308,12.0,consumer_high,llama.cpp,0.7773988559793906,49.380814587548855,77.96631902108422,4.872894938817764,66.16235577921756,0.8093589349600937,1.0,synthetic
70.0,dense,Q8_0,74.2,128,256,16384,1,18.808832,gpu,45.887556833279405,502.16919916098414,12.0,consumer_high,mlx,7.095200045880697,272.3737225345021,232.98334297769685,3.1399372368961838,279.2087438773494,5.51187536419625,1.0,synthetic
0.5,dense,bf16,1.0,128,256,8192,1,0.0671744,cpu,1.032140584265073,74.23625505507563,16.0,cpu_modern,llama.cpp,1.9377205300226454,19.167173760911773,2.944755333766687,2.944755333766687,17.648822943194286,1.818500395871219,1.0,synthetic
7.0,dense,fp16,14.0,128,256,4096,1,0.4702208,apple,13.184901754294886,361.22763409887807,64.0,apple_max,mlx,2.123641155754475,53.411272870812894,50.338614193210695,3.5956152995150497,52.99214765013502,2.3060929122227383,1.0,synthetic
7.0,dense,int8,7.0,128,256,8192,1,0.9404416,cpu,1.1120855586211644,88.21790746730544,16.0,cpu_modern,llama.cpp,25.17791889566142,120.0125436050546,20.86576151107018,2.9808230730100256,165.14726877956917,27.865083578672895,1.0,synthetic
7.0,dense,fp32,28.0,128,256,16384,1,1.8808832,cpu,0.9417231872341872,74.55829373171466,16.0,cpu_modern,ollama,29.732728661205805,534.3627865648549,82.48011251055387,2.9457183039483525,722.3891541498949,41.87983254924782,1.0,synthetic
8.0,moe,Q3_K_M,3.92,128,256,16384,1,2.1495808,gpu,133.49444658614829,935.7469892456874,40.0,datacenter_low,llama.cpp,0.34244335163998607,10.810580334492508,15.994644225942192,4.080266384168927,11.412184027709264,0.25173587990475627,1.0,synthetic
13.0,dense,fp32,52.0,128,256,16384,1,3.4930687999999996,cpu,0.4240733795673342,48.421873493904556,16.0,cpu_older,vllm,153.2753601895903,1763.1278147622074,217.91887356661312,4.190747568588714,1763.0752970097315,212.13824792146679,1.0,synthetic
13.0,dense,bf16,26.0,128,256,16384,1,3.4930687999999996,gpu,155.36277309146263,815.3927837453742,40.0,datacenter_low,llama.cpp,0.47814359133498485,60.2839706783774,118.29682777925002,4.549877991509616,101.55271309922786,0.35265253064409163,1.0,synthetic
1.0,moe,Q5_K_M,0.73,128,256,16384,1,0.2686976,cpu,0.13633105725177744,34.086333579630455,8.0,cpu_low,mlx,48.90057189503493,53.271021770054034,2.64560998178729,3.624123262722315,100.89335654164618,40.33141508199746,1.0,synthetic
7.0,dense,Q5_K_M,5.109999999999999,128,256,16384,1,1.8808832,gpu,613.0667529769181,2167.7701855027144,80.0,datacenter,llama.cpp,0.04567202488805358,4.299891963796146,18.56480712743414,3.633034662902963,4.515982460584967,0.0348225608381362,1.0,synthetic
3.0,dense,Q4_K_M,1.8900000000000001,128,256,2048,1,0.10076159999999999,gpu,41.40550069249604,520.6661212768387,12.0,consumer_high,llama.cpp,0.33699600629685966,5.622779106610417,5.210608626485127,2.7569357812090614,9.203115907523424,0.3350334808972125,1.0,synthetic
13.0,dense,Q8_0,13.780000000000001,128,256,16384,1,3.4930687999999996,apple,14.134969073819171,413.63654835872603,64.0,apple_max,transformers,3.6788195098576155,55.67873170633508,42.6417609183904,3.094467410623396,82.85217386145644,4.370219696409055,1.0,synthetic
70.0,dense,int8,70.0,128,256,2048,1,2.351104,gpu,729.6027609007391,2474.6361933456674,80.0,datacenter,llama.cpp,0.3837704775874517,38.98275590006761,256.8575738432526,3.6693939120464663,45.277224966414465,0.2911891629064409,1.0,synthetic
70.0,dense,Q6_K,57.4,128,256,2048,1,2.351104,gpu,23.939661864651935,393.19061495825616,8.0,consumer_mid,llama.cpp,14.620089539225777,233.79188588815822,231.149151760058,4.0269887066212195,180.8809429652072,21.144857898216177,1.0,synthetic
70.0,dense,Q6_K,57.4,128,256,512,1,0.587776,apple,14.531717517881773,430.7504549706921,64.0,apple_max,transformers,19.2681972833184,179.49379687115422,275.7604914470854,4.804189746464903,102.11280829395955,13.530194581536515,1.0,synthetic
30.0,moe,Q5_K_M,21.9,128,256,16384,1,8.060927999999999,apple,2.7757911899016303,60.25712573592993,16.0,apple_base,transformers,54.03864690748434,764.9507808689049,68.62403634187615,3.1335176411815597,851.4073329039493,55.30406549541942,1.0,synthetic
0.5,dense,Q4_0,0.295,128,256,512,1,0.0041984,gpu,56.459716890761236,666.2541061350091,24.0,consumer_flagship,ollama,0.039359429069079424,0.6415364374920226,1.1724204629799955,3.9743066541694763,0.46927641561627015,0.03961939254742091,1.0,synthetic
70.0,dense,fp32,280.0,128,256,2048,1,2.351104,cpu,0.45972992668122403,44.34848292574949,16.0,cpu_older,transformers,761.3165462745465,9794.840436220238,656.722789851969,2.3454385351856035,7341.349344508419,458.90624419330663,1.0,synthetic
3.0,dense,Q8_0,3.18,128,256,2048,1,0.10076159999999999,cpu,0.16724731206418003,37.41879155160597,8.0,cpu_low,ollama,119.5833867412179,159.4124460882831,10.576998835682918,3.3261002627933705,236.83511068092625,85.51401434263032,1.0,synthetic
2.0,dense,Q4_0,1.18,128,256,512,1,0.0167936,gpu,26.111751016058843,303.95186046373266,8.0,consumer_mid,transformers,0.3829693379754561,6.057607017992299,2.89607039286967,2.45429694310989,6.6954968413896525,0.39832748131704004,1.0,synthetic
30.0,dense,Q4_0,17.7,128,256,2048,1,1.0076159999999998,cpu,0.993224856844106,79.1456271501031,16.0,cpu_modern,mlx,120.81856306062515,315.1593953850868,53.35228213734848,3.0142532280987844,201.11844732967046,188.9351401728289,1.0,synthetic
3.0,dense,fp32,12.0,128,256,8192,1,0.40304639999999997,gpu,621.6330447355879,2418.8068379217084,80.0,datacenter,vllm,0.01930399308985289,6.837005312176681,31.51791367780524,2.62649280648377,7.758904909058792,0.01551535703118916,1.0,synthetic
70.0,dense,Q6_K,57.4,128,256,16384,1,18.808832,apple,23.424378972804725,812.5678730761362,128.0,apple_ultra,ollama,10.86668956478962,117.23456360558599,214.15623365832482,3.7309448372530456,150.37688945050775,11.730603751934218,1.0,synthetic
2.0,moe,Q3_K_M,0.98,128,256,8192,1,0.2686976,gpu,23.841106402925842,381.81624756026366,8.0,consumer_mid,llama.cpp,0.41944362107174576,5.031407759739244,3.623600647320945,3.69755168093974,4.102700873773095,0.4293927667249299,1.0,synthetic
70.0,dense,Q6_K,57.4,128,256,16384,1,18.808832,apple,16.83608345439748,387.55751505978645,64.0,apple_max,mlx,16.630946309954627,262.18502300058583,140.87891887726852,2.454336565806072,216.2350875778215,14.57308244971545,1.0,synthetic
2.0,moe,Q8_0,2.12,128,256,8192,1,0.2686976,gpu,8.81848300772291,205.74078944969173,6.0,consumer_low,llama.cpp,1.5119758490951876,21.109506564406995,9.508869947171982,4.4853160128169725,23.953652023381,2.3635181187939027,1.0,synthetic
1.5,dense,bf16,3.0,128,256,16384,1,0.40304639999999997,cpu,0.8740560270436339,76.26636774297118,16.0,cpu_modern,ollama,6.864548512175036,59.4940513660187,13.051226040443408,4.350408680147803,78.23103481332863,7.817946470756404,1.0,synthetic
3.0,dense,Q4_0,1.77,128,256,4096,1,0.20152319999999999,gpu,60.65285036941128,792.5848356074329,24.0,consumer_flagship,llama.cpp,0.21983028418492367,3.5535145106923385,6.623226149580157,3.741935677728902,3.962721212503549,0.10284078211723673,1.0,synthetic
0.5,dense,Q6_K,0.41,128,256,8192,1,0.0671744,gpu,28.269529361864194,368.0863221658904,8.0,consumer_mid,llama.cpp,0.08843444006437964,1.9944084235969202,1.9891553697739228,4.851598462863227,2.8154950959093257,0.08624977471677849,1.0,synthetic
30.0,dense,fp32,120.0,128,256,16384,1,8.060927999999999,gpu,38.547893007210924,572.3781908384058,12.0,consumer_high,transformers,3.619779781344424,329.0217851274055,398.34803029698054,3.3195669191415047,277.93588568736277,3.207495432129707,1.0,synthetic
13.0,dense,Q6_K,10.66,128,256,512,1,0.10915839999999999,apple,3.1295609215028524,65.57141763847889,16.0,apple_base,transformers,20.769686748512385,252.67009005883588,50.17885677001938,4.707209828332024,261.1241037633752,17.402682145880352,1.0,synthetic
13.0,dense,fp16,26.0,128,256,16384,1,3.4930687999999996,cpu,0.1447446914676263,35.13215359830713,8.0,cpu_low,llama.cpp,598.755407109701,1526.3442733305524,115.99803158946143,4.461462753440824,1311.323462808894,585.0438874973105,1.0,synthetic
7.0,moe,fp16,14.0,128,256,4096,1,0.4702208,gpu,768.5315702995392,2566.000347572221,80.0,datacenter,llama.cpp,0.0364331161946761,7.518949773949827,51.29685504111142,3.6640610743651014,10.002074785089693,0.03080506625235283,1.0,synthetic
3.8,dense,Q6_K,3.1159999999999997,128,256,4096,1,0.25526271999999994,apple,8.782237540520038,155.91564566623592,32.0,apple_pro,transformers,1.92307356877628,30.889071968503167,10.103390705680047,3.2424232046469985,34.710380471014474,2.8800062089462144,1.0,synthetic
30.0,dense,Q4_0,17.7,128,256,8192,1,4.030463999999999,apple,30.709361465401713,809.8673179709227,128.0,apple_ultra,mlx,3.5523665711452472,33.540160711825706,68.62205691858837,3.876952368281829,23.968306398740964,4.133861554264786,1.0,synthetic
0.5,dense,fp16,1.0,128,256,4096,1,0.0335872,apple,8.171858358759065,135.81772790761613,32.0,apple_pro,vllm,0.2719359691104188,10.871578884470086,4.291076808050962,4.291076808050962,11.274372633605573,0.22617971025349534,1.0,synthetic
30.0,dense,Q3_K_M,14.7,128,256,2048,1,1.0076159999999998,apple,8.056163290212819,137.70476813938404,32.0,apple_pro,ollama,16.550475521681125,162.9533365602732,48.884866381766194,3.325501114405864,140.51812580577786,17.75928000144466,1.0,synthetic
7.0,dense,fp16,14.0,128,256,8192,1,0.9404416,gpu,40.45545123837867,452.66885765898246,12.0,consumer_high,transformers,0.8047899241820087,48.53710891596353,30.148308636056697,2.1534506168611927,43.07389986139942,0.552271994191998,1.0,synthetic
0.5,dense,Q4_0,0.295,128,256,4096,1,0.0335872,gpu,24.233450806968236,351.2292819470436,8.0,consumer_mid,mlx,0.10316318628798564,1.4392842374315151,1.3326447481426158,4.517439824212257,0.7945635717559364,0.09319598724139735,1.0,synthetic
8.0,dense,fp32,32.0,128,256,4096,1,0.5373952,gpu,134.03970115892267,901.5381208209709,40.0,datacenter_low,llama.cpp,0.34105034045163296,60.15163501973412,148.29121723306787,4.634100538533371,91.90903554811142,0.6025777488523232,1.0,synthetic
1.0,dense,bf16,2.0,128,256,16384,1,0.2686976,cpu,1.017362102698022,87.39358511012774,16.0,cpu_modern,mlx,3.9317367822057534,34.61272505895612,4.273510947692013,2.1367554738460064,58.565141608265854,4.70205843771736,1.0,synthetic
2.0,dense,int8,2.0,128,256,8192,1,0.2686976,cpu,1.1337912669536796,84.68349027802476,16.0,cpu_modern,ollama,7.055972499677787,35.72042346627626,5.019322439314344,2.509661219657172,31.88340584226681,6.607982831181145,1.0,synthetic
7.0,dense,fp16,14.0,128,256,2048,1,0.2351104,apple,13.321249861897378,354.7940535158736,64.0,apple_max,ollama,2.1019048730621055,53.49623820330129,43.041868094224064,3.0744191495874333,35.52405625984412,2.1786906885594752,1.0,synthetic
0.5,dense,fp16,1.0,128,256,512,1,0.0041984,gpu,51.60832200068835,527.6471373388016,12.0,consumer_high,ollama,0.04506213930609521,2.7987688143050593,2.230274185666214,2.230274185666214,3.573814449842851,0.023959102832459372,1.0,synthetic
13.0,moe,fp16,26.0,128,256,16384,1,3.4930687999999996,gpu,21.281405827209685,367.8956050486763,8.0,consumer_mid,llama.cpp,3.0543095004040195,123.33377017101513,90.19223793049855,3.468932228096098,93.36480469117416,5.194517949424655,1.0,synthetic
7.0,dense,Q4_K_M,4.41,128,256,8192,1,0.9404416,gpu,63.35113851154574,600.0410594174266,24.0,consumer_flagship,vllm,0.4910900078842484,12.738274956418783,10.12215202181111,2.295272567304106,9.894328184016427,0.42075970901396526,1.0,synthetic
70.0,dense,fp16,140.0,128,256,16384,1,18.808832,gpu,73.90604846084231,720.8655422588547,24.0,consumer_flagship,ollama,4.209548712050913,314.7185524905193,445.1217943874864,3.1794413884820454,250.30935514241108,5.915901446054377,1.0,synthetic
1.0,dense,Q3_K_M,0.49,128,256,512,1,0.0083968,apple,2.763231594507051,59.77809968769466,16.0,apple_base,ollama,1.8094755466531858,12.826843136503154,1.9759923336201506,4.032637415551328,14.520913082932253,1.5410161496915742,1.0,synthetic
1.0,dense,Q8_0,1.06,128,256,4096,1,0.0671744,gpu,709.8550639569502,2481.317404650076,80.0,datacenter,mlx,0.005634953109586585,0.6056859945380282,4.608114082836666,4.347277436638364,0.4839534866605161,0.003801265672241042,1.0,synthetic
8.0,dense,Q5_K_M,5.84,128,256,8192,1,1.0747904,apple,30.989368423311966,737.7609235417167,128.0,apple_ultra,ollama,0.938738366446515,11.715838727952434,15.61599760668375,2.6739721929252998,11.849045798541571,0.9532680949805418,1.0,synthetic
2.0,dense,bf16,4.0,128,256,8192,1,0.2686976,gpu,678.8598418418367,2432.254651969389,80.0,datacenter,mlx,0.011784464932105781,2.3400497128832836,16.770444149313924,4.192611037328481,2.015397270779185,0.01628350536637088,1.0,synthetic
1.5,dense,Q8_0,1.59,128,256,4096,1,0.10076159999999999,apple,7.808026410309591,153.52618934024431,32.0,apple_pro,ollama,0.8538222485856489,15.732649423954435,7.31283858548437,4.5992695506191,17.53906450023607,0.9847149781879354,1.0,synthetic
1.5,dense,fp16,3.0,128,256,512,1,0.012595199999999999,gpu,607.5196383223783,2644.037914779809,80.0,datacenter,ollama,0.009876223946551863,1.5191891075187216,10.937295735492196,3.6457652451640654,1.427079077703585,0.007164528120066375,1.0,synthetic
13.0,dense,Q4_0,7.67,128,256,512,1,0.10915839999999999,gpu,63.10341995256319,704.1184519186314,24.0,consumer_flagship,transformers,0.9156045396780578,15.782974296852638,18.400555472857636,2.3990293967219865,12.397757159296058,1.4926889780077075,1.0,synthetic
3.8,dense,int8,3.8,128,256,8192,1,0.5105254399999999,apple,13.464315435184393,453.91277274947396,64.0,apple_max,mlx,1.1289099749015081,12.661831960620884,13.11534895441138,3.451407619581942,17.82526318839454,0.7950345029330421,1.0,synthetic
2.0,dense,Q3_K_M,0.98,128,256,4096,1,0.1343488,cpu,0.146327529002025,36.76198559234603,8.0,cpu_low,llama.cpp,91.11978739932673,55.11369134790602,2.4346860321488655,2.48437350219272,80.13847596746534,159.09248328477872,1.0,synthetic
30.0,dense,fp32,120.0,128,256,16384,1,8.060927999999999,apple,7.932175610044253,152.4062299294432,32.0,apple_pro,vllm,16.809175677414117,1200.3720775839495,507.2177012108233,4.226814176756861,846.5365085792411,18.606936089397763,1.0,synthetic
3.0,dense,fp16,6.0,128,256,4096,1,0.20152319999999999,cpu,0.8575597284463209,73.45532595171446,16.0,cpu_modern,ollama,13.993194411940184,112.56770687309171,16.700923785195485,2.783487297532581,122.27440075767585,21.62546443673111,1.0,synthetic
8.0,dense,Q6_K,6.56,128,256,4096,1,0.5373952,apple,3.1754578074087423,69.37477526078389,16.0,apple_base,llama.cpp,12.59660887531712,157.3925032177201,25.126923905673095,3.830323766108704,185.48601420278277,16.148827780211306,1.0,synthetic
1.0,moe,Q8_0,1.06,128,256,16384,1,0.2686976,gpu,8.968079723339198,177.9909275400514,6.0,consumer_low,ollama,0.7433772749942038,13.572679526815845,4.025771732680316,3.797897861019166,11.884027553291087,0.46444626162805186,1.0,synthetic
8.0,dense,Q4_K_M,5.04,128,256,4096,1,0.5373952,gpu,45.18505604540661,468.2276788939294,12.0,consumer_high,mlx,0.8234869131995685,17.517229618037906,14.398664947061114,2.856877965686729,17.509626499292047,0.7690694390964964,1.0,synthetic
30.0,dense,bf16,60.0,128,256,16384,1,8.060927999999999,apple,16.055737353197408,342.873551832458,64.0,apple_max,mlx,7.473963814941373,264.66871975107347,151.39366808006992,2.5232278013344986,310.63378047170096,7.755086495577994,1.0,synthetic
7.0,dense,bf16,14.0,128,256,512,1,0.0587776,gpu,44.61726812513304,438.7132987725707,12.0,consumer_high,transformers,0.7297205970471246,47.12570373184479,45.109352016938956,3.2220965726384967,58.32130883689664,1.3786115565542967,1.0,synthetic
70.0,dense,Q5_K_M,51.1,128,256,4096,1,4.702208,gpu,9.0577179579791,223.79447950814057,6.0,consumer_low,transformers,51.5214393770753,453.3559550842692,238.73794122230044,4.671975366385527,480.0768819425322,71.11465426943218,1.0,synthetic
3.8,dense,Q4_K_M,2.3939999999999997,128,256,8192,1,0.5105254399999999,apple,15.436253505359277,437.21933079516424,64.0,apple_max,vllm,0.9846948934029067,8.857569448321154,11.345463815202944,4.739124400669568,13.07852949428343,0.8632532182138372,1.0,synthetic
8.0,dense,Q4_0,4.72,128,256,512,1,0.0671744,gpu,25.540922227916546,316.4824408090498,8.0,consumer_mid,llama.cpp,1.5661141615426675,23.271065761121662,12.935495510755576,2.7405710827871985,18.901136389415353,1.2931908314707377,1.0,synthetic
3.0,dense,bf16,6.0,128,256,16384,1,0.8060927999999999,cpu,0.9419246348053109,78.07028244679346,16.0,cpu_modern,llama.cpp,12.739872763260209,116.23872894509714,23.07757403677504,3.846262339462507,78.77956043512046,22.277130421821436,1.0,synthetic
1.0,dense,fp16,2.0,128,256,512,1,0.0083968,apple,6.995779821467278,131.4504706676172,32.0,apple_pro,mlx,0.6353036484662088,21.826763123344964,5.283968072189881,2.6419840360949407,22.21905647670343,0.4309753016035735,1.0,synthetic
30.0,moe,Q5_K_M,21.9,128,256,16384,1,8.060927999999999,apple,2.8049559631433194,65.96638185792908,16.0,apple_base,llama.cpp,53.47677538292095,698.7458472997178,96.27168476943102,4.39596734106991,976.0532953379359,76.24998149334338,1.0,synthetic
3.0,dense,Q4_0,1.77,128,256,16384,1,0.8060927999999999,gpu,790.8781172026657,2140.1033867119672,80.0,datacenter,vllm,0.01517300800083327,1.604964704661851,7.060674451769913,3.9890816111694423,2.8548275928793223,0.009734582903944782,1.0,synthetic
3.8,dense,Q5_K_M,2.774,128,256,2048,1,0.12763135999999997,cpu,0.15805799720230368,43.37364944620617,8.0,cpu_low,mlx,160.27871908884407,121.6336058684967,5.957616450808219,2.147662743622285,143.07767099486384,143.7015351401979,1.0,synthetic
1.5,dense,Q4_K_M,0.9450000000000001,128,256,16384,1,0.40304639999999997,gpu,22.98310639655872,391.72550033369004,8.0,consumer_mid,mlx,0.32632664491006225,5.294313330878073,2.281585206052601,2.4143758794207417,4.308756797050758,0.26300315348378744,1.0,synthetic
13.0,dense,fp32,52.0,128,256,2048,1,0.43663359999999996,gpu,49.848008728233374,500.00873887866294,12.0,consumer_high,mlx,1.2129896022270388,154.22269747429584,222.25430567774976,4.274121263033649,116.19057220773556,1.5232429909979397,1.0,synthetic
13.0,dense,bf16,26.0,128,256,8192,1,1.7465343999999998,apple,29.106044914192992,755.023525977992,128.0,apple_ultra,llama.cpp,1.6241549620393683,45.936539467527766,128.17175981918652,4.929683069968712,32.781581378138576,1.43393659653713,1.0,synthetic
70.0,dense,bf16,140.0,128,256,8192,1,9.404416,apple,3.1310423193525705,76.8646951665965,16.0,apple_base,transformers,111.78386118791656,2990.3578904999817,601.6606304315916,4.297575931654226,3843.8990718838986,90.59564537371573,1.0,synthetic
8.0,dense,int8,8.0,128,256,512,1,0.0671744,apple,28.552410780118986,911.753354064032,128.0,apple_ultra,transformers,1.018859994518048,11.05997357185681,32.12101262185746,4.0151265777321825,8.644140170123018,0.9356047385613424,1.0,synthetic
70.0,dense,int8,70.0,128,256,16384,1,18.808832,cpu,0.4275171760572647,46.013317741693996,16.0,cpu_older,transformers,818.6805574172264,2969.335379697884,205.55984467951717,2.9365692097073883,2985.863944253277,528.1690940870542,1.0,synthetic
0.5,dense,fp32,2.0,128,256,4096,1,0.0335872,gpu,146.735993767501,939.2090154780591,40.0,datacenter_low,ollama,0.01947131568597899,3.60868767669871,6.43195216388172,3.21597608194086,2.9292998060350848,0.02448721945663694,1.0,synthetic
70.0,dense,Q8_0,74.2,128,256,4096,1,4.702208,gpu,651.523929908242,2273.9737103964017,80.0,datacenter,mlx,0.42976165133249067,46.26392271776128,230.81368453338678,3.11069655705373,47.54679339111621,0.43964103251291925,1.0,synthetic
7.0,dense,Q5_K_M,5.109999999999999,128,256,4096,1,0.4702208,cpu,0.16130755159681948,42.97338573347801,8.0,cpu_low,mlx,289.3024300766015,236.09626811638358,24.87995454359983,4.8688756445400845,216.9049128292826,323.2709888919075,1.0,synthetic
13.0,dense,Q8_0,13.780000000000001,128,256,8192,1,1.7465343999999998,cpu,0.9630029321288387,73.09610483344518,16.0,cpu_modern,llama.cpp,53.997758745186246,283.21681317818224,32.066622870596,2.3270408469227863,281.59123976550325,43.39477841719947,1.0,synthetic
3.8,dense,Q4_K_M,2.3939999999999997,128,256,8192,1,0.5105254399999999,gpu,41.60528758252025,472.5413932650922,12.0,consumer_high,mlx,0.42481183598588473,9.039125465100298,6.960313092008275,2.9073989523844093,9.642956149268494,0.4528080317915449,1.0,synthetic
8.0,dense,bf16,16.0,128,256,2048,1,0.2686976,cpu,0.16614141545600583,42.51530039849999,8.0,cpu_low,ollama,321.0116706117504,695.736591405145,65.13549665123499,4.070968540702187,604.0914841666009,364.4688877549438,1.0,synthetic
2.0,dense,bf16,4.0,128,256,2048,1,0.0671744,gpu,28.337680484354266,369.16675027055146,8.0,consumer_mid,llama.cpp,0.35288703341549693,16.94949878348923,15.748700520212644,3.937175130053161,16.97994394804979,0.1887087251571225,1.0,synthetic
1.0,dense,int8,1.0,128,256,8192,1,0.1343488,apple,15.047566839278264,354.39435300771635,64.0,apple_max,transformers,0.26582370709654574,4.2677459554039086,4.5842541382865525,4.5842541382865525,5.466020531467774,0.22102526827580807,1.0,synthetic
70.0,dense,Q4_K_M,44.1,128,256,8192,1,9.404416,gpu,133.67850147220065,1022.1444231476555,40.0,datacenter_low,llama.cpp,2.992253770013892,87.2421006730718,187.6664668100689,4.255475437870043,117.55082716153503,2.051695297783847,1.0,synthetic
7.0,dense,fp32,28.0,128,256,2048,1,0.2351104,apple,8.74867096313092,170.05873660016684,32.0,apple_pro,ollama,3.5560956906735997,237.18788464738267,67.0616998886414,2.395060710308621,290.9261868831226,3.129216519391212,1.0,synthetic
1.5,moe,bf16,3.0,128,256,16384,1,0.40304639999999997,apple,3.184536815718233,72.9363456820853,16.0,apple_base,ollama,2.355130568119517,71.78116686597225,13.85738832313683,4.61912944104561,53.93973008495317,3.0121184189834085,1.0,synthetic
0.5,dense,bf16,1.0,128,256,4096,1,0.0335872,cpu,0.13509863085166776,33.25787279831997,8.0,cpu_low,llama.cpp,24.673331715649905,56.50540147114837,4.5472940598760285,4.5472940598760285,53.69954093768137,42.42245562861728,1.0,synthetic
30.0,moe,Q3_K_M,14.7,128,256,512,1,0.25190399999999996,gpu,62.72624425063605,630.3385035866197,24.0,consumer_flagship,transformers,2.125638716715952,33.88633684219741,37.74353444441465,2.5675873771710647,35.434487510139974,3.0735608181280853,1.0,synthetic
8.0,dense,Q3_K_M,3.92,128,256,8192,1,1.0747904,gpu,9.595036796183404,200.66681830937,6.0,consumer_low,vllm,5.55842926569574,45.25629681788321,17.585617649699756,4.486126951454019,36.499320457240955,11.064548182581563,1.0,synthetic
30.0,dense,bf16,60.0,128,256,16384,1,8.060927999999999,gpu,71.42647295581946,743.9716525831211,24.0,consumer_flagship,llama.cpp,1.8667215083657582,130.6903251021302,185.3369112726969,3.088948521211615,177.21776234713553,2.5635529816707527,1.0,synthetic
3.0,dense,bf16,6.0,128,256,4096,1,0.20152319999999999,gpu,779.6487067929713,2669.028700176143,80.0,datacenter,vllm,0.015391547366712287,3.098017492076539,27.954846515282547,4.6591410858804245,2.9315368944157836,0.011650809877283983,1.0,synthetic
2.0,dense,Q5_K_M,1.46,128,256,8192,1,0.2686976,cpu,0.8641590105092136,87.43103891655281,16.0,cpu_modern,llama.cpp,9.257555499289335,26.362835920699027,4.105049543417403,2.8116777694639747,34.4065956330995,14.313813535304721,1.0,synthetic
13.0,dense,Q4_0,7.67,128,256,8192,1,1.7465343999999998,gpu,8.321737829595778,226.5234931693157,6.0,consumer_low,llama.cpp,10.414491352808747,75.58143924421346,24.385732576744893,3.1793653946212377,96.96420588177584,8.367028875538177,1.0,synthetic
8.0,moe,Q3_K_M,3.92,128,256,16384,1,2.1495808,cpu,0.13376643318531167,32.76344022945053,8.0,cpu_low,ollama,398.70490722772473,336.8267000431087,12.181041639196245,3.1074085814276136,374.4975535158849,403.45125576421094,1.0,synthetic
13.0,dense,fp16,26.0,128,256,512,1,0.10915839999999999,gpu,670.0103901385394,2383.0687133870815,80.0,datacenter,vllm,0.07761073673685547,14.608144114535845,120.63334088470714,4.639743880181044,7.396520996296107,0.10297326033890176,1.0,synthetic
13.0,dense,fp32,52.0,128,256,8192,1,1.7465343999999998,apple,3.004968712551141,68.15825989904681,16.0,apple_base,mlx,21.63084085651483,1213.161488020271,207.45081484013258,3.9894387469256265,1159.3592535590328,20.951683748592924,1.0,synthetic
13.0,dense,Q5_K_M,9.49,128,256,2048,1,0.43663359999999996,cpu,0.4114439644188247,43.85446632890206,16.0,cpu_older,vllm,157.98020051603913,348.23691355548965,24.55193886363701,2.587137920298947,494.08317306354206,140.87740308138123,1.0,synthetic
3.8,dense,Q3_K_M,1.8619999999999999,128,256,16384,1,1.0210508799999998,gpu,71.24493971942535,731.2368939179538,24.0,consumer_flagship,ollama,0.23705387295434874,5.632434780770011,5.1576312993415305,2.7699416215582873,4.172925848391328,0.11832608772700923,1.0,synthetic
8.0,dense,int8,8.0,128,256,512,1,0.0671744,gpu,26.890857495227312,351.3518479420531,8.0,consumer_mid,transformers,1.487494402404213,35.323672299308456,39.897626849231756,4.9872033561539695,44.198926706220405,0.9007010836897524,1.0,synthetic
7.0,dense,Q8_0,7.42,128,256,2048,1,0.2351104,gpu,686.4050787278762,2815.518550583964,80.0,datacenter,ollama,0.04079223896753907,3.6251985853723756,19.386429287761224,2.6127263191052865,3.233117921586787,0.03888790093469464,1.0,synthetic
0.5,dense,Q3_K_M,0.245,128,256,16384,1,0.1343488,apple,26.34143066095424,732.7123828626966,128.0,apple_ultra,ollama,0.06902365484942695,0.6471652603267906,0.613343727799831,2.503443786938086,0.729461342280291,0.084632806514222,1.0,synthetic
70.0,dense,int8,70.0,128,256,4096,1,4.702208,gpu,57.59708973609472,609.1969973892004,24.0,consumer_flagship,vllm,5.401507481308473,175.1772258519865,230.41252239173778,3.291607462739111,189.84687306144772,5.680822448981032,1.0,synthetic
7.0,moe,Q3_K_M,3.4299999999999997,128,256,4096,1,0.4702208,cpu,0.13286133023982216,38.54276529483386,8.0,cpu_low,transformers,351.2434098200786,183.98551560090164,13.253492122562228,3.8639918724671225,135.16315968817474,224.6600188151908,1.0,synthetic
30.0,moe,Q6_K,24.599999999999998,128,256,16384,1,8.060927999999999,gpu,69.26500320861294,618.2267557633638,24.0,consumer_flagship,transformers,1.924974043988114,75.4714481967323,74.38384039211978,3.023733349273162,103.23057450550449,1.6827764853599738,1.0,synthetic
2.0,dense,Q5_K_M,1.46,128,256,16384,1,0.5373952,gpu,63.91157643412814,736.8732224491621,24.0,consumer_flagship,mlx,0.1390810457953641,3.872337367344864,6.713236256700414,4.59810702513727,5.147247860309386,0.14025479055845724,1.0,synthetic
13.0,moe,Q4_0,7.67,128,256,8192,1,1.7465343999999998,gpu,38.38379438913057,541.7069459724798,12.0,consumer_high,transformers,1.5752772033447566,25.563350828043212,26.459170065893765,3.4496962276263057,27.398803182436033,1.5647836398842747,1.0,synthetic
3.8,dense,Q5_K_M,2.774,128,256,2048,1,0.12763135999999997,apple,3.4382063508494674,73.19321496859702,16.0,apple_base,ollama,5.526137195141218,60.9899189162426,13.804552791740765,4.976406918435748,64.89542123064268,3.393321527767656,1.0,synthetic
1.5,dense,fp16,3.0,128,256,2048,1,0.050380799999999996,gpu,166.08887734883655,791.2890613236298,40.0,datacenter_low,mlx,0.051607480935800386,6.424918842547609,6.062840356923132,2.020946785641044,5.034642357526136,0.07630351618683168,1.0,synthetic
13.0,dense,Q3_K_M,6.37,128,256,512,1,0.10915839999999999,gpu,43.69699308186449,460.2131632587457,12.0,consumer_high,llama.cpp,1.38373631718299,20.70382787441052,28.553977791457445,4.482571081861451,18.155460822758062,1.8846687547145051,1.0,synthetic
0.5,moe,fp16,1.0,128,256,2048,1,0.0167936,apple,6.801435053203509,141.35186175117536,32.0,apple_pro,vllm,0.32672843375539473,10.27621615816608,2.204559859296388,2.204559859296388,8.451392672838455,0.2601396007290011,1.0,synthetic
1.0,dense,fp16,2.0,128,256,4096,1,0.0671744,gpu,58.89892327300478,711.6654096759801,24.0,consumer_flagship,llama.cpp,0.07545884028887627,4.149571196749368,6.261201282083131,3.1306006410415654,3.519269055155957,0.045798178759981635,1.0,synthetic
0.5,dense,Q5_K_M,0.365,128,256,8192,1,0.0671744,apple,3.3383144324999052,76.26809957981452,16.0,apple_base,mlx,0.7488809249546541,8.717716790778194,0.8469467708825881,2.320402112007091,5.188581602168999,0.7297916513841951,1.0,synthetic
30.0,dense,fp32,120.0,128,256,2048,1,1.0076159999999998,gpu,28.400521595365714,303.82382921453126,8.0,consumer_mid,vllm,5.281593138925885,612.7418101411355,355.34446301047734,2.9612038584206446,470.53091179468413,3.844627298403858,1.0,synthetic
70.0,dense,Q4_0,41.3,128,256,4096,1,4.702208,gpu,8.093574476835505,216.9896858554218,6.0,consumer_low,llama.cpp,57.65890806371228,385.4578518425386,97.94452270885077,2.3715380801174524,417.1815228471469,44.21084622529237,1.0,synthetic
13.0,dense,Q4_0,7.67,128,256,2048,1,0.43663359999999996,apple,2.613482073833661,76.35236187519187,16.0,apple_base,mlx,24.871033419660264,163.3445736804675,27.871956344175192,3.633892613321407,184.40090914565872,21.614343710347303,1.0,synthetic
3.8,dense,int8,3.8,128,256,512,1,0.03190783999999999,cpu,0.3493427823530524,51.14855058441391,16.0,cpu_older,llama.cpp,54.38784185556249,115.25728028284816,9.524434065944032,2.5064300173536926,133.44752100401035,48.05837837759547,1.0,synthetic
7.0,dense,Q6_K,5.739999999999999,128,256,8192,1,0.9404416,gpu,27.654571616063894,298.8890253550559,8.0,consumer_mid,vllm,1.265613529868216,34.38601484055664,27.57717881122573,4.80438655247835,50.912910991552444,1.2919440803744782,1.0,synthetic
0.5,dense,fp16,1.0,128,256,512,1,0.0041984,gpu,785.9324486033623,2739.7186521607337,80.0,datacenter,mlx,0.002544747966004064,0.4887112035916627,2.8525528871351864,2.8525528871351864,0.4690399414549062,0.0027119274547073237,1.0,synthetic
30.0,dense,Q6_K,24.599999999999998,128,256,4096,1,2.0152319999999997,gpu,655.6833902334222,2407.790448251274,80.0,datacenter,transformers,0.1830151591262365,14.73839886098619,60.99912653644337,2.4796392900993243,18.608940876442777,0.09365195837956776,1.0,synthetic
8.0,dense,Q5_K_M,5.84,128,256,16384,1,2.1495808,gpu,9.51636599222217,180.05399235827036,6.0,consumer_low,ollama,5.604380220025505,80.67863619791213,25.633638637891323,4.389321684570432,81.38184764924445,3.1049487515491,1.0,synthetic
13.0,dense,fp16,26.0,128,256,16384,1,3.4930687999999996,gpu,69.66965004815518,730.5622148462097,24.0,consumer_flagship,ollama,0.8293105783916266,57.671960816425226,58.82082714039106,2.2623395053996562,60.076723850664514,0.5793504695542298,1.0,synthetic
1.0,dense,Q4_0,0.59,128,256,4096,1,0.0671744,gpu,43.344402886754786,487.0274795434938,12.0,consumer_high,mlx,0.10730711420456501,1.9843499222720216,1.4969980426108813,2.5372848179845446,1.8032436446711169,0.10339703282257838,1.0,synthetic
3.0,dense,Q4_K_M,1.8900000000000001,128,256,8192,1,0.40304639999999997,apple,2.902996014090186,77.13470583857227,16.0,apple_base,mlx,5.167075644332593,45.735102687635916,4.396229998254505,2.3260476181240763,50.58895864610335,4.381972355968667,1.0,synthetic
3.8,moe,Q4_K_M,2.3939999999999997,128,256,8192,1,0.5105254399999999,gpu,10.299395458956447,192.8969899465481,6.0,consumer_low,mlx,2.4596912929780976,27.377074919198595,9.295917875754563,3.883006631476426,23.15422296256968,3.495761469177359,1.0,synthetic
1.0,dense,Q8_0,1.06,128,256,512,1,0.0083968,gpu,136.14072381330166,804.4256752101799,40.0,datacenter_low,vllm,0.04197337544732078,2.21358092886342,4.690292911667765,4.424804633648835,2.373485340578192,0.0543573881209697,1.0,synthetic
70.0,moe,int8,70.0,128,256,4096,1,4.702208,gpu,7.836399729660712,190.08734251344075,6.0,consumer_low,vllm,59.55115649605479,714.5251996672666,214.7511324288345,3.0678733204119215,925.7832893366361,38.8591371105964,1.0,synthetic
13.0,dense,fp32,52.0,128,256,4096,1,0.8732671999999999,gpu,626.186424145173,2572.3503065601576,80.0,datacenter,llama.cpp,0.08304236245777262,27.405944447073434,124.63391955536315,2.3968061452954452,24.532192190181426,0.11837757300815235,1.0,synthetic
70.0,moe,Q6_K,57.4,128,256,512,1,0.587776,gpu,59.08541984760005,644.8714940855706,24.0,consumer_flagship,mlx,5.265446398004193,128.45920584141635,218.2828124373952,3.802836453613157,164.07666355552257,3.4890970895927973,1.0,synthetic
3.8,dense,Q6_K,3.1159999999999997,128,256,2048,1,0.12763135999999997,gpu,158.82359377051674,862.8755358235086,40.0,datacenter_low,mlx,0.13671952131785,6.265158811701917,10.616592907799703,3.407122242554462,5.546441677706963,0.1604569907453901,1.0,synthetic
70.0,dense,int8,70.0,128,256,8192,1,9.404416,apple,16.354224246936433,361.6190377279143,64.0,apple_max,llama.cpp,17.12095882826428,292.7737304204825,145.32320689542706,2.0760458127918153,404.80919190808913,12.282264735482558,1.0,synthetic
3.0,dense,int8,3.0,128,256,2048,1,0.10076159999999999,gpu,9.513126598705515,188.96607869281823,6.0,consumer_low,llama.cpp,2.1023582302291097,29.834711090137205,8.16723434465856,2.72241144821952,30.919123174726973,1.7677976901209023,1.0,synthetic
3.8,moe,bf16,7.6,128,256,512,1,0.03190783999999999,apple,2.8981265178466917,59.443848570644874,16.0,apple_base,ollama,6.555959473472884,197.5208025599023,17.246516612771583,2.2692785016804713,176.41806810626548,5.173621503610261,1.0,synthetic
70.0,dense,Q4_K_M,44.1,128,256,16384,1,18.808832,apple,8.985983035247155,127.77211694327903,32.0,apple_pro,ollama,34.62182266434183,703.3597168926555,128.9059435379326,2.9230372684338453,539.4472835216017,34.15280441870815,1.0,synthetic
0.5,dense,Q4_K_M,0.315,128,256,4096,1,0.0335872,gpu,789.4725075618356,2246.27091495549,80.0,datacenter,mlx,0.0025333371090738703,0.20691312443162854,1.4658323975789374,4.653436182790277,0.22411967758881185,0.0041604474541999436,1.0,synthetic
3.0,dense,Q4_K_M,1.8900000000000001,128,256,2048,1,0.10076159999999999,apple,3.0485939299528177,68.7050080707887,16.0,apple_base,mlx,4.920301078022598,44.577684216128134,8.976493486824966,4.749467453346543,39.63341128442107,4.326031288992388,1.0,synthetic
30.0,dense,bf16,60.0,128,256,512,1,0.25190399999999996,gpu,8.535163136895092,192.32493529777375,6.0,consumer_low,mlx,23.432475371848096,569.6032924385153,291.3712403950205,4.856187339917009,473.47413617346695,33.50493350977954,1.0,synthetic
13.0,dense,fp32,52.0,128,256,16384,1,3.4930687999999996,gpu,160.706749604946,926.3058954948234,40.0,datacenter_low,transformers,0.462243897461218,99.84655009735589,139.40865215755727,2.680935618414563,94.02422379839157,0.2800959907045604,1.0,synthetic
1.5,dense,Q4_K_M,0.9450000000000001,128,256,512,1,0.012595199999999999,apple,8.585372449525163,168.8643613974176,32.0,apple_pro,mlx,0.7765145549434358,8.101135914863699,4.61599632561,4.8846521964126985,5.109266707133897,0.5944995934627108,1.0,synthetic
0.5,dense,fp32,2.0,128,256,2048,1,0.0167936,apple,14.751835947723933,398.68580805391395,64.0,apple_max,vllm,0.1355763450113869,6.744805255194072,7.413732899691104,3.706866449845552,8.031351504534896,0.12566874080236096,1.0,synthetic
3.8,dense,Q3_K_M,1.8619999999999999,128,256,4096,1,0.25526271999999994,gpu,48.539356926952195,546.7710077526328,12.0,consumer_high,llama.cpp,0.3641255204771199,5.694562445541135,8.463563331833393,4.545415323218794,4.6623827441033665,0.20542849219627426,1.0,synthetic
3.0,dense,Q4_K_M,1.8900000000000001,128,256,16384,1,0.8060927999999999,gpu,8.630789449524688,217.63610800711106,6.0,consumer_low,transformers,2.317285124027841,22.523775829196232,7.985026719852211,4.224881862355667,23.44092431497396,2.7505992900985325,1.0,synthetic
7.0,dense,int8,7.0,128,256,8192,1,0.9404416,gpu,163.72937904185105,993.1607052020935,40.0,datacenter_low,transformers,0.2443055744429078,13.325204334016009,22.43940169597153,3.2056288137102187,11.595622055644856,0.23495680951614256,1.0,synthetic
3.0,dense,Q4_K_M,1.8900000000000001,128,256,2048,1,0.10076159999999999,gpu,68.38824648078975,689.5735810139664,24.0,consumer_flagship,mlx,0.19496527575215233,4.124208382048706,7.3789992800598485,3.904232423312089,3.425948052171749,0.2872382577300919,1.0,synthetic
70.0,dense,int8,70.0,128,256,512,1,0.587776,apple,2.717777824368577,73.08713650755712,16.0,apple_base,transformers,128.7816821749643,1485.850775537084,201.30134643453954,2.875733520493422,1043.0725400670904,137.50754621178726,1.0,synthetic
7.0,dense,Q5_K_M,5.109999999999999,128,256,2048,1,0.2351104,gpu,752.2078288021847,2486.9509267461403,80.0,datacenter,llama.cpp,0.037223755095167226,2.865683351456878,23.98565346411634,4.693865648555057,2.297375119519782,0.01712299240824602,1.0,synthetic
1.5,dense,Q4_K_M,0.9450000000000001,128,256,512,1,0.012595199999999999,apple,15.11272203110423,424.87346942868004,64.0,apple_max,llama.cpp,0.39701649958565416,3.0051149150754983,2.2399803695723572,2.3703495974310655,2.7558038594076883,0.24481617743839668,1.0,synthetic
70.0,dense,Q4_0,41.3,128,256,16384,1,18.808832,cpu,0.13676910161446326,32.65086814388311,8.0,cpu_low,transformers,3412.076712927073,3347.193862440067,186.5644526812719,4.517299096398835,4040.194848465404,2389.4936752216145,1.0,synthetic
3.0,dense,Q4_0,1.77,128,256,16384,1,0.8060927999999999,gpu,25.37995344427423,313.5801725088154,8.0,consumer_mid,ollama,0.5910176325947529,12.638616978234738,7.422940629434561,4.193751768042125,14.948930508513723,0.9347277028384018,1.0,synthetic
1.5,dense,fp32,6.0,128,256,2048,1,0.050380799999999996,apple,16.21385980285689,457.04924412216934,64.0,apple_max,transformers,0.37005377331206457,17.650558454580104,23.67236202420427,3.9453936707007116,11.085693724504166,0.47958512765291367,1.0,synthetic
1.0,dense,Q4_K_M,0.63,128,256,4096,1,0.0671744,apple,6.9642577021823024,167.8828793244714,32.0,apple_pro,transformers,0.6381792050934222,5.932489558071645,2.8017587693833685,4.447236141878363,5.436220820840678,0.5061578134768598,1.0,synthetic
13.0,dense,Q8_0,13.780000000000001,128,256,4096,1,0.8732671999999999,gpu,720.4355994494495,2420.2266402080813,80.0,datacenter,ollama,0.07217855425209128,8.072669425008986,41.61578131971594,3.020013158179676,10.800906644306686,0.07031366529188071,1.0,synthetic
70.0,dense,Q3_K_M,34.3,128,256,2048,1,2.351104,gpu,49.990270744964306,438.2201646465037,12.0,consumer_high,mlx,6.512895219348939,122.9945280962123,87.30903647696216,2.5454529585120165,140.6883757023188,7.405625883230758,1.0,synthetic
13.0,dense,bf16,26.0,128,256,4096,1,0.8732671999999999,apple,7.832831677693281,134.9474898598645,32.0,apple_pro,transformers,7.376358915297536,284.4838518608386,101.55522104324903,3.905970040124963,307.75264521368854,12.803394836242635,1.0,synthetic
8.0,dense,Q4_K_M,5.04,128,256,512,1,0.0671744,gpu,636.2622630608043,2283.8093965393145,80.0,datacenter,vllm,0.05029372612177366,2.981669957652897,18.543339279365163,3.6792339840010246,2.913186444962726,0.046806859539057166,1.0,synthetic
70.0,dense,bf16,140.0,128,256,2048,1,2.351104,gpu,166.10707112987978,945.0704108138436,40.0,datacenter_low,transformers,2.408085322793022,251.04144335202656,582.0829842418493,4.157735601727495,290.8423036137919,2.3482110511169596,1.0,synthetic
30.0,dense,Q5_K_M,21.9,128,256,512,1,0.25190399999999996,apple,3.387148682576295,68.56279465475218,16.0,apple_base,ollama,44.28503560283887,497.06043167145293,63.69232592746824,2.9083253848159014,426.94490839130486,49.38177907570531,1.0,synthetic
3.8,dense,Q6_K,3.1159999999999997,128,256,4096,1,0.25526271999999994,gpu,9.087671451286521,203.86499526678486,6.0,consumer_low,transformers,2.7876594647077546,30.066802659263864,9.781785260272772,3.1392122144649464,22.553237970431514,3.0931599353916917,1.0,synthetic
3.0,dense,Q4_K_M,1.8900000000000001,128,256,4096,1,0.20152319999999999,gpu,67.28528742878085,798.6619615730947,24.0,consumer_flagship,mlx,0.19816120050681524,3.7411200601430297,8.101742370641384,4.286636174942531,4.089007538776968,0.20988380378890448,1.0,synthetic
7.0,dense,bf16,14.0,128,256,2048,1,0.2351104,gpu,154.12726360015802,816.846309666813,40.0,datacenter_low,ollama,0.2595257909967785,29.04485668751735,53.303705159205194,3.8074075113717996,38.39406978204816,0.4080013006896565,1.0,synthetic
70.0,dense,Q8_0,74.2,128,256,512,1,0.587776,gpu,8.972421843568249,201.7193962393565,6.0,consumer_low,llama.cpp,52.01122671257259,674.0937018476192,192.37594460402926,2.5926677170354346,716.2932341697224,27.84991690317256,1.0,synthetic
1.0,dense,fp16,2.0,128,256,8192,1,0.1343488,cpu,1.091552319208113,69.56030103625822,16.0,cpu_modern,mlx,3.6645059788814107,40.91124330408851,7.949844637036371,3.9749223185181854,39.63389728510629,2.860219238015628,1.0,synthetic
7.0,dense,Q4_0,4.13,128,256,512,1,0.0587776,apple,26.495506281961685,746.4209916683141,128.0,apple_ultra,ollama,0.960711797074626,7.014770563053378,19.818230680668982,4.798603070379899,4.28082635088482,1.203518105752477,1.0,synthetic
1.0,dense,Q5_K_M,0.73,128,256,4096,1,0.0671744,cpu,0.16901903128216073,38.42732336607854,8.0,cpu_low,llama.cpp,39.44329000168814,37.71816179316447,1.540401346227916,2.1101388304492,50.701146160470266,30.484553898336024,1.0,synthetic
8.0,dense,bf16,16.0,128,256,2048,1,0.2686976,gpu,24.810767545327383,332.813956398385,8.0,consumer_mid,mlx,1.6122032471153116,75.20347346402025,55.28086340115398,3.4550539625721237,113.41367314786976,1.7964205242643663,1.0,synthetic
0.5,dense,Q6_K,0.41,128,256,4096,1,0.0335872,cpu,0.3502483636195266,51.378228765376676,16.0,cpu_older,vllm,7.137792091773311,13.282704806159792,1.111030032730234,2.7098293481225224,24.14685972768766,7.992719987451201,1.0,synthetic
3.0,moe,Q4_0,1.77,128,256,8192,1,0.40304639999999997,gpu,696.5345978724288,2446.862118968741,80.0,datacenter,llama.cpp,0.0172281463643789,1.1841268772517275,4.575228421657728,2.5848748144958917,1.0480562204721844,0.020833088389555807,1.0,synthetic
13.0,dense,bf16,26.0,128,256,16384,1,3.4930687999999996,apple,15.022101530625624,432.24965576350155,64.0,apple_max,mlx,3.4615662724677616,90.97541480715228,61.298414541564725,2.35763132852172,93.70413335435441,2.827700955969328,1.0,synthetic
70.0,dense,Q3_K_M,34.3,128,256,8192,1,9.404416,apple,12.914074728715283,346.3292742594661,64.0,apple_max,mlx,21.681770152483463,168.25766401430303,155.44692826283435,4.531980415826075,164.9643984037171,18.22391221051222,1.0,synthetic
3.0,dense,Q6_K,2.46,128,256,8192,1,0.40304639999999997,gpu,650.1057590627534,2441.2844631444373,80.0,datacenter,mlx,0.018458535142497737,1.5636830765240262,9.182784535102046,3.732839241911401,1.5399785791071878,0.01564121585729919,1.0,synthetic
8.0,dense,Q8_0,8.48,128,256,4096,1,0.5373952,cpu,1.0212721161256433,72.93911098769736,16.0,cpu_modern,vllm,31.333470771136927,164.83877356317043,26.291349277241068,3.100394961938805,139.11585858559175,28.480385480507895,1.0,synthetic
0.5,dense,fp32,2.0,128,256,16384,1,0.1343488,gpu,21.996210016547234,377.9925741947654,8.0,consumer_mid,llama.cpp,0.1136559433702128,8.686978958400426,8.20519418346328,4.10259709173164,9.318096020854323,0.15416198508509965,1.0,synthetic
13.0,dense,fp32,52.0,128,256,8192,1,1.7465343999999998,gpu,140.3342611206186,935.3080134466076,40.0,datacenter_low,vllm,0.5293483835844265,95.77332391630034,222.21314341852462,4.273329681125474,71.82235338432481,0.22586177279517605,1.0,synthetic
7.0,dense,Q8_0,7.42,128,256,16384,1,1.8808832,apple,25.233538680337738,756.3295068066848,128.0,apple_ultra,llama.cpp,1.008758453461778,15.371744584032989,28.426680554032174,3.8310890234544708,19.123887009175228,0.9995995709364763,1.0,synthetic
3.8,dense,int8,3.8,128,256,8192,1,0.5105254399999999,gpu,709.7454855845477,2312.3081344220163,80.0,datacenter,mlx,0.021416127765125904,2.485554225137881,13.975086702160423,3.6776543953053746,3.138058763785741,0.01890854970992775,1.0,synthetic
1.5,dense,Q5_K_M,1.095,128,256,8192,1,0.20152319999999999,gpu,9.039803923143305,175.97478281240174,6.0,consumer_low,llama.cpp,1.1062186840577861,13.3957540473508,2.4518640154202314,2.239145219561855,18.86764801089765,0.6777913764088755,1.0,synthetic
70.0,dense,int8,70.0,128,256,16384,1,18.808832,gpu,68.5707285715994,790.8390088282517,24.0,consumer_flagship,mlx,4.537083353084963,160.42425649687775,262.1615207694301,3.7451645824204305,124.32487250650875,4.826844317678711,1.0,synthetic
3.0,dense,Q8_0,3.18,128,256,16384,1,0.8060927999999999,apple,8.639233311451164,145.78874414583083,32.0,apple_pro,transformers,1.543346828665944,39.05938225257104,14.93883468047899,4.697746754867607,42.40712257791454,1.985854027056887,1.0,synthetic
1.5,dense,bf16,3.0,128,256,4096,1,0.10076159999999999,cpu,1.037051593374201,68.30487487499114,16.0,cpu_modern,ollama,5.785633075860875,60.52787312130386,14.17943847945176,4.7264794931505865,47.237109685443606,4.7851324569368305,1.0,synthetic
8.0,dense,Q8_0,8.48,128,256,16384,1,2.1495808,apple,3.2343600605587337,71.59852672576412,16.0,apple_base,vllm,12.367206882059389,228.40136492479908,36.204115678437915,4.269353263966735,181.73219113176202,10.40477587771365,1.0,synthetic
1.5,dense,fp32,6.0,128,256,16384,1,0.40304639999999997,cpu,0.39689895350548954,41.2981589540335,16.0,cpu_older,ollama,18.896497291712475,238.5297762631258,17.871064574308562,2.97851076238476,213.3658338243262,19.548894030969244,1.0,synthetic
3.0,dense,Q8_0,3.18,128,256,2048,1,0.10076159999999999,cpu,0.9905670983773404,68.6889600178807,16.0,cpu_modern,vllm,12.114272743014928,63.683433245477815,13.69684321034377,4.307183399479173,59.229225509028645,10.868781158519283,1.0,synthetic
1.0,dense,bf16,2.0,128,256,512,1,0.0083968,gpu,8.798865280033976,203.92495638515226,6.0,consumer_low,vllm,0.7576734561210287,17.906736920211596,9.311433272245392,4.655716636122696,24.852761689344614,0.7083630925964965,1.0,synthetic
3.0,dense,Q4_K_M,1.8900000000000001,128,256,4096,1,0.20152319999999999,gpu,56.94077806811498,708.0562514412146,24.0,consumer_flagship,vllm,0.2341614179803345,4.219848747373642,8.48363826419885,4.4886974942851054,4.007902987354843,0.2941551239211984,1.0,synthetic
3.8,dense,fp16,7.6,128,256,2048,1,0.12763135999999997,cpu,0.35604347852793233,50.87782561051527,16.0,cpu_older,ollama,53.364269101503595,233.6708278726463,36.59053073356367,4.814543517574167,177.551072551514,81.71950316755613,1.0,synthetic
1.0,dense,Q4_0,0.59,128,256,8192,1,0.1343488,gpu,60.62355213802898,664.7562296329638,24.0,consumer_flagship,llama.cpp,0.07331217468625462,1.5566367848426812,2.8250441664130026,4.788210451547462,2.007618492452866,0.0923699605426397,1.0,synthetic
7.0,dense,fp32,28.0,128,256,512,1,0.0587776,gpu,22.78601806792157,381.2897936980185,8.0,consumer_mid,llama.cpp,1.5360296781855631,113.21401953925546,88.5267438616574,3.161669423630621,109.53429172948053,1.5697002002787785,1.0,synthetic
2.0,dense,fp32,8.0,128,256,2048,1,0.0671744,gpu,140.22444556770444,847.2124145755881,40.0,datacenter_low,vllm,0.08150199048605532,15.870034994001001,26.42874311930789,3.303592889913486,21.487522368617807,0.07029382705562363,1.0,synthetic
13.0,dense,int8,13.0,128,256,8192,1,1.7465343999999998,cpu,1.1108601015444939,69.44234975181242,16.0,cpu_modern,vllm,46.81057491190957,283.14200105467336,41.35645052105086,3.18126542469622,377.07951425237644,37.073324380482916,1.0,synthetic
3.8,dense,bf16,7.6,128,256,512,1,0.03190783999999999,gpu,25.81158532574835,344.18021761229,8.0,consumer_mid,mlx,0.7361035659071489,34.11409510510988,16.532842109000796,2.175373961710631,27.6481491776006,0.9218253814544802,1.0,synthetic
8.0,moe,Q8_0,8.48,128,256,2048,1,0.2686976,gpu,23.499470481047997,347.30240981118516,8.0,consumer_mid,transformers,1.7021660140069732,38.7545101588791,27.135567985388384,3.1999490548807055,34.58944095850963,1.2460263983667321,1.0,synthetic
2.0,dense,fp16,4.0,128,256,2048,1,0.0671744,apple,6.937740424851857,153.74882616828918,32.0,apple_pro,vllm,1.281236878948047,37.79052684602227,13.032016165031461,3.2580040412578652,57.57829004478571,1.7295001524794156,1.0,synthetic
3.0,dense,Q3_K_M,1.47,128,256,512,1,0.025190399999999998,cpu,0.15904939143139213,37.37162738101645,8.0,cpu_low,vllm,125.74710170222336,72.74309925772518,5.990485703333977,4.075160342404066,68.45446271131873,125.83344173158234,1.0,synthetic
0.5,dense,Q3_K_M,0.245,128,256,8192,1,0.0671744,cpu,0.4193611214733669,38.768411843905646,16.0,cpu_older,mlx,5.96144914725666,12.388134691357116,0.7992413734879333,3.2622096877058504,12.874532744546164,5.886155534079479,1.0,synthetic
1.0,dense,int8,1.0,128,256,2048,1,0.0335872,apple,27.015757781567917,898.3832379583324,128.0,apple_ultra,vllm,0.13460157829978117,1.4381212220033905,4.393414044023217,4.393414044023217,1.6787662175170597,0.22004389797021806,1.0,synthetic
3.8,dense,fp32,15.2,128,256,512,1,0.03190783999999999,apple,3.327929639810376,67.12051666344024,16.0,apple_base,transformers,5.709255319797751,349.12878407556764,74.4817999848418,4.900118420055382,193.6606318389896,4.8920138018278925,1.0,synthetic
13.0,dense,fp16,26.0,128,256,2048,1,0.43663359999999996,apple,15.887248144306575,349.9867679449687,64.0,apple_max,vllm,3.273065261376619,100.71479275337195,57.36280470095402,2.2062617192674625,99.2053313084745,4.590830799783414,1.0,synthetic
70.0,dense,Q6_K,57.4,128,256,8192,1,9.404416,gpu,710.4406235842953,2437.8732092317764,80.0,datacenter,llama.cpp,0.39412160665496826,36.536992296960044,257.1172057545539,4.479393828476549,34.324959097307136,0.4336763486051767,1.0,synthetic
3.8,dense,bf16,7.6,128,256,4096,1,0.25526271999999994,gpu,66.12492947811633,606.4681636748285,24.0,consumer_flagship,ollama,0.2554088000120768,18.5035333391896,21.831992276480083,2.8726305626947477,18.562972411952426,0.2949522590214926,1.0,synthetic
13.0,dense,Q8_0,13.780000000000001,128,256,16384,1,3.4930687999999996,gpu,148.6233078895166,996.621601549722,40.0,datacenter_low,vllm,0.4998254670857999,28.88603654108508,32.895805348122636,2.3872137407926437,22.772210740235835,0.41700238322877914,1.0,synthetic
13.0,dense,Q6_K,10.66,128,256,4096,1,0.8732671999999999,cpu,0.14090367292755948,41.6261539627013,8.0,cpu_low,vllm,615.0774132851965,503.75964942767246,26.63459628751978,2.4985549988292477,342.54343381077564,586.1400764296246,1.0,synthetic
13.0,dense,bf16,26.0,128,256,512,1,0.10915839999999999,apple,2.849456528859341,76.97445720686845,16.0,apple_base,mlx,22.811367480668316,521.8346118641523,121.50892715989373,4.673420275380528,374.2988037105802,22.396449774582372,1.0,synthetic
3.0,dense,Q4_0,1.77,128,256,4096,1,0.20152319999999999,gpu,24.7026652985112,372.01549106797506,8.0,consumer_mid,vllm,0.607221926004237,8.15318901553592,5.0364907674989565,2.845475009886416,8.740752633474088,0.521198166118909,1.0,synthetic
13.0,dense,Q5_K_M,9.49,128,256,2048,1,0.43663359999999996,apple,7.242323352680238,129.27128459188782,32.0,apple_pro,ollama,7.9777959315218085,109.69880269718492,36.22988232815988,3.817690445538449,107.04836587533089,5.721778439019192,1.0,synthetic
30.0,dense,int8,30.0,128,256,4096,1,2.0152319999999997,gpu,44.032749307679424,429.065997850435,12.0,consumer_high,ollama,3.1688887456453916,109.72956087241259,98.9555928951455,3.298519763171517,121.14261807296391,3.429608849379532,1.0,synthetic
7.0,dense,int8,7.0,128,256,16384,1,1.8808832,gpu,707.4639193505376,2482.7375444632403,80.0,datacenter,vllm,0.03957799010542391,4.769403687637882,32.772603724069796,4.681800532009971,5.96275391780696,0.036658344899461695,1.0,synthetic
30.0,dense,Q8_0,31.8,128,256,4096,1,2.0152319999999997,cpu,0.14261173640886904,39.72560356624931,8.0,cpu_low,vllm,1402.4091216910667,1547.672898096255,90.18743773958136,2.8360829477855773,729.6753000635634,1664.5342936803665,1.0,synthetic
1.0,dense,Q4_0,0.59,128,256,512,1,0.0083968,cpu,1.1376615619571229,68.57044157505486,16.0,cpu_modern,ollama,3.5159841325031564,11.635660813510835,1.6738446739155999,2.83702487104339,7.708769877511387,4.215200549538255,1.0,synthetic
1.5,dense,fp32,6.0,128,256,2048,1,0.050380799999999996,cpu,0.14572358643192848,44.14609462059634,8.0,cpu_low,ollama,68.6230708758412,249.18834742188034,13.48629884463499,2.2477164741058315,256.17040184307075,56.86808033789909,1.0,synthetic
0.5,dense,Q3_K_M,0.245,128,256,8192,1,0.0671744,cpu,0.8963562489971557,75.40753017844757,16.0,cpu_modern,vllm,2.2312557113732425,5.519774117363916,0.7225959911926959,2.9493713926232488,3.604271926672192,2.2812975052950906,1.0,synthetic
30.0,dense,Q8_0,31.8,128,256,512,1,0.25190399999999996,apple,13.141351591151697,376.38637406131005,64.0,apple_max,transformers,9.131480819735323,113.54255877774868,150.3754003119841,4.728786173332833,138.60645781020517,5.227467016557572,1.0,synthetic
1.0,moe,fp32,4.0,128,256,2048,1,0.0335872,apple,12.777827201884033,437.282028440511,64.0,apple_max,vllm,0.3130422674216644,12.298964779885345,11.09158398516235,2.7728959962905875,11.352062632582218,0.31537653763867557,1.0,synthetic
8.0,dense,fp32,32.0,128,256,4096,1,0.5373952,cpu,0.9849831022806579,81.24462131001063,16.0,cpu_modern,mlx,32.48786697549053,533.9823473908481,115.19906059452208,3.599970643578815,579.1013075801276,18.910321006836394,1.0,synthetic
3.8,dense,fp32,15.2,128,256,16384,1,1.0210508799999998,gpu,63.16008255922113,630.5239977069083,24.0,consumer_flagship,transformers,0.2673981445963638,36.75186021919358,40.7631040423206,2.681783160678987,68.85988182906252,0.2641649031496481,1.0,synthetic
1.0,moe,Q8_0,1.06,128,256,512,1,0.0083968,apple,15.19704181676286,423.39641597457705,64.0,apple_max,llama.cpp,0.26320911978987,3.3645279291929646,4.06406646686777,3.834024968743179,3.6054011521632714,0.26388559917107746,1.0,synthetic
1.0,dense,int8,1.0,128,256,16384,1,0.2686976,cpu,0.9612921137776507,83.07038271626891,16.0,cpu_modern,vllm,4.161066072081821,20.363416475132112,3.0408768511327575,3.0408768511327575,18.44255727297307,2.963885928468616,1.0,synthetic
70.0,dense,int8,70.0,128,256,16384,1,18.808832,gpu,685.6794899726332,2711.3348694465444,80.0,datacenter,llama.cpp,0.4083540547656973,43.672870265623445,261.06266965937186,3.729466709419598,62.805707971189875,0.3988818994293334,1.0,synthetic
7.0,dense,fp16,14.0,128,256,16384,1,1.8808832,gpu,666.8345812780866,2732.484057762604,80.0,datacenter,transformers,0.04198942404326704,7.7491800448677886,49.189122810303104,3.5135087721645073,6.409045627320611,0.03382034048641637,1.0,synthetic
70.0,dense,Q5_K_M,51.1,128,256,512,1,0.587776,apple,13.9238216068294,341.09044419414596,64.0,apple_max,llama.cpp,20.109421673620464,202.04915100887334,170.49788096180163,3.3365534434794837,210.5208463945026,38.86349537786168,1.0,synthetic
7.0,dense,Q4_0,4.13,128,256,4096,1,0.4702208,gpu,798.0633880698462,2553.399387972185,80.0,datacenter,llama.cpp,0.03508493237325336,2.402141929784213,15.484680332697936,3.749317271839694,3.1286915462827802,0.037240993773217886,1.0,synthetic
8.0,moe,Q6_K,6.56,128,256,4096,1,0.5373952,apple,3.196212760314301,65.38968878336902,16.0,apple_base,mlx,12.514811434538725,166.98457725705916,20.883354411708712,3.1834381725165724,163.19975647830606,9.588668187801,1.0,synthetic
3.8,dense,Q5_K_M,2.774,128,256,8192,1,0.5105254399999999,gpu,49.955312462115785,461.5992953528708,12.0,consumer_high,transformers,0.35380458520912605,10.464020459337547,13.000814875552472,4.686667222621655,8.674194710726747,0.2434387905353371,1.0,synthetic
13.0,moe,int8,13.0,128,256,8192,1,1.7465343999999998,apple,3.419959998806496,66.84615769785529,16.0,apple_base,mlx,19.006070253068405,339.39087572609867,52.82299904826366,4.063307619097205,364.9924736726653,10.444743954417607,1.0,synthetic
3.8,dense,Q4_K_M,2.3939999999999997,128,256,8192,1,0.5105254399999999,gpu,23.301058865312346,374.82968333500264,8.0,consumer_mid,vllm,0.8154135874179,11.921416247414351,7.054877752766887,2.946899646101457,8.044382544300127,0.5653088474883257,1.0,synthetic
3.0,dense,Q3_K_M,1.47,128,256,512,1,0.025190399999999998,cpu,0.3989223715202692,42.57990336120621,16.0,cpu_older,mlx,37.60130058095238,54.02297190680518,7.239327843093136,4.924712818430705,46.516168723627295,28.136348248441532,1.0,synthetic
0.5,moe,Q8_0,0.53,128,256,2048,1,0.0167936,gpu,24.333350627461364,344.1948415701252,8.0,consumer_mid,llama.cpp,0.10273965300851866,2.444025364353217,1.4441460295328634,2.724803829307289,2.6275709966719036,0.10416327095281773,1.0,synthetic
3.0,dense,Q4_0,1.77,128,256,16384,1,0.8060927999999999,cpu,0.4217538532638921,47.915793362813275,16.0,cpu_older,mlx,35.565768715370744,82.71217930795,7.134191784644432,4.03061682748273,68.07388621613276,37.80171260864375,1.0,synthetic
1.5,dense,fp16,3.0,128,256,512,1,0.012595199999999999,apple,2.607685239932558,69.96131005081789,16.0,apple_base,vllm,2.8761139899668153,66.24749940770532,13.574598067884965,4.524866022628322,53.91058441351778,3.530424754719253,1.0,synthetic
3.0,dense,Q6_K,2.46,128,256,16384,1,0.8060927999999999,cpu,0.1288659212489852,42.360724189343685,8.0,cpu_low,llama.cpp,155.20007001197376,140.18529331347938,5.907282710055484,2.401334434981904,96.73264199994205,145.7910738316066,1.0,synthetic
3.0,dense,fp16,6.0,128,256,16384,1,0.8060927999999999,apple,30.671788057417217,697.4397410194775,128.0,apple_ultra,vllm,0.3556718274353364,12.198352774626885,23.164227281300168,3.8607045468833614,10.587490633922073,0.254157318902774,1.0,synthetic
1.0,dense,Q6_K,0.82,128,256,8192,1,0.1343488,gpu,9.120962930245465,177.53860954473885,6.0,consumer_low,llama.cpp,0.7309169785746791,9.773533998115376,2.1653154220462394,2.6406285634710236,7.640892561643955,0.5762507217266448,1.0,synthetic
30.0,dense,fp16,60.0,128,256,16384,1,8.060927999999999,apple,14.60014951415994,424.4837743109988,64.0,apple_max,transformers,8.219093912950557,213.78415263880825,190.3651368314092,3.1727522805234867,184.68472336583935,5.665265146893907,1.0,synthetic
30.0,moe,Q5_K_M,21.9,128,256,512,1,0.25190399999999996,apple,30.859297888426823,909.1199256509764,128.0,apple_ultra,ollama,3.535106647122438,30.457895838299475,48.2700515358227,2.2041119422750093,26.019311717884342,4.4031937001121175,1.0,synthetic
3.8,moe,Q5_K_M,2.774,128,256,8192,1,0.5105254399999999,gpu,42.52820585922843,465.0191824150746,12.0,consumer_high,ollama,0.41559285767085546,10.387064992679866,12.690963497349856,4.574968816636574,15.238035290132041,0.4196908632444882,1.0,synthetic
70.0,dense,Q3_K_M,34.3,128,256,512,1,0.587776,gpu,9.931133030608374,191.58053367338405,6.0,consumer_low,vllm,46.990274445863406,331.10002766848197,74.8671803989003,2.1827166297055483,249.77150086688607,65.91152758249524,1.0,synthetic
0.5,dense,Q6_K,0.41,128,256,16384,1,0.1343488,gpu,742.3287057766179,2132.3706644273407,80.0,datacenter,mlx,0.0026942242492261122,0.3403715930386414,1.6728543723781886,4.080132615556558,0.2213497401371299,0.0020467800680474347,1.0,synthetic
2.0,moe,bf16,4.0,128,256,512,1,0.0167936,gpu,755.9115492796795,2353.0709769784626,80.0,datacenter,vllm,0.010583248804206432,2.276057480797793,13.355916319838734,3.3389790799596835,1.9612088382419195,0.013865897008085049,1.0,synthetic
30.0,dense,Q3_K_M,14.7,128,256,16384,1,8.060927999999999,apple,28.83885006881448,846.3008550139491,128.0,apple_ultra,ollama,3.782775971670137,33.61825742162467,69.75584184301032,4.74529536347009,44.081911871590336,6.120755277013333,1.0,synthetic
7.0,dense,bf16,14.0,128,256,2048,1,0.2351104,gpu,22.422716062336562,376.43880717662796,8.0,consumer_mid,transformers,1.5609170585177012,58.17723738529997,47.92626639418131,3.4233047424415224,38.40636934213546,1.815297064072982,1.0,synthetic
0.5,dense,Q4_0,0.295,128,256,8192,1,0.0671744,apple,2.850398937362818,69.61799341688459,16.0,apple_base,transformers,0.8770702119026867,8.003554214480532,1.1490743402190269,3.8951672549797522,8.351458816797715,1.168158888705625,1.0,synthetic
7.0,dense,bf16,14.0,128,256,2048,1,0.2351104,gpu,703.9370478940889,2163.374129834107,80.0,datacenter,vllm,0.039776284092114936,8.773400281649595,41.0298819172776,2.9307058512341144,8.670112556564526,0.024744860938312536,1.0,synthetic
7.0,dense,Q3_K_M,3.4299999999999997,128,256,2048,1,0.2351104,gpu,135.67936189925373,901.1158673179783,40.0,datacenter_low,mlx,0.29481270725389525,6.778836723310977,11.634409945461517,3.391956252321142,5.080310159862818,0.2287893430400366,1.0,synthetic
13.0,dense,int8,13.0,128,256,2048,1,0.43663359999999996,apple,13.34977916136978,451.32948796904884,64.0,apple_max,ollama,3.8951955213216007,39.694972174951864,30.14233927594979,2.3186414827653685,43.91595749603283,4.828354370164683,1.0,synthetic
3.8,dense,Q3_K_M,1.8619999999999999,128,256,512,1,0.03190783999999999,gpu,70.379606462159,764.6710389028939,24.0,consumer_flagship,ollama,0.239968504199715,3.538230808967531,7.320869848180533,3.931723871203294,3.1934290266068155,0.2613473514688619,1.0,synthetic
3.8,dense,Q6_K,3.1159999999999997,128,256,2048,1,0.12763135999999997,gpu,71.51933351711327,716.2442142561301,24.0,consumer_flagship,transformers,0.23614438304081356,6.469523932597165,11.174356026276124,3.586121959652158,5.573065493294177,0.44311317534764993,1.0,synthetic
0.5,dense,Q8_0,0.53,128,256,2048,1,0.0167936,apple,6.8825044600441405,156.25333598879777,32.0,apple_pro,transformers,0.32287988117162375,4.9991490379553625,1.5253216052911784,2.8779652930022235,4.845365945135874,0.2536087038394258,1.0,synthetic
8.0,dense,Q3_K_M,3.92,128,256,2048,1,0.2686976,apple,27.367966396714877,712.0199205255697,128.0,apple_ultra,vllm,1.0629547211955441,7.353547069490974,9.76104832897952,2.4900633492294695,9.429043266911316,1.2902736908070809,1.0,synthetic
2.0,dense,Q6_K,1.64,128,256,2048,1,0.0671744,gpu,7.931645335850082,178.73092896724154,6.0,consumer_low,ollama,1.6810299463426928,17.366627435335257,5.578924100356912,3.4017829880225077,17.712043519981133,2.306158013554901,1.0,synthetic
2.0,dense,Q3_K_M,0.98,128,256,2048,1,0.0671744,cpu,0.3528054182922825,47.019006091218984,16.0,cpu_older,transformers,28.344235891852072,34.263538776979956,3.8006008444035557,3.878164126942404,35.63626357368668,29.882727465588097,1.0,synthetic
1.0,dense,Q8_0,1.06,128,256,8192,1,0.1343488,apple,13.088754224932531,353.48764326112155,64.0,apple_max,vllm,0.3056058606693426,4.5050091481990275,3.344484617186298,3.155174167156885,4.069944282338462,0.2539778279199667,1.0,synthetic
13.0,dense,int8,13.0,128,256,2048,1,0.43663359999999996,gpu,10.196053516992066,206.6225635869015,6.0,consumer_low,mlx,8.500020770019864,118.2360846027158,30.387622090538642,2.3375093915798955,134.47848745652698,10.870429174360833,1.0,synthetic
13.0,dense,Q4_K_M,8.19,128,256,16384,1,3.4930687999999996,gpu,26.769403047804612,326.38538256370805,8.0,consumer_mid,llama.cpp,2.428145292740501,55.06972113400825,40.89280750841267,4.993016789793978,38.83461401724368,3.50344683598193,1.0,synthetic
0.5,dense,Q5_K_M,0.365,128,256,16384,1,0.1343488,apple,7.432523550792267,140.06087118484214,32.0,apple_pro,mlx,0.2989862335498884,5.0931814327357285,1.6458345422643872,4.509135732231198,6.671980123729007,0.3967213261390726,1.0,synthetic
0.5,dense,Q8_0,0.53,128,256,2048,1,0.0167936,cpu,0.17134976897873136,43.878934108684625,8.0,cpu_low,mlx,19.453386795911467,22.657117863339646,1.2640763833173647,2.3850497798440844,31.597230628950463,28.91439895379201,1.0,synthetic
70.0,dense,fp32,280.0,128,256,512,1,0.587776,gpu,156.7584224900544,1030.2702967623368,40.0,datacenter_low,vllm,2.5516970230124523,453.9064115532879,593.5562975603193,2.1198439198582832,439.9219952804758,3.2897884710939147,1.0,synthetic
70.0,dense,Q6_K,57.4,128,256,512,1,0.587776,apple,7.669504376000491,164.687564022025,32.0,apple_pro,ollama,40.56469569072076,503.0111441135967,124.28848435435071,2.1653046054764933,458.23272811423885,70.62635060042767,1.0,synthetic
7.0,moe,int8,7.0,128,256,8192,1,0.9404416,apple,7.824547346775926,148.60612228730474,32.0,apple_pro,mlx,3.976090850026018,76.3325751685337,20.54471124974763,2.934958749963947,80.25545143846195,4.772979509507438,1.0,synthetic
3.8,dense,Q4_K_M,2.3939999999999997,128,256,16384,1,1.0210508799999998,cpu,1.0075954793352164,66.80191429222256,16.0,cpu_modern,mlx,15.085419011634052,68.1627348793426,8.22004334298614,3.433602064739407,67.01143173002633,16.16355474867012,1.0,synthetic
13.0,dense,Q4_K_M,8.19,128,256,16384,1,3.4930687999999996,gpu,8.60926673043969,210.950703806972,6.0,consumer_low,ollama,10.066672270733612,100.6962427210694,22.968279151564893,2.8044296888357625,137.82150277766604,13.369701777445247,1.0,synthetic
3.0,dense,Q6_K,2.46,128,256,8192,1,0.40304639999999997,gpu,661.2903810444539,2218.938423322156,80.0,datacenter,vllm,0.018146339859120564,1.7203700471708732,9.330895636163127,3.793047006570377,1.5873140638234757,0.01874842956980732,1.0,synthetic
3.8,dense,Q6_K,3.1159999999999997,128,256,4096,1,0.25526271999999994,cpu,0.44436350618219606,50.27623400191005,16.0,cpu_older,transformers,42.75778666713846,103.16122783922495,6.951507922758946,2.230907549024052,66.08907673732679,21.898341805669904,1.0,synthetic
3.0,moe,fp32,12.0,128,256,4096,1,0.20152319999999999,gpu,735.8606553430374,2740.944565279634,80.0,datacenter,vllm,0.01630743526354992,5.935434742490041,54.19821612354973,4.516518010295811,5.282314118116494,0.010357740607477645,1.0,synthetic
13.0,dense,Q8_0,13.780000000000001,128,256,2048,1,0.43663359999999996,cpu,0.44525445611947456,41.532929733567045,16.0,cpu_older,llama.cpp,145.983940433734,526.6121157430218,31.77166810952927,2.3056362924186695,375.1141433267998,156.09152517579486,1.0,synthetic
70.0,dense,bf16,140.0,128,256,512,1,0.587776,gpu,73.01684977714316,767.3065758887428,24.0,consumer_flagship,vllm,4.260812566697444,261.74632970840224,423.8059517842611,3.027185369887579,248.2038753214524,6.068699946138268,1.0,synthetic
30.0,dense,int8,30.0,128,256,8192,1,4.030463999999999,apple,8.111543266460902,131.61089592256,32.0,apple_pro,llama.cpp,16.43748038485249,369.3839193985403,76.79310871858507,2.5597702906195026,416.55673885951194,25.753672514282922,1.0,synthetic
3.0,dense,Q3_K_M,1.47,128,256,4096,1,0.20152319999999999,gpu,58.920527895496384,633.6922168302616,24.0,consumer_flagship,vllm,0.2262935144943342,3.768217791372838,6.64593546316532,4.521044532765524,3.886905869810522,0.18755413693828732,1.0,synthetic
70.0,dense,bf16,140.0,128,256,16384,1,18.808832,gpu,7.697245177765948,172.94027869827642,6.0,consumer_low,mlx,60.62775134338545,1669.6129616678395,417.2303340388261,2.9802166717059007,2292.1831817421316,66.11337901929082,1.0,synthetic
1.5,dense,Q8_0,1.59,128,256,16384,1,0.40304639999999997,gpu,8.59395887678085,205.78078984980658,6.0,consumer_low,llama.cpp,1.163608081371903,17.609616183889543,5.950206115495495,3.7422679971669774,21.225713292649246,1.7702183386518282,1.0,synthetic
1.5,dense,Q3_K_M,0.735,128,256,2048,1,0.050380799999999996,apple,28.957641444833765,842.0554010148888,128.0,apple_ultra,transformers,0.18836290465633143,1.1658686575928054,1.7480728624013682,2.378330425035875,1.0084982617852505,0.13314592417362797,1.0,synthetic
1.0,dense,bf16,2.0,128,256,4096,1,0.0671744,gpu,622.269972817755,2632.1468097674046,80.0,datacenter,llama.cpp,0.00642807812481655,1.047142402203961,4.6339020726935845,2.3169510363467922,0.7862070142724173,0.00739206847122193,1.0,synthetic
3.8,dense,Q5_K_M,2.774,128,256,8192,1,0.5105254399999999,apple,29.53409286944774,818.9015543263998,128.0,apple_ultra,transformers,0.4678722275054661,5.013614613758025,11.40067308918946,4.1098316831973545,6.930302970628617,0.5508493425095359,1.0,synthetic
3.0,dense,bf16,6.0,128,256,2048,1,0.10076159999999999,apple,8.802699806854632,130.02962574569452,32.0,apple_pro,ollama,1.5146868149417883,67.02606167098266,17.150430764249656,2.8584051273749425,78.61098109127249,1.7335628881183123,1.0,synthetic
30.0,dense,Q3_K_M,14.7,128,256,4096,1,2.0152319999999997,cpu,0.4168536728791903,42.49118786179912,16.0,cpu_older,mlx,359.8384991163841,605.2017567054363,60.80891104831269,4.136660615531476,448.95881148779847,392.0527132262566,1.0,synthetic
30.0,dense,int8,30.0,128,256,2048,1,1.0076159999999998,gpu,8.124903765230387,184.12299571390145,6.0,consumer_low,ollama,24.61567617032924,306.1946902274254,79.05429349331737,2.6351431164439125,380.01388880016646,24.529253648047703,1.0,synthetic
8.0,dense,bf16,16.0,128,256,16384,1,2.1495808,apple,13.399080095031465,431.07721982248364,64.0,apple_max,mlx,2.388223652149521,56.13713727817009,39.03749874367243,2.439843671479527,69.97123697752482,2.3891736534051633,1.0,synthetic
3.8,dense,bf16,7.6,128,256,8192,1,0.5105254399999999,apple,8.350226943255294,137.97956157683168,32.0,apple_pro,vllm,2.022566452823238,83.97232736410731,28.736009333919114,3.7810538597261996,94.48611504215617,1.5518963064112976,1.0,synthetic
2.0,dense,int8,2.0,128,256,512,1,0.0167936,cpu,0.16146723562630488,36.20500888066002,8.0,cpu_low,vllm,82.57609218127456,101.28149579060694,9.904536783799085,4.952268391899542,58.878993060476745,57.71189919091869,1.0,synthetic
3.0,dense,Q5_K_M,2.19,128,256,2048,1,0.10076159999999999,cpu,0.37506987480872656,42.230032717681354,16.0,cpu_older,llama.cpp,39.992548075607274,83.45360845313868,6.037760429812806,2.7569682327912357,103.69131461950573,22.242050557358358,1.0,synthetic
1.5,dense,Q4_K_M,0.9450000000000001,128,256,16384,1,0.40304639999999997,cpu,1.1245869821137822,71.4013954145187,16.0,cpu_modern,vllm,5.335292063155804,25.173110267177204,2.3684046578589806,2.5062483151946884,29.916032582200444,5.777833156285653,1.0,synthetic
2.0,dense,Q5_K_M,1.46,128,256,8192,1,0.2686976,gpu,171.07471320446646,887.2785073121881,40.0,datacenter_low,ollama,0.06680456283981688,3.2471908683943047,4.240950490046156,2.9047606096206553,3.3720074253890675,0.07487824818389226,1.0,synthetic
3.8,dense,Q5_K_M,2.774,128,256,16384,1,1.0210508799999998,gpu,58.92189923588357,658.7843597072708,24.0,consumer_flagship,mlx,0.28663178050790866,8.229553688177853,12.168803247215635,4.386735128772759,7.8715289114885785,0.21796949492962914,1.0,synthetic
70.0,dense,fp32,280.0,128,256,16384,1,18.808832,gpu,624.6905463854314,2222.7403248792516,80.0,datacenter,ollama,0.4482219262323224,179.24350925771927,641.992432011553,2.292830114326975,134.67377914426697,0.5273066127168724,1.0,synthetic
2.0,moe,Q4_0,1.18,128,256,16384,1,0.5373952,cpu,0.3600218293846693,50.72037384433647,16.0,cpu_older,vllm,27.776093513805765,52.09240905138731,4.68160551633897,3.967462301982178,46.112907285596016,38.33930486369753,1.0,synthetic
13.0,dense,Q5_K_M,9.49,128,256,16384,1,3.4930687999999996,cpu,0.4044730808401646,47.39117755701461,16.0,cpu_older,ollama,160.70290726142542,421.46983952804425,26.555905962257174,2.7983041056119258,545.7827032067353,249.55488084943417,1.0,synthetic
7.0,dense,Q8_0,7.42,128,256,4096,1,0.4702208,gpu,129.2552889343268,888.0030311373293,40.0,datacenter_low,vllm,0.30946509291641877,14.8089224235613,33.36902458828447,4.497173125105723,15.444202662240203,0.41092419649751166,1.0,synthetic
30.0,dense,fp32,120.0,128,256,16384,1,8.060927999999999,gpu,28.687182572209206,314.67970143451896,8.0,consumer_mid,llama.cpp,5.228816026893939,626.0868159260317,592.7839610489802,4.939866342074835,822.3040575033109,7.494335859532547,1.0,synthetic
8.0,dense,fp16,16.0,128,256,16384,1,2.1495808,apple,9.16544176148672,158.4005375275858,32.0,apple_pro,ollama,3.879306255041668,163.68614006068736,37.13739844212983,2.3210874026331143,197.07129020478865,3.2039360666525454,1.0,synthetic
13.0,dense,bf16,26.0,128,256,8192,1,1.7465343999999998,apple,3.2526293737544654,76.3680009325518,16.0,apple_base,vllm,19.983832318703865,558.9641666501279,85.55113310355244,3.2904281962904784,818.0853709028885,13.263146835355238,1.0,synthetic
1.5,moe,Q4_K_M,0.9450000000000001,128,256,16384,1,0.40304639999999997,cpu,0.39253180659857545,42.44000700295962,16.0,cpu_older,llama.cpp,19.10673192317868,48.86704043938802,2.60679403095697,2.7585122020708677,53.60573840111044,22.767520471087867,1.0,synthetic
3.0,dense,Q6_K,2.46,128,256,2048,1,0.10076159999999999,cpu,0.8701853838764544,71.45465702901606,16.0,cpu_modern,ollama,13.790164972138529,47.78343276650971,10.241383397426294,4.163163982693615,50.647851513950535,17.11897128400119,1.0,synthetic
8.0,dense,Q6_K,6.56,128,256,512,1,0.0671744,apple,13.907185579990932,426.3265786689784,64.0,apple_max,mlx,2.3009687917043573,20.726440657114725,25.454505899313077,3.8802600456269936,20.3191360689208,2.102633198756339,1.0,synthetic
13.0,dense,Q3_K_M,6.37,128,256,2048,1,0.43663359999999996,apple,13.40743454493594,438.76042893363217,64.0,apple_max,vllm,3.8784451884302267,20.684434757992836,20.483317394614552,3.215591427725989,24.6355154322975,2.6924096812948046,1.0,synthetic
1.5,dense,Q6_K,1.23,128,256,16384,1,0.40304639999999997,cpu,0.4115252314573177,39.70058246049026,16.0,cpu_older,llama.cpp,18.22488495648384,63.28317926880239,6.147602608742419,4.998050901416601,77.13710254517422,15.357375333809522,1.0,synthetic
1.5,dense,fp32,6.0,128,256,8192,1,0.20152319999999999,cpu,0.13701440660995098,35.69476693843225,8.0,cpu_low,transformers,72.98502578978965,315.8865484882182,28.48465826743339,4.747443044572232,333.9335544818287,74.7076330715012,1.0,synthetic
8.0,moe,Q8_0,8.48,128,256,2048,1,0.2686976,apple,27.023291712531236,870.8264678064138,128.0,apple_ultra,ollama,1.0765124175238452,12.558038144553803,23.87249571596969,2.815152796694539,10.818505047049731,0.9840998053393486,1.0,synthetic
0.5,dense,Q3_K_M,0.245,128,256,4096,1,0.0335872,gpu,9.853080631421056,192.69893642991556,6.0,consumer_low,ollama,0.33830366948418894,2.628567605002861,1.2113167506673408,4.94415000272384,2.4667788677450964,0.2772922269065783,1.0,synthetic
13.0,dense,fp32,52.0,128,256,16384,1,3.4930687999999996,gpu,155.83576178666414,877.3634555296626,40.0,datacenter_low,vllm,0.4766923422071108,105.41634418106109,114.93071653250556,2.2102060871635683,91.49817661822736,0.6117699626070984,1.0,synthetic
70.0,dense,Q4_K_M,44.1,128,256,8192,1,9.404416,apple,2.600963001639802,60.255714249912884,16.0,apple_base,vllm,134.5655435234331,1366.085975056966,153.91915552519177,3.490230284017954,1637.7638277093824,140.19761375097482,1.0,synthetic
30.0,dense,fp32,120.0,128,256,2048,1,1.0076159999999998,apple,3.3086509342105774,66.89608704514008,16.0,apple_base,mlx,45.335698138791116,2782.9066138248486,302.62693412520196,2.5218911177100165,3592.5949699529488,59.726106339382234,1.0,synthetic
13.0,dense,int8,13.0,128,256,512,1,0.10915839999999999,apple,7.666918541541948,156.17859704421107,32.0,apple_pro,llama.cpp,7.5359843025223645,119.90995883741866,46.857179184966505,3.6043983988435775,114.14772650655692,6.274255739594436,1.0,synthetic
3.8,dense,fp32,15.2,128,256,2048,1,0.12763135999999997,apple,9.190938783307132,148.85401031800984,32.0,apple_pro,ollama,1.8375586310685708,147.1012852243065,66.71541695145872,4.389172167859127,137.2405602942842,2.706943155580892,1.0,synthetic
3.0,dense,Q6_K,2.46,128,256,512,1,0.025190399999999998,apple,3.085873321458098,75.88654700664893,16.0,apple_base,ollama,4.860860585460583,50.38270941249778,9.569537862966946,3.8900560418564822,77.6428448107553,3.12086759532343,1.0,synthetic
1.5,dense,Q8_0,1.59,128,256,16384,1,0.40304639999999997,cpu,0.14628223238102128,34.30247474327979,8.0,cpu_low,mlx,68.36100213423735,105.64021267831853,4.1888871940740335,2.634520247845304,96.90662871040108,79.16853055017168,1.0,synthetic
1.5,moe,Q4_K_M,0.9450000000000001,128,256,16384,1,0.40304639999999997,gpu,749.5674340894737,2365.012084815544,80.0,datacenter,transformers,0.008004616699081134,0.7599940869393846,4.610879120344682,4.879237164385907,0.555543130983877,0.008058710743141623,1.0,synthetic
3.0,dense,Q6_K,2.46,128,256,4096,1,0.20152319999999999,cpu,1.1054744200051712,85.18171291311366,16.0,cpu_modern,vllm,10.855067998718475,41.6603221353357,5.981806026776577,2.4316284661693404,59.742007712970796,9.308423988533248,1.0,synthetic
7.0,dense,Q4_0,4.13,128,256,512,1,0.0587776,apple,23.019813920993418,684.7935038187268,128.0,apple_ultra,transformers,1.1057667773470414,7.646059681935922,14.678210172976558,3.554046046725559,5.705247683541681,2.1874168390124837,1.0,synthetic
3.0,dense,Q6_K,2.46,128,256,16384,1,0.8060927999999999,cpu,0.8522389421251658,75.01869971690708,16.0,cpu_modern,vllm,14.080558170783045,58.04939856906843,10.323777742584202,4.196657618936667,51.825652600220586,23.633447047190018,1.0,synthetic
2.0,dense,Q3_K_M,0.98,128,256,512,1,0.0167936,apple,13.798585339785756,437.57704053780697,64.0,apple_max,ollama,0.5797695780402523,3.0373123135067726,2.6559581990102687,2.710161427561499,2.1640119987536153,0.6565566956757367,1.0,synthetic
13.0,moe,fp16,26.0,128,256,8192,1,1.7465343999999998,apple,8.307273114966888,164.84728169455997,32.0,apple_pro,mlx,6.955083452556993,240.45228940540278,119.62690533902682,4.601034820731801,163.41408077157632,5.916122906447161,1.0,synthetic
3.0,dense,Q5_K_M,2.19,128,256,16384,1,0.8060927999999999,apple,15.761707312878757,393.77025847396914,64.0,apple_max,transformers,0.7613388424104857,10.144977468541045,8.498093279526024,3.880407890194532,7.06565508830861,0.7479371466116755,1.0,synthetic
30.0,dense,Q6_K,24.599999999999998,128,256,2048,1,1.0076159999999998,apple,2.8728682594885995,78.1111616041567,16.0,apple_base,mlx,52.21262739931609,504.36239198875035,90.95986191090758,3.697555362232016,304.58809080655396,22.323202141427746,1.0,synthetic
70.0,moe,Q4_K_M,44.1,128,256,8192,1,9.404416,gpu,787.5187606549367,2725.6135748948122,80.0,datacenter,llama.cpp,0.35554708533818186,26.173637374874936,165.75895648869476,3.7587064963422847,40.524092575491714,0.3162199811776436,1.0,synthetic
3.0,dense,int8,3.0,128,256,512,1,0.025190399999999998,gpu,8.979391031493371,181.53894636706102,6.0,consumer_low,ollama,2.227322535554371,30.298436186231946,14.233579348664893,4.744526449554964,20.224965485792353,2.079204789447797,1.0,synthetic
1.0,dense,int8,1.0,128,256,16384,1,0.2686976,apple,7.604976352391232,170.35188065400175,32.0,apple_pro,vllm,0.5844126580415965,10.639302224894852,3.6288213334679833,3.6288213334679833,18.51240513947653,0.690646483246781,1.0,synthetic
3.8,dense,Q4_0,2.242,128,256,2048,1,0.12763135999999997,gpu,39.99663832905046,481.37318285119113,12.0,consumer_high,ollama,0.4418976029746438,7.239190142167216,7.489675836918152,3.3406225856013165,7.69853649456049,0.34737128017415814,1.0,synthetic
3.0,dense,Q8_0,3.18,128,256,512,1,0.025190399999999998,apple,16.250932372069215,366.45645771992434,64.0,apple_max,transformers,0.7384191703747797,11.661923565462779,15.199624555903357,4.779756149655143,10.755952079430084,0.5216452155586457,1.0,synthetic
3.8,dense,fp32,15.2,128,256,512,1,0.03190783999999999,gpu,744.1885811526064,2439.192718594689,80.0,datacenter,transformers,0.020424930434243017,8.326201656191495,75.29666087475076,4.953727689128339,6.7218600431505084,0.020644027595915774,1.0,synthetic
30.0,dense,Q3_K_M,14.7,128,256,512,1,0.25190399999999996,apple,15.748832871127133,374.2484882156107,64.0,apple_max,llama.cpp,7.619612258378845,53.26907824010933,71.99339709441443,4.897510006422751,42.28592450173021,8.097931824518728,1.0,synthetic
70.0,dense,Q4_K_M,44.1,128,256,8192,1,9.404416,gpu,40.60959733642544,522.204547708282,12.0,consumer_high,ollama,8.017350988526095,150.67460643762305,190.9734668858892,4.330464101720843,185.08557442336598,6.006323092437694,1.0,synthetic
1.5,dense,Q4_K_M,0.9450000000000001,128,256,16384,1,0.40304639999999997,gpu,157.80388780101447,930.9148542689019,40.0,datacenter_low,transformers,0.0543169670333906,2.4134795891343797,4.69101958245547,4.964041886196265,1.7995758283644603,0.042872691744461185,1.0,synthetic
0.5,dense,Q4_0,0.295,128,256,4096,1,0.0335872,gpu,62.84310070350403,748.8486668404837,24.0,consumer_flagship,mlx,0.035361435023818215,0.6268426539300729,0.8015129469872229,2.716993040634654,0.48368266462277926,0.04317374261878943,1.0,synthetic
13.0,dense,Q4_0,7.67,128,256,512,1,0.10915839999999999,gpu,42.04734160796596,486.6690917389069,12.0,consumer_high,llama.cpp,1.4380247113556999,23.50660647598065,15.503182611938277,2.021275438323113,17.105990310767318,0.9891420281570092,1.0,synthetic
3.8,dense,fp16,7.6,128,256,2048,1,0.12763135999999997,gpu,47.43338429246005,548.8159843622943,12.0,consumer_high,transformers,0.3726155927579611,20.706692385992834,33.213898099348775,4.370249749914312,19.741813454915384,0.3511061512282691,1.0,synthetic
7.0,dense,Q4_0,4.13,128,256,2048,1,0.2351104,gpu,46.56992510278095,431.7290836441575,12.0,consumer_high,mlx,0.699123725516567,14.868768964592013,12.828504676283782,3.106175466412538,10.229332527410309,0.9323048838598521,1.0,synthetic
30.0,dense,fp16,60.0,128,256,4096,1,2.0152319999999997,cpu,0.1621379138233596,41.98197341958846,8.0,cpu_low,transformers,1233.5177830022474,2685.7948326010965,193.163289231373,3.2193881538562166,3102.839290493418,1186.8138028555961,1.0,synthetic
7.0,dense,fp16,14.0,128,256,8192,1,0.9404416,gpu,27.03877026422582,348.3071127792472,8.0,consumer_mid,llama.cpp,1.29443756716656,65.99145962258477,36.438276266791945,2.6027340190565673,74.59289348364003,1.5255774914858042,1.0,synthetic
2.0,dense,Q4_0,1.18,128,256,4096,1,0.1343488,gpu,27.288394065659983,386.76393714192886,8.0,consumer_mid,llama.cpp,0.36645615626696443,5.228189297755146,2.5365049182530415,2.149580439197493,5.335510713651694,0.3623138993846841,1.0,synthetic
0.5,dense,int8,0.5,128,256,512,1,0.0041984,apple,24.164264951301828,809.0194731323635,128.0,apple_ultra,vllm,0.07524258742593638,0.7790269838126445,1.0254536939731997,2.0509073879463995,1.2442917735692607,0.10090091069107454,1.0,synthetic
8.0,dense,Q4_0,4.72,128,256,2048,1,0.2686976,apple,30.72897087443925,690.7011422561945,128.0,apple_ultra,llama.cpp,0.9466932429913323,9.028321539516135,18.869811871699373,3.997841498241393,10.816504887250801,0.978983573111077,1.0,synthetic
13.0,dense,Q8_0,13.780000000000001,128,256,4096,1,0.8732671999999999,gpu,164.51958608161922,768.5859249338166,40.0,datacenter_low,llama.cpp,0.45153112802545387,31.77538282671909,48.18733481408759,3.4969038326623796,19.114394331416268,0.8509464723630715,1.0,synthetic
13.0,dense,bf16,26.0,128,256,2048,1,0.43663359999999996,cpu,0.8716639556005563,81.04939071903682,16.0,cpu_modern,ollama,59.65601728268459,434.9057344822307,89.8526694568138,3.4558719021851463,647.6152725521795,60.00322082456049,1.0,synthetic
13.0,moe,fp16,26.0,128,256,512,1,0.10915839999999999,apple,13.422217363018945,417.79083448933864,64.0,apple_max,transformers,3.8741735879848753,83.32449715549792,99.82306664740084,3.8393487172077245,86.17839054114366,3.7388562753566887,1.0,synthetic
30.0,moe,fp16,60.0,128,256,4096,1,2.0152319999999997,apple,7.17728932053669,170.80521258665428,32.0,apple_pro,vllm,18.577115590397185,518.6796540327057,232.8299227947121,3.880498713245202,425.62812019941646,18.767617429083565,1.0,synthetic
13.0,dense,Q8_0,13.780000000000001,128,256,512,1,0.10915839999999999,cpu,0.925959672103843,83.79709713125304,16.0,cpu_modern,mlx,56.15795327441473,220.99665144319005,58.708681529157516,4.260426816339442,101.82237960113837,58.367790134961105,1.0,synthetic
2.0,dense,Q6_K,1.64,128,256,2048,1,0.0671744,apple,7.117929575220623,152.1111981206906,32.0,apple_pro,llama.cpp,1.2488025899881674,16.03314286889991,5.336481700694014,3.2539522565207406,12.904715261082337,1.2859903888719326,1.0,synthetic
3.8,dense,Q4_K_M,2.3939999999999997,128,256,512,1,0.03190783999999999,gpu,774.1898076991123,2767.115216495995,80.0,datacenter,transformers,0.019633428196599894,1.1689226987673385,5.713778365997868,2.3867077552204967,1.3529039751078331,0.017569526564529137,1.0,synthetic
1.0,dense,fp32,4.0,128,256,16384,1,0.2686976,gpu,26.649976019705846,308.12239005937585,8.0,consumer_mid,mlx,0.18761742961054972,21.313696403749038,17.466967555590404,4.366741888897601,14.658721439309925,0.2755273268323976,1.0,synthetic
13.0,dense,Q6_K,10.66,128,256,16384,1,3.4930687999999996,gpu,8.280964211828481,208.35210976339758,6.0,consumer_low,transformers,10.465769981576843,123.50656008647243,49.26022354525275,4.621034103682247,150.14293448107819,7.831818331172173,1.0,synthetic
3.0,dense,Q3_K_M,1.47,128,256,2048,1,0.10076159999999999,apple,13.32060809607042,443.9914826314604,64.0,apple_max,llama.cpp,0.9008597740774312,4.717092291021346,4.82545958213633,3.282625566079136,3.6787956856259276,0.9708908661508592,1.0,synthetic
3.8,dense,Q4_0,2.242,128,256,8192,1,0.5105254399999999,apple,2.694774264136588,72.08709693287801,16.0,apple_base,ollama,7.050683336582793,58.743585235786504,7.888296649224178,3.518419558083933,53.09700691911693,7.635155743983485,1.0,synthetic
70.0,dense,fp32,280.0,128,256,512,1,0.587776,gpu,164.15812752116625,1017.7640212187689,40.0,datacenter_low,vllm,2.4366749672411117,459.4840096364661,1009.978735183065,3.6070669113680895,539.9632435536541,2.450883968435245,1.0,synthetic
7.0,dense,bf16,14.0,128,256,16384,1,1.8808832,gpu,62.9367146446982,773.122656996108,24.0,consumer_flagship,mlx,0.49432372323126855,29.344601137609928,48.59312455521278,3.4709374682294842,12.940422293326039,0.3867631478755509,1.0,synthetic
8.0,dense,Q3_K_M,3.92,128,256,4096,1,0.5373952,apple,16.560532508413853,439.83298500256626,64.0,apple_max,transformers,1.9323050139687155,13.512387207533614,13.625073562700159,3.4757840721173876,8.854616210705732,1.4407498890043515,1.0,synthetic
70.0,dense,Q4_0,41.3,128,256,512,1,0.587776,gpu,9.196485776290194,184.3002326376798,6.0,consumer_low,vllm,50.74402092479689,413.23655232164936,123.98824344923298,3.0021366452598786,406.3835668339148,78.50723140388422,1.0,synthetic
8.0,dense,fp16,16.0,128,256,8192,1,1.0747904,cpu,0.8820462978891972,70.78299249569909,16.0,cpu_modern,transformers,36.27927476888503,321.6364044142854,40.10524588961769,2.5065778681011057,312.5490821825256,39.272601649794986,1.0,synthetic
8.0,dense,Q4_K_M,5.04,128,256,2048,1,0.2686976,apple,14.82302756244747,376.8505292032298,64.0,apple_max,llama.cpp,2.1588032448289125,18.782681509382904,18.306922393964765,3.6323258718184057,18.54069476029073,2.0722910073376086,1.0,synthetic
3.0,dense,Q6_K,2.46,128,256,8192,1,0.40304639999999997,apple,3.04654113481797,65.07380199200853,16.0,apple_base,llama.cpp,4.923616434575482,67.68755834754657,7.704831761959699,3.1320454316909347,76.83478404024557,4.839564312725308,1.0,synthetic
3.8,dense,Q6_K,3.1159999999999997,128,256,8192,1,0.5105254399999999,apple,7.419744351823959,138.4560169830042,32.0,apple_pro,vllm,2.2762090023677404,37.41802444892936,8.157577545793847,2.61796455256542,55.57821276918776,2.1069594083844296,1.0,synthetic
1.0,dense,Q6_K,0.82,128,256,8192,1,0.1343488,gpu,159.41832572133455,770.7104523043424,40.0,datacenter_low,vllm,0.035844597466632315,2.0637858596281706,2.4732830712051013,3.0161988673232942,2.948711906492758,0.031606488494233365,1.0,synthetic
3.8,dense,Q3_K_M,1.8619999999999999,128,256,16384,1,1.0210508799999998,gpu,25.478028260840496,319.02281944672063,8.0,consumer_mid,llama.cpp,0.7457405967793367,13.90327782821332,8.608387405122734,4.623194095124992,12.722145479278291,0.8445679196161844,1.0,synthetic
1.0,dense,Q6_K,0.82,128,256,16384,1,0.2686976,gpu,62.124320205360085,746.7635506396422,24.0,consumer_flagship,ollama,0.07154113605996412,2.082697105907358,1.9515273287752006,2.379911376555123,2.4365066525409667,0.06578687660734822,1.0,synthetic
8.0,dense,Q5_K_M,5.84,128,256,16384,1,2.1495808,gpu,632.4891557472457,2494.7725938691015,80.0,datacenter,vllm,0.05059375280860592,4.270038249650157,21.225328317798525,3.6344740270202953,5.061569681557709,0.04766384687319169,1.0,synthetic
13.0,dense,bf16,26.0,128,256,8192,1,1.7465343999999998,gpu,8.37830465785917,212.14392326483588,6.0,consumer_low,vllm,10.344177038891752,237.80197701283134,56.05785289229685,2.1560712650883405,295.48894445451197,7.246530686372503,1.0,synthetic
30.0,dense,Q5_K_M,21.9,128,256,8192,1,4.030463999999999,gpu,7.956844304481142,170.23510249706558,6.0,consumer_low,mlx,25.135592999773017,276.94815869500746,63.514407346887396,2.9002012487163196,280.46934209482396,39.3000455901234,1.0,synthetic
2.0,dense,bf16,4.0,128,256,512,1,0.0167936,gpu,626.7654997371619,2338.5060541348475,80.0,datacenter,mlx,0.012763944415183751,2.290233455042904,14.47594146683783,3.6189853667094574,3.210307864472464,0.010491030053130923,1.0,synthetic
30.0,dense,Q3_K_M,14.7,128,256,8192,1,4.030463999999999,cpu,0.8732450879666448,65.69538836641334,16.0,cpu_modern,transformers,137.41846550711273,380.1477184472798,70.55380764186171,4.799578751147055,361.7447292682114,105.47371517699466,1.0,synthetic
1.5,dense,Q8_0,1.59,128,256,8192,1,0.20152319999999999,gpu,156.18311165441494,981.492992966389,40.0,datacenter_low,ollama,0.054880636456997346,3.0421735268590457,3.697069777858291,2.3252011181498684,1.7647682981854287,0.046820469582796134,1.0,synthetic
30.0,dense,Q5_K_M,21.9,128,256,4096,1,2.0152319999999997,apple,8.902239253246892,162.7422013062556,32.0,apple_pro,vllm,14.97750504567747,209.93090217923643,75.82052488042578,3.4621244237637345,212.4242517376631,10.206486353112961,1.0,synthetic
1.0,moe,int8,1.0,128,256,2048,1,0.0335872,cpu,0.4150109863223834,51.023523068882014,16.0,cpu_older,mlx,12.047873826925548,31.164726741810142,2.1509687988039916,2.1509687988039916,41.87457459699185,24.336673600521372,1.0,synthetic
0.5,dense,bf16,1.0,128,256,2048,1,0.0167936,apple,6.950977942443258,135.9306056097055,32.0,apple_pro,vllm,0.31969921939374113,10.686057633591327,4.508236702385843,4.508236702385843,9.021785896904241,0.3621454174481209,1.0,synthetic
30.0,dense,Q3_K_M,14.7,128,256,8192,1,4.030463999999999,gpu,58.26832767949918,658.2468732694454,24.0,consumer_flagship,llama.cpp,2.2882642877057315,40.65010682296509,40.63067207574731,2.7639912976698855,34.23498036156643,1.5259646812035519,1.0,synthetic
3.0,dense,Q3_K_M,1.47,128,256,4096,1,0.20152319999999999,gpu,44.8508375069191,486.1111822032028,12.0,consumer_high,vllm,0.31110875844716235,5.056708100809825,6.628699241828703,4.50931921212837,4.424492712440683,0.32551737698943406,1.0,synthetic
1.0,moe,Q3_K_M,0.49,128,256,512,1,0.0083968,gpu,45.161171514206025,504.05114368723,12.0,consumer_high,mlx,0.10299030416504122,1.4540914741838804,1.2706047455782967,2.5930709093434627,1.0652885103430643,0.1104425278508667,1.0,synthetic
1.5,moe,Q8_0,1.59,128,256,512,1,0.012595199999999999,gpu,61.46693779602359,719.6342473225887,24.0,consumer_flagship,transformers,0.10845939143397422,3.1813684837867937,7.807457548215922,4.910350659255297,2.9402973435386945,0.10098075457397301,1.0,synthetic
0.5,moe,Q4_0,0.295,128,256,4096,1,0.0335872,cpu,0.34263781777715474,49.08641497203628,16.0,cpu_older,ollama,7.296334118103546,10.298547358138803,0.7100295551664724,2.40687984802194,8.685524534590405,9.754413542660748,1.0,synthetic
2.0,dense,Q5_K_M,1.46,128,256,16384,1,0.5373952,cpu,0.35747543760465084,47.66532683270209,16.0,cpu_older,vllm,27.97394995026058,64.46857488448889,7.026167535108079,4.812443517197314,87.15668733795124,33.583211630134805,1.0,synthetic
7.0,dense,Q5_K_M,5.109999999999999,128,256,8192,1,0.9404416,apple,15.863673134699662,358.7021843861732,64.0,apple_max,vllm,1.765038888676655,22.490120823969068,13.428662142538416,2.627918227502626,26.342660372777605,1.5309971740527382,1.0,synthetic
1.5,dense,Q4_K_M,0.9450000000000001,128,256,2048,1,0.050380799999999996,apple,6.974053560690755,159.14760243190128,32.0,apple_pro,llama.cpp,0.9559242137518597,8.934929271316095,3.7334731265505305,3.9507652132809845,10.776455073469743,0.9073195549885591,1.0,synthetic
7.0,dense,bf16,14.0,128,256,4096,1,0.4702208,gpu,39.47065620018742,567.178485088049,12.0,consumer_high,llama.cpp,0.8248694769541003,37.51858899810835,44.89493737470876,3.2067812410506256,30.548558935378843,0.5721721022067562,1.0,synthetic
70.0,dense,fp32,280.0,128,256,2048,1,2.351104,cpu,0.865367288921294,76.71971532819312,16.0,cpu_modern,vllm,323.5620338145995,4907.058597079041,854.5962219133509,3.052129363976253,4604.969794476365,242.10486976564837,1.0,synthetic
1.0,moe,bf16,2.0,128,256,8192,1,0.1343488,cpu,0.16227780375419262,41.89252429400906,8.0,cpu_low,vllm,41.08181471795661,92.63309497855066,6.24011896619099,3.120059483095495,83.98828153962232,30.272395769940324,1.0,synthetic
30.0,dense,Q5_K_M,21.9,128,256,16384,1,8.060927999999999,apple,13.431346997712382,435.81442060614285,64.0,apple_max,llama.cpp,8.934323565643737,91.66264839157765,67.89362939461259,3.100165725781397,73.16675825227577,10.707156947719563,1.0,synthetic
13.0,dense,Q4_K_M,8.19,128,256,8192,1,1.7465343999999998,gpu,57.31319798470202,726.9233853895391,24.0,consumer_flagship,transformers,1.0081059827301868,19.527572545008148,30.595315816103735,3.735691796838063,17.154564396976927,1.5002865644833934,1.0,synthetic
30.0,dense,fp32,120.0,128,256,16384,1,8.060927999999999,gpu,73.02116541621996,711.3608488831235,24.0,consumer_flagship,vllm,1.8259546060835186,257.174938913739,543.5321514107084,4.529434595089237,231.45538016068093,1.300553846901405,1.0,synthetic
13.0,dense,Q8_0,13.780000000000001,128,256,8192,1,1.7465343999999998,gpu,9.389375143171968,209.04346306002802,6.0,consumer_low,mlx,9.230291190323925,135.04398622284648,58.85135577755075,4.270780535381041,204.69759777995083,10.115445713176964,1.0,synthetic
0.5,dense,Q3_K_M,0.245,128,256,8192,1,0.0671744,cpu,0.4128059442364005,40.5016290249796,16.0,cpu_older,transformers,6.056114343567522,11.85799977072773,0.5533097920885417,2.258407314647109,13.960175862152955,7.890839491423951,1.0,synthetic
1.0,dense,bf16,2.0,128,256,16384,1,0.2686976,gpu,148.37144211034692,811.9738978708868,40.0,datacenter_low,transformers,0.03851337988637923,4.656753962881593,7.717495556962521,3.8587477784812605,6.125469524080071,0.019957989813918036,1.0,synthetic
13.0,dense,Q3_K_M,6.37,128,256,512,1,0.10915839999999999,cpu,1.049047103538613,84.54815185388067,16.0,cpu_modern,llama.cpp,49.568794217719315,102.17701602273584,29.01287535496936,4.554611515693777,93.21208201698688,45.638173261698235,1.0,synthetic
70.0,dense,fp16,140.0,128,256,16384,1,18.808832,apple,13.454757667016924,456.97120976034336,64.0,apple_max,mlx,20.810482576463915,463.3664108607239,692.1969984672505,4.944264274766075,463.7311921006034,30.097856009899573,1.0,synthetic
3.8,dense,Q4_0,2.242,128,256,512,1,0.03190783999999999,cpu,0.3516852074929605,42.34138777586387,16.0,cpu_older,vllm,54.02558764255193,82.6217546851481,10.728233784622805,4.785117655942376,58.32966691045838,79.39786899837401,1.0,synthetic
30.0,moe,Q6_K,24.599999999999998,128,256,8192,1,4.030463999999999,gpu,130.45317396800178,913.3411946564604,40.0,datacenter_low,transformers,1.3141004255720166,52.2449225756736,68.0681672818879,2.766998669995443,80.88084140757906,1.795297758738262,1.0,synthetic
3.0,dense,Q8_0,3.18,128,256,2048,1,0.10076159999999999,apple,25.902988062910904,882.4833271195946,128.0,apple_ultra,ollama,0.4211518332400828,4.647058900688145,11.727732734492163,3.687966268708227,5.251251005209525,0.36727192286438487,1.0,synthetic
3.0,dense,Q3_K_M,1.47,128,256,4096,1,0.20152319999999999,apple,3.235968760074674,72.35759027177482,16.0,apple_base,ollama,4.635397036297055,35.53979816336243,6.766659103870457,4.603169458415277,38.565843207373305,3.0554663634293977,1.0,synthetic
1.5,dense,Q3_K_M,0.735,128,256,512,1,0.012595199999999999,apple,2.9389046131217365,77.51845171255565,16.0,apple_base,transformers,2.5519712230583145,14.837066996684772,2.3287034695712694,3.1683040402330196,11.17365151238932,2.4384094491878625,1.0,synthetic
0.5,dense,Q8_0,0.53,128,256,8192,1,0.0671744,apple,3.4065321657514835,64.32230532653303,16.0,apple_base,ollama,0.7338841608878506,14.283223237878401,2.2120470755625212,4.173673727476455,12.12371823325232,0.6837810908280425,1.0,synthetic
3.0,dense,Q8_0,3.18,128,256,2048,1,0.10076159999999999,cpu,0.9434536897041957,83.31856007249446,16.0,cpu_modern,mlx,12.719225258170754,52.501493019009594,13.781255740381043,4.333728220245611,43.7768162503582,5.442725820729861,1.0,synthetic
0.5,moe,fp16,1.0,128,256,16384,1,0.1343488,gpu,24.11772498296221,344.028371258906,8.0,consumer_mid,llama.cpp,0.10365820166562588,5.07269791039021,3.5778397307043783,3.5778397307043783,3.510868841513135,0.06864501512931409,1.0,synthetic
1.5,dense,Q4_K_M,0.9450000000000001,128,256,4096,1,0.10076159999999999,apple,16.389597500255178,383.41219743070786,64.0,apple_max,llama.cpp,0.3660858663494685,3.636683468454322,2.653860830270862,2.808318338910965,6.060719859574344,0.3993913978617392,1.0,synthetic
2.0,moe,Q4_K_M,1.26,128,256,2048,1,0.0671744,apple,13.998852622060767,452.0095752428145,64.0,apple_max,mlx,0.5714754070196305,3.91488579797469,4.968381805709913,3.943160163261836,4.508645375917622,0.9335185103975475,1.0,synthetic
1.0,dense,bf16,2.0,128,256,16384,1,0.2686976,gpu,38.64554248189615,517.7154448342544,12.0,consumer_high,llama.cpp,0.12035444431596613,6.4443122825283226,6.156542960984902,3.078271480492451,13.692878120406851,0.1452446456132899,1.0,synthetic
7.0,dense,Q5_K_M,5.109999999999999,128,256,2048,1,0.2351104,apple,23.609938571474828,726.4014160668925,128.0,apple_ultra,vllm,1.0781284067083194,9.197928104513398,17.374252778887143,3.400049467492592,8.937694682778499,1.2779511084609894,1.0,synthetic
2.0,dense,Q3_K_M,0.98,128,256,4096,1,0.1343488,cpu,0.12987194054340476,33.07276296434665,8.0,cpu_low,ollama,102.66523528904362,61.261550160079054,3.455595593595824,3.5261179526488,66.24202985083868,175.2493500464365,1.0,synthetic
1.0,dense,fp32,4.0,128,256,2048,1,0.0335872,apple,24.919308696423613,858.7401755911812,128.0,apple_ultra,vllm,0.14592554234401864,5.871373138596845,13.528546056179305,3.3821365140448263,5.28117499969719,0.12736694806800167,1.0,synthetic
8.0,dense,Q4_0,4.72,128,256,2048,1,0.2686976,gpu,23.397098965839554,323.48361302948035,8.0,consumer_mid,vllm,1.709613660155097,23.72583672087259,21.115161708366998,4.473551209399788,33.20313049007922,2.519965468198941,1.0,synthetic
8.0,moe,Q8_0,8.48,128,256,2048,1,0.2686976,gpu,63.39531705597303,610.3478691154914,24.0,consumer_flagship,mlx,0.5608546057773137,20.47707555149423,17.14718318567055,2.0220734888762437,30.53539328945623,0.6989128429392376,1.0,synthetic
3.0,moe,Q4_K_M,1.8900000000000001,128,256,8192,1,0.40304639999999997,cpu,0.4021846878619025,38.75663687667934,16.0,cpu_older,transformers,37.29629807575003,91.0234730514097,9.270936469937313,4.905257391501223,110.82451953643172,38.77423447756768,1.0,synthetic
0.5,moe,fp16,1.0,128,256,16384,1,0.1343488,apple,8.097326420933417,148.1192162363497,32.0,apple_pro,transformers,0.2744390069884396,10.940500003244022,2.1946978386152285,2.1946978386152285,11.373689505415827,0.30925717708336015,1.0,synthetic
30.0,dense,Q8_0,31.8,128,256,4096,1,2.0152319999999997,gpu,64.3316487645162,645.4514538775038,24.0,consumer_flagship,transformers,2.072593130970348,74.84292427495602,119.13661418852638,3.746434408444226,40.346376835084676,1.253654653717144,1.0,synthetic
3.0,dense,Q3_K_M,1.47,128,256,8192,1,0.40304639999999997,cpu,0.9570311471047753,69.06479115546458,16.0,cpu_modern,vllm,12.538776858310806,36.16017884392603,5.868293925778127,3.9920366842028074,49.89782490003956,12.593473341897774,1.0,synthetic
2.0,dense,Q3_K_M,0.98,128,256,2048,1,0.0671744,apple,14.27265539666347,452.2627627310628,64.0,apple_max,mlx,0.5605123768258404,3.0872153278814163,3.5183538772843996,3.5901570176371425,3.271966403511151,0.734581011264819,1.0,synthetic
1.5,dense,Q6_K,1.23,128,256,16384,1,0.40304639999999997,apple,12.875284730681638,369.5987736213733,64.0,apple_max,ollama,0.46600911168217324,5.891240327086639,4.516259264944935,3.671755499955232,10.173031834316907,0.37924809077341803,1.0,synthetic
0.5,dense,Q5_K_M,0.365,128,256,512,1,0.0041984,cpu,1.0727907969045072,71.72583008763742,16.0,cpu_modern,mlx,1.86429638077705,6.8631416706068835,1.1829637483236115,3.2409965707496204,5.5603822807949745,1.9400622316090645,1.0,synthetic
3.8,dense,int8,3.8,128,256,4096,1,0.25526271999999994,gpu,161.25723748295704,952.2182304258417,40.0,datacenter_low,transformers,0.13465619313105656,7.0979224972172705,12.62287550027459,3.321809342177524,4.225681491013695,0.13376898950262067,1.0,synthetic
30.0,dense,fp16,60.0,128,256,512,1,0.25190399999999996,cpu,0.4428340155843266,47.486822515044565,16.0,cpu_older,mlx,338.7273667359825,1952.0202029459776,277.20500121145886,4.620083353524314,1846.803147898785,369.06089077423246,1.0,synthetic
30.0,moe,fp16,60.0,128,256,512,1,0.25190399999999996,gpu,7.811358140281637,223.31595682622913,6.0,consumer_low,ollama,25.603742192876716,490.55570376854286,212.17594380575952,3.536265730095992,361.9093032046102,18.288628549822914,1.0,synthetic
7.0,dense,Q3_K_M,3.4299999999999997,128,256,2048,1,0.2351104,cpu,0.16983105844754542,33.19044132112979,8.0,cpu_low,ollama,274.7828759548141,200.7757904281538,10.935400572810952,3.1881634323064003,253.96183999081853,244.47630825238875,1.0,synthetic
3.0,moe,Q4_K_M,1.8900000000000001,128,256,512,1,0.025190399999999998,gpu,22.743676731978002,342.10338903979823,8.0,consumer_mid,vllm,0.6595239712895558,8.612737738438474,8.100167910463362,4.285803127229292,10.372470028720167,0.6202082569901998,1.0,synthetic
7.0,dense,Q6_K,5.739999999999999,128,256,4096,1,0.4702208,gpu,25.038366668080048,401.2789095057649,8.0,consumer_mid,llama.cpp,1.397854758817773,23.809339638410744,15.996363821654038,2.7868229654449546,20.022600180795088,1.3752025157531396,1.0,synthetic
0.5,moe,Q5_K_M,0.365,128,256,8192,1,0.0671744,gpu,24.52052860164484,313.9747755353426,8.0,consumer_mid,transformers,0.10195538769226613,2.1176341034850092,1.5199868270349812,4.164347471328716,2.4662061246433904,0.06393859833915398,1.0,synthetic
3.0,dense,bf16,6.0,128,256,8192,1,0.40304639999999997,gpu,28.309591966800983,390.07171166341806,8.0,consumer_mid,ollama,0.5298557470411684,25.25392208877897,22.118605568896527,3.6864342614827543,37.1478506743258,0.5436041829469906,1.0,synthetic
30.0,dense,Q5_K_M,21.9,128,256,2048,1,1.0076159999999998,gpu,9.142300503122959,176.8845175002915,6.0,consumer_low,vllm,21.87633188513997,235.46555401052706,61.46420350512073,2.80658463493702,240.49067896311118,15.873149458512733,1.0,synthetic
7.0,moe,int8,7.0,128,256,16384,1,1.8808832,gpu,599.4177495166984,2667.129402925159,80.0,datacenter,ollama,0.04671199680452569,4.439671201184785,25.323069676673605,3.6175813823819434,4.536645522181046,0.041131320115502815,1.0,synthetic
3.0,dense,fp16,6.0,128,256,512,1,0.025190399999999998,apple,17.10966610760012,398.105576721717,64.0,apple_max,ollama,0.7013579297534974,20.179539473308168,27.139731071089827,4.523288511848304,20.610462035427826,0.5661974984579796,1.0,synthetic
3.0,dense,Q4_K_M,1.8900000000000001,128,256,512,1,0.025190399999999998,apple,17.23582177926648,391.6411808426887,64.0,apple_max,vllm,0.696224418752994,6.5202213784196115,4.864342871861608,2.573726387228364,7.6266372150386506,0.6406966621987111,1.0,synthetic
0.5,dense,fp32,2.0,128,256,8192,1,0.0671744,apple,8.277029396079023,145.75714908814265,32.0,apple_pro,transformers,0.2684806487790087,20.26045586229514,5.591371135016048,2.795685567508024,19.68572149401816,0.24201580672060768,1.0,synthetic
7.0,dense,Q3_K_M,3.4299999999999997,128,256,512,1,0.0587776,gpu,47.51223057823707,567.3185746537877,12.0,consumer_high,mlx,0.6852580722614388,9.0435172112047,7.429652516296233,2.1660794508152286,11.063368624004177,0.5722879133043783,1.0,synthetic
8.0,dense,Q4_K_M,5.04,128,256,8192,1,1.0747904,apple,27.308780181322486,696.9320152903747,128.0,apple_ultra,vllm,1.065258458918845,10.967336601426418,19.870499309020868,3.9425593867104896,14.183987725133871,1.238279563836101,1.0,synthetic
1.0,dense,Q4_0,0.59,128,256,2048,1,0.0335872,apple,30.79844961711176,851.3499074875451,128.0,apple_ultra,ollama,0.11806969771436987,0.9155859337559198,1.387204010977897,2.351193238945588,0.923055341332386,0.15034809804783034,1.0,synthetic
8.0,moe,fp16,16.0,128,256,16384,1,2.1495808,apple,15.126799746403577,355.2247393675712,64.0,apple_max,mlx,2.1154507586846356,68.1243122586294,61.88361909597352,3.867726193498345,60.411058279114144,4.531633186304654,1.0,synthetic
3.8,dense,Q8_0,4.028,128,256,8192,1,0.5105254399999999,gpu,38.38563424424023,454.2260737483046,12.0,consumer_high,ollama,0.4604435735565113,14.693789069769291,12.691531643651734,3.1508271210654755,17.265052231209083,0.4587320861474353,1.0,synthetic
1.0,dense,Q6_K,0.82,128,256,16384,1,0.2686976,apple,7.818492862528723,159.661324005298,32.0,apple_pro,transformers,0.5684528364469192,9.741133586382366,2.6506083330958723,3.2324491867022833,6.55842512690028,0.7263045751024775,1.0,synthetic
3.0,dense,int8,3.0,128,256,2048,1,0.10076159999999999,gpu,137.29649094857544,1025.8257939651562,40.0,datacenter_low,mlx,0.12486012588098862,5.037830039371711,6.2325507499801,2.0775169166600334,4.644504805557176,0.09426019631955512,1.0,synthetic
70.0,moe,int8,70.0,128,256,4096,1,4.702208,gpu,59.57470009270415,758.8989390598325,24.0,consumer_flagship,vllm,5.222201884810018,140.62141150468292,157.80089242952997,2.2542984632789995,131.32024278058086,5.1998928732825656,1.0,synthetic
3.8,dense,Q4_K_M,2.3939999999999997,128,256,512,1,0.03190783999999999,apple,8.73830208695114,162.21630051868226,32.0,apple_pro,vllm,1.9327426221747332,21.363960449660862,10.410418774380172,4.348545853959973,19.637500709344902,2.0143871359020937,1.0,synthetic
0.5,dense,int8,0.5,128,256,512,1,0.0041984,cpu,0.16554798648782523,41.845426319292905,8.0,cpu_low,mlx,20.135148750833487,21.907396919354753,2.26799496353309,4.53598992706618,14.750375601687413,20.44084881652866,1.0,synthetic
1.0,dense,Q4_0,0.59,128,256,4096,1,0.0671744,gpu,69.42967478993269,800.9598466216588,24.0,consumer_flagship,vllm,0.0640136146091943,1.1721193957329956,1.5548827252902597,2.635394449644508,1.048799621452811,0.05414523016457838,1.0,synthetic
8.0,dense,fp32,32.0,128,256,512,1,0.0671744,apple,29.369572117732826,724.8577511480283,128.0,apple_ultra,transformers,0.9905118458754976,55.29908169777461,117.24356715626992,3.663861473633435,71.60941546970243,0.8765412744881512,1.0,synthetic
0.5,dense,Q5_K_M,0.365,128,256,512,1,0.0041984,apple,30.253212958839512,902.2863167395103,128.0,apple_ultra,llama.cpp,0.06009880076722807,0.5114762259364222,1.7026580551800992,4.664816589534518,0.6244155383252833,0.04222398137515901,1.0,synthetic
13.0,dense,Q4_K_M,8.19,128,256,16384,1,3.4930687999999996,apple,7.90386068310551,154.81379023234192,32.0,apple_pro,llama.cpp,7.310070368684218,107.80756843861306,40.14725169595475,4.901984334060409,122.71606713851877,6.236958209663531,1.0,synthetic
1.0,dense,fp32,4.0,128,256,2048,1,0.0335872,gpu,8.375217118869413,199.6895570960328,6.0,consumer_low,vllm,0.7959992645022452,36.72598114664559,14.033401302160167,3.5083503255400417,37.84123056512427,0.6191563694472079,1.0,synthetic
30.0,dense,fp32,120.0,128,256,2048,1,1.0076159999999998,gpu,133.9996417869785,884.3578775418802,40.0,datacenter_low,llama.cpp,1.2793211171496588,228.05174819110397,450.8355607543677,3.7569630062863975,244.16036629632697,0.6865594552010947,1.0,synthetic
0.5,dense,Q8_0,0.53,128,256,512,1,0.0041984,apple,6.820389388657302,161.74526923272998,32.0,apple_pro,vllm,0.32582043276266676,4.718163165134143,1.144168137554421,2.158807806706455,3.7850660506984823,0.4965063097647906,1.0,synthetic
1.0,dense,fp16,2.0,128,256,512,1,0.0083968,apple,3.2294392858065453,77.28557327375388,16.0,apple_base,vllm,1.548256386789839,39.97953434109466,5.10287733689089,2.551438668445445,33.01088891153254,1.1037468505821284,1.0,synthetic
2.0,dense,fp16,4.0,128,256,2048,1,0.0671744,apple,3.069242511010356,60.958764450808076,16.0,apple_base,vllm,3.2581328989569243,102.64629608207945,14.721391796112181,3.6803479490280453,144.52412741696926,2.4144039164622746,1.0,synthetic
70.0,moe,Q5_K_M,51.1,128,256,4096,1,4.702208,apple,14.489081539475707,390.429952216905,64.0,apple_max,ollama,19.324896421980654,190.56669084308655,114.23556283393839,2.2355296053608296,184.70879339307078,19.416118535588076,1.0,synthetic
13.0,dense,bf16,26.0,128,256,4096,1,0.8732671999999999,apple,3.3431322609867102,59.388731377462335,16.0,apple_base,llama.cpp,19.442844292620222,696.1503814120805,73.11332113553502,2.812050812905193,781.003231601036,20.809938920817874,1.0,synthetic
1.5,dense,Q6_K,1.23,128,256,512,1,0.012595199999999999,apple,2.883442293353563,69.4059966792322,16.0,apple_base,ollama,2.6010577764249923,27.543512297820527,4.9291788339236,4.007462466604553,25.116679813300255,2.773363483500782,1.0,synthetic
7.0,dense,bf16,14.0,128,256,4096,1,0.4702208,apple,26.273460147168564,792.9682398778548,128.0,apple_ultra,mlx,0.9688311060653592,22.810214949827195,40.66981414850825,2.9049867248934467,21.546242777915865,1.4917992389857018,1.0,synthetic
30.0,dense,fp32,120.0,128,256,2048,1,1.0076159999999998,gpu,8.686851499705387,221.2639707995408,6.0,consumer_low,ollama,23.023301366068356,994.3500809359236,282.30066247645436,2.3525055206371195,804.7090338015978,30.39288298931745,1.0,synthetic
30.0,moe,Q5_K_M,21.9,128,256,2048,1,1.0076159999999998,apple,7.404795731945772,168.934040297463,32.0,apple_pro,ollama,18.006348609740396,193.71563988324957,82.98305949979472,3.7891807990773847,248.74384795827558,37.40847073553357,1.0,synthetic
0.5,dense,fp32,2.0,128,256,2048,1,0.0167936,cpu,0.9598084797239546,83.87574574816156,16.0,cpu_modern,ollama,2.083749041866362,32.06002056193073,4.774390748974378,2.387195374487189,24.807419009607486,2.123080500241091,1.0,synthetic
3.0,dense,Q5_K_M,2.19,128,256,8192,1,0.40304639999999997,apple,3.0331732318523565,76.90603244864512,16.0,apple_base,llama.cpp,4.945315962332791,51.87242179617126,9.400108003823236,4.292286759736638,62.72706496349285,4.393798553034457,1.0,synthetic
3.0,dense,Q4_0,1.77,128,256,8192,1,0.40304639999999997,apple,7.394749862976576,129.1353336742309,32.0,apple_pro,vllm,1.8030810480946176,24.039524363109894,4.6002463089958345,2.5990092141219403,25.853358283645616,1.5486665916327151,1.0,synthetic
30.0,dense,fp32,120.0,128,256,16384,1,8.060927999999999,cpu,0.14420719142274271,38.419574392394004,8.0,cpu_low,llama.cpp,1386.8933860149937,6060.401620565226,386.2919058998861,3.2190992158323843,5249.750015056473,1533.4463678576183,1.0,synthetic
1.0,dense,Q8_0,1.06,128,256,4096,1,0.0671744,apple,2.9865656182284255,68.8328721050194,16.0,apple_base,vllm,1.6741637851459317,25.19311498280495,4.688904016808659,4.423494355479867,22.631862552174272,1.8966038866845534,1.0,synthetic
2.0,dense,fp16,4.0,128,256,16384,1,0.5373952,gpu,9.520771754780961,203.35224885193756,6.0,consumer_low,ollama,1.4004466945274527,40.56905935941828,9.660771031617495,2.4151927579043737,33.75867581345053,2.3091859616124686,1.0,synthetic
13.0,dense,Q4_0,7.67,128,256,2048,1,0.43663359999999996,apple,28.34269844614947,805.9213536045494,128.0,apple_ultra,vllm,1.6678979019074158,12.57354945948264,36.206999944589626,4.720599732019508,8.865292984807265,2.392495692063854,1.0,synthetic
2.0,dense,Q8_0,2.12,128,256,512,1,0.0167936,apple,8.209687684581384,131.34311179308932,32.0,apple_pro,llama.cpp,1.082731673895843,23.241129618758567,9.290695812617251,4.382403685196817,34.51139185855637,0.9866787555072314,1.0,synthetic
70.0,dense,Q4_K_M,44.1,128,256,8192,1,9.404416,cpu,0.14975686737436913,42.94749201597658,8.0,cpu_low,llama.cpp,3116.1620488499652,2265.109132040764,207.08437126827477,4.695790731706911,1949.6842450731485,1952.2177490886436,1.0,synthetic
0.5,dense,Q6_K,0.41,128,256,4096,1,0.0335872,cpu,0.4475508059765894,47.507122379133186,16.0,cpu_older,llama.cpp,5.585957988713287,14.365042797321667,1.039347760286706,2.534994537284649,12.995054647011905,7.134809107379393,1.0,synthetic
30.0,dense,Q4_K_M,18.9,128,256,512,1,0.25190399999999996,gpu,41.48149279061762,487.69527620208305,12.0,consumer_high,ollama,3.363786458342948,57.75033321055172,45.45328016026211,2.4049354582149265,47.07342045172909,2.3938864012264567,1.0,synthetic
1.5,dense,bf16,3.0,128,256,512,1,0.012595199999999999,gpu,657.1971207673897,2554.2128609065007,80.0,datacenter,vllm,0.009129680898470731,1.5726150554947966,12.718069159714027,4.239356386571342,0.9598983846125538,0.007292212355646926,1.0,synthetic
2.0,dense,Q4_K_M,1.26,128,256,16384,1,0.5373952,cpu,1.1180529914179953,82.71642369567122,16.0,cpu_modern,mlx,7.155295912990514,28.972806442292427,3.094485089751914,2.455940547422154,39.022138732106036,5.597226804868455,1.0,synthetic
70.0,dense,Q6_K,57.4,128,256,2048,1,2.351104,gpu,8.001858567846485,190.73762222216953,6.0,consumer_low,ollama,58.31978442381532,569.5697033621918,125.6922370123526,2.1897602266960385,489.6126030215938,72.6854703332706,1.0,synthetic
2.0,moe,Q5_K_M,1.46,128,256,2048,1,0.0671744,cpu,0.8895128605619065,85.06548407492151,16.0,cpu_modern,vllm,8.993686718533096,23.93723559534346,5.352195714937434,3.665887475984544,17.140937704361775,11.17594636994859,1.0,synthetic
8.0,moe,Q3_K_M,3.92,128,256,8192,1,1.0747904,cpu,1.008273886727605,80.38124494327283,16.0,cpu_modern,ollama,31.73740827887285,82.85167190472448,11.47817429006095,2.9281056862400385,94.22822942998447,28.34483291831607,1.0,synthetic
2.0,dense,Q3_K_M,0.98,128,256,8192,1,0.2686976,cpu,0.15873592442893064,32.82575592620791,8.0,cpu_low,llama.cpp,83.99694890303765,69.16396008765268,3.5578442200340623,3.6304532857490432,47.88764467503935,57.50946499647733,1.0,synthetic
8.0,dense,int8,8.0,128,256,4096,1,0.5373952,cpu,0.13077313177997382,41.74231342532476,8.0,cpu_low,transformers,407.83097114372714,371.8657509254222,35.277090957858235,4.409636369732279,440.4667829231963,295.00363510672406,1.0,synthetic
0.5,dense,Q3_K_M,0.245,128,256,512,1,0.0041984,cpu,0.15278446303086807,41.17497454143727,8.0,cpu_low,transformers,21.81722713951534,11.003965516579147,1.0845110261896704,4.426575617100696,8.11757554798076,32.842153158124376,1.0,synthetic
8.0,dense,Q5_K_M,5.84,128,256,2048,1,0.2686976,gpu,140.76156164484874,919.2274877929095,40.0,datacenter_low,transformers,0.3247639851398214,11.07578135104719,16.984488485457288,2.908302822852275,9.328057182988935,0.4931903403505893,1.0,synthetic
30.0,dense,bf16,60.0,128,256,16384,1,8.060927999999999,gpu,24.69509507629617,383.38616690666106,8.0,consumer_mid,llama.cpp,6.074080684304755,273.116583326003,239.06391695825735,3.9843986159709557,278.60419897025355,7.626873329974469,1.0,synthetic
2.0,dense,fp16,4.0,128,256,8192,1,0.2686976,gpu,784.687460670172,2198.910138559707,80.0,datacenter,mlx,0.010195141888934355,2.588371712055507,17.884933542947596,4.471233385736899,3.1334936070319093,0.007597129366115008,1.0,synthetic
30.0,dense,Q4_K_M,18.9,128,256,8192,1,4.030463999999999,gpu,9.963978376492559,194.90643061129595,6.0,consumer_low,transformers,20.07230369666884,213.90650168140962,50.88265126473994,2.6922037706211612,207.1163023803748,15.546605003101961,1.0,synthetic
2.0,dense,int8,2.0,128,256,4096,1,0.1343488,gpu,60.92833087243417,757.1761869358762,24.0,consumer_flagship,vllm,0.1458908977418007,4.026895941649489,4.537913387414074,2.268956693707037,6.487130560263016,0.09482486015997568,1.0,synthetic
1.5,moe,Q3_K_M,0.735,128,256,512,1,0.012595199999999999,apple,2.8536231705215513,59.62989874790285,16.0,apple_base,vllm,2.628237700575314,19.288083422729468,3.528268507075924,4.8003653157495565,13.223256864677012,2.4599771886989923,1.0,synthetic
8.0,dense,Q4_0,4.72,128,256,512,1,0.0671744,cpu,0.38135159148723663,40.423289827779556,16.0,cpu_older,vllm,104.89008278162319,182.19406989597422,9.494236913484567,2.0114908715009676,214.58348610473885,107.86285997414386,1.0,synthetic
1.0,dense,Q4_K_M,0.63,128,256,8192,1,0.1343488,gpu,138.21561794642994,1018.3808629108099,40.0,datacenter_low,llama.cpp,0.041343270747452546,1.2509216473544793,2.1617375554415204,3.431329453081778,1.640383668238589,0.04403569616181357,1.0,synthetic
0.5,dense,Q5_K_M,0.365,128,256,2048,1,0.0167936,apple,31.005970479144647,843.0012078891183,128.0,apple_ultra,llama.cpp,0.05863973260907186,0.5661225577541197,1.3408777060177848,3.673637550733657,0.37858110960046365,0.04757082972515116,1.0,synthetic
70.0,dense,fp16,140.0,128,256,512,1,0.587776,gpu,8.471630497916333,175.18745042720914,6.0,consumer_low,vllm,55.08581456443917,1459.089321515222,699.6670655562451,4.9976218968303225,1555.5903815108215,78.7978361034049,1.0,synthetic
8.0,moe,Q3_K_M,3.92,128,256,16384,1,2.1495808,cpu,0.140408099054124,35.870842346035836,8.0,cpu_low,ollama,379.84513495033207,307.64823831255865,11.193794369078162,2.8555597880301433,285.6287083739668,347.0615065106952,1.0,synthetic
1.5,dense,Q5_K_M,1.095,128,256,2048,1,0.050380799999999996,gpu,163.1778020373087,1009.5543334718408,40.0,datacenter_low,transformers,0.052528153121395846,1.8909016946468749,2.5606811887379655,2.3385216335506533,1.7336988308427943,0.06619400777120121,1.0,synthetic
70.0,moe,fp32,280.0,128,256,512,1,0.587776,apple,16.665112164840746,416.3326761572342,64.0,apple_max,vllm,16.801567084002624,898.6011814392773,801.2964636967367,2.861773084631203,843.7413705187091,11.708214876550972,1.0,synthetic
13.0,dense,fp32,52.0,128,256,4096,1,0.8732671999999999,gpu,48.196726677587655,493.0124345936402,12.0,consumer_high,vllm,1.2545481912817769,157.7136787025886,182.48883454073788,3.5094006642449593,147.24246544684945,0.6481730659427967,1.0,synthetic
30.0,dense,Q4_0,17.7,128,256,16384,1,8.060927999999999,apple,14.171711200735364,427.50882989170816,64.0,apple_max,llama.cpp,8.467573061591407,80.34431477988566,64.63395546292176,3.651635901859987,88.9710077836616,9.419213754243724,1.0,synthetic
30.0,moe,Q6_K,24.599999999999998,128,256,512,1,0.25190399999999996,cpu,1.0977664679280443,72.27273006676882,16.0,cpu_modern,mlx,109.31286708592167,458.4837457971711,83.69318535605689,3.4021620063437763,304.8808726964259,83.32342824127007,1.0,synthetic
3.8,dense,fp32,15.2,128,256,512,1,0.03190783999999999,apple,7.485391078972727,170.7725149014501,32.0,apple_pro,vllm,2.256246695824832,127.42020198867712,54.42286277189885,3.5804514981512403,108.8933404666089,2.066618078171853,1.0,synthetic
0.5,dense,Q6_K,0.41,128,256,4096,1,0.0335872,apple,2.6013891706006587,60.05508059269504,16.0,apple_base,llama.cpp,0.9610249893608774,11.363598873212682,1.3528986467401043,3.2997527969270837,10.835794443192812,0.6132461539589747,1.0,synthetic
1.0,moe,Q4_0,0.59,128,256,2048,1,0.0335872,apple,16.34861337901256,428.73695846609354,64.0,apple_max,llama.cpp,0.24466906808958966,1.9393000383608279,1.7401497477888523,2.9494063521844955,1.2246228554672336,0.19161556527187654,1.0,synthetic
13.0,moe,fp16,26.0,128,256,8192,1,1.7465343999999998,gpu,9.739786735693823,173.1243443732762,6.0,consumer_low,mlx,8.89820989088555,291.3989049100113,70.3741428983711,2.706697803783504,221.54773064423108,8.718861837174353,1.0,synthetic
2.0,moe,int8,2.0,128,256,4096,1,0.1343488,apple,16.94626778893822,443.1403570749877,64.0,apple_max,transformers,0.4720803482889636,6.4218894861756795,7.121941757148314,3.560970878574157,6.174656257980042,0.8231779841183223,1.0,synthetic
70.0,dense,Q5_K_M,51.1,128,256,4096,1,4.702208,gpu,799.8013524096312,2849.3278329132154,80.0,datacenter,ollama,0.35008692990630685,26.11245471319767,132.43730072340367,2.59172799850105,30.40467227521902,0.29620219816758403,1.0,synthetic
8.0,dense,Q4_K_M,5.04,128,256,16384,1,2.1495808,gpu,41.13275595143334,526.4139551246865,12.0,consumer_high,mlx,0.9046148614383028,20.084788479196316,11.425827191627654,2.2670292046880265,23.846078598361554,0.8645106286938942,1.0,synthetic
13.0,dense,Q4_0,7.67,128,256,4096,1,0.8732671999999999,gpu,150.5186538364272,1013.0008132196427,40.0,datacenter_low,vllm,0.4935316148019941,14.056038732497404,19.007676298589963,2.4781846543142065,19.703692300189534,0.3135090507422123,1.0,synthetic
70.0,dense,fp16,140.0,128,256,2048,1,2.351104,apple,30.79097959357048,899.5398388946385,128.0,apple_ultra,vllm,8.266883935014741,197.81100547881533,468.5175735738412,3.346554096956009,181.00649520053523,5.597759036851854,1.0,synthetic
1.5,dense,Q8_0,1.59,128,256,512,1,0.012595199999999999,gpu,66.93071536216456,610.0644221869592,24.0,consumer_flagship,ollama,0.09960548950647082,3.7527540224007723,3.272543941598888,2.0582037368546464,3.8505062027664714,0.10416954914489976,1.0,synthetic
1.5,dense,Q4_K_M,0.9450000000000001,128,256,2048,1,0.050380799999999996,cpu,0.9481020305488306,79.74816926230059,16.0,cpu_modern,llama.cpp,6.328432812792061,16.64206730106588,3.687076624294973,3.9016683854973255,18.653974779929992,5.8701753991580885,1.0,synthetic
0.5,moe,Q8_0,0.53,128,256,8192,1,0.0671744,apple,6.972576121559469,168.4052514976066,32.0,apple_pro,mlx,0.31870892242409904,5.065793840321008,1.6846141316054297,3.178517229444207,3.156047051909338,0.34992731972152297,1.0,synthetic
3.8,dense,Q5_K_M,2.774,128,256,8192,1,0.5105254399999999,gpu,135.58430480799038,921.0794675433515,40.0,datacenter_low,ollama,0.16015338755497333,5.943253822894514,6.238015146364872,2.2487437441834435,5.949162802279406,0.19130622634427671,1.0,synthetic
0.5,dense,int8,0.5,128,256,16384,1,0.1343488,cpu,1.0360004000432224,73.11873779215695,16.0,cpu_modern,transformers,1.930501185054136,11.567464449457773,1.2892594134133684,2.5785188268267367,10.988786718139721,2.700250735928323,1.0,synthetic
70.0,dense,Q6_K,57.4,128,256,8192,1,9.404416,gpu,40.82992590633045,540.314627108174,12.0,consumer_high,mlx,7.974087342107019,181.82329943776546,150.2537949140084,2.6176619322997983,226.46285525104037,6.328728725269899,1.0,synthetic
13.0,dense,Q4_K_M,8.19,128,256,8192,1,1.7465343999999998,gpu,662.554137427275,2474.1152293297746,80.0,datacenter,transformers,0.07848415255833756,5.354929461762516,20.050742974309188,2.448198165361317,4.6433635863092135,0.055100801474050345,1.0,synthetic
3.0,dense,bf16,6.0,128,256,4096,1,0.20152319999999999,apple,27.080879142439326,790.5398121667199,128.0,apple_ultra,llama.cpp,0.40283370608877017,9.80583631677385,28.132252484630396,4.688708747438399,9.39606600025535,0.1957136049701642,1.0,synthetic
0.5,dense,bf16,1.0,128,256,4096,1,0.0335872,gpu,27.30030855808796,297.8839126911882,8.0,consumer_mid,transformers,0.09157405655986084,5.338100132633286,2.689148851049695,2.689148851049695,4.4020473273444924,0.05378298328950298,1.0,synthetic
30.0,dense,bf16,60.0,128,256,16384,1,8.060927999999999,cpu,0.13648072271531722,33.07527751598223,8.0,cpu_low,transformers,1465.4084182802617,3741.3787914065497,129.42249211763635,2.1570415352939394,2693.6886899927968,1859.1860502060053,1.0,synthetic
70.0,dense,bf16,140.0,128,256,2048,1,2.351104,cpu,0.13789406897376286,41.87804873667218,8.0,cpu_low,llama.cpp,3384.240309533976,6180.330672003418,454.7496815716482,3.2482120112260584,6092.822780697295,4827.485277677003,1.0,synthetic
30.0,dense,bf16,60.0,128,256,8192,1,4.030463999999999,gpu,51.45102486227405,455.08469893821047,12.0,consumer_high,transformers,2.7119942526789735,206.91191613016306,151.0963172905957,2.5182719548432617,173.79719337490275,2.0369791766319207,1.0,synthetic
13.0,dense,fp32,52.0,128,256,4096,1,0.8732671999999999,gpu,8.674287115151303,224.6500536193852,6.0,consumer_low,transformers,9.991214899410778,427.92428286611226,249.7680839531095,4.803232383713644,305.36354065687465,16.98205137334093,1.0,synthetic
13.0,dense,bf16,26.0,128,256,16384,1,3.4930687999999996,gpu,129.680890461412,821.7745680335025,40.0,datacenter_low,transformers,0.5728347023327915,59.81581394553778,55.08548551188383,2.1186725196878395,98.60086134586831,0.8064079306006962,1.0,synthetic
7.0,moe,Q4_K_M,4.41,128,256,2048,1,0.2351104,cpu,0.38836465094885586,47.01357852521678,16.0,cpu_older,vllm,90.12148740748599,152.00552513726652,13.061051458295033,2.9616896730827738,194.01336522678898,137.1403080725809,1.0,synthetic
0.5,dense,Q4_0,0.295,128,256,16384,1,0.1343488,cpu,0.1317084055619059,37.56033538275072,8.0,cpu_low,transformers,25.3084328149929,20.783472082005996,1.2681791029402267,4.298912213356701,12.671515425801354,23.34686688582508,1.0,synthetic
8.0,dense,Q8_0,8.48,128,256,16384,1,2.1495808,gpu,24.984614444366976,330.0535725213072,8.0,consumer_mid,llama.cpp,1.6009852819249082,49.54711171839693,34.08132775038395,4.019024498866031,53.319832362953846,1.725375222685458,1.0,synthetic
8.0,moe,Q6_K,6.56,128,256,512,1,0.0671744,apple,12.961339900834503,407.9587456199838,64.0,apple_max,vllm,2.4688805513031657,21.65962276382804,17.62024038724899,2.68601225415381,18.96142611627314,2.771550056704776,1.0,synthetic
70.0,dense,Q4_0,41.3,128,256,512,1,0.587776,cpu,0.16721227972806613,32.87180223574741,8.0,cpu_low,transformers,2790.8636101702396,2316.866966437597,137.95507048022728,3.3403164765188205,2220.5451706130493,4560.230060788692,1.0,synthetic
2.0,dense,Q4_K_M,1.26,128,256,4096,1,0.1343488,apple,2.5563868792453985,74.51572391171644,16.0,apple_base,ollama,3.9117709769156024,28.78791062328669,5.080196594348793,4.0319020590069785,33.61181894360414,2.064191878150938,1.0,synthetic
70.0,dense,int8,70.0,128,256,16384,1,18.808832,apple,3.1823666187941235,77.30199320005187,16.0,apple_base,mlx,109.98104301779772,1767.4702378515206,340.27776156325865,4.861110879475124,973.8213441064669,137.5315401930409,1.0,synthetic
3.0,dense,int8,3.0,128,256,512,1,0.025190399999999998,apple,28.15109290370672,751.5560855063734,128.0,apple_ultra,ollama,0.3875192677743067,5.031544648397277,10.237347774293083,3.4124492580976944,7.153019154659631,0.2696671480713614,1.0,synthetic
70.0,dense,fp16,140.0,128,256,16384,1,18.808832,gpu,136.45184009077673,927.4553843275254,40.0,datacenter_low,vllm,2.9314371996295083,285.38449518903866,509.5782746587418,3.639844818991013,276.35901617004146,2.4108762676180975,1.0,synthetic
30.0,moe,Q3_K_M,14.7,128,256,16384,1,8.060927999999999,gpu,44.13663415060082,537.3008262876486,12.0,consumer_high,ollama,3.1614301001027,62.29648514118787,31.111650998500473,2.1164388434354064,70.79934509490805,3.8062415786881765,1.0,synthetic
7.0,dense,bf16,14.0,128,256,8192,1,0.9404416,gpu,40.870738401020624,505.49112638956603,12.0,consumer_high,transformers,0.7966124618406863,43.4651302466708,46.03681167730551,3.2883436912361077,38.515267773392424,1.025466127612359,1.0,synthetic
3.0,moe,Q6_K,2.46,128,256,4096,1,0.20152319999999999,cpu,0.3964847136779125,40.37451637522379,16.0,cpu_older,transformers,37.83247999867498,101.41672135138685,5.535337416813445,2.2501371613062786,83.30731147946429,29.898824677553446,1.0,synthetic
1.0,dense,int8,1.0,128,256,8192,1,0.1343488,gpu,789.9866279081933,2559.8028362048285,80.0,datacenter,vllm,0.005063376845493708,0.5908521723919378,3.0368605067023684,3.0368605067023684,0.6929565562696974,0.005472111535466091,1.0,synthetic
1.5,dense,Q5_K_M,1.095,128,256,8192,1,0.20152319999999999,gpu,25.91130483353563,301.5739427465332,8.0,consumer_mid,llama.cpp,0.28944895088004774,6.614136018374574,4.708834050571433,4.300305069015007,7.386221769781017,0.2553658328455799,1.0,synthetic
1.0,dense,bf16,2.0,128,256,2048,1,0.0335872,apple,2.8655784223114322,65.48693680659393,16.0,apple_base,transformers,1.744848426087359,47.774347753469385,5.502897680498581,2.7514488402492905,39.64652514174298,1.4307592641061466,1.0,synthetic
3.8,dense,fp16,7.6,128,256,16384,1,1.0210508799999998,gpu,764.2402269320227,2334.755392409832,80.0,datacenter,vllm,0.01988903418630436,4.923314255547048,34.93670682929829,4.596935109118196,4.947010352347932,0.013108745890556345,1.0,synthetic
70.0,dense,Q8_0,74.2,128,256,8192,1,9.404416,gpu,59.95631922483124,611.4926109864876,24.0,consumer_flagship,llama.cpp,5.188962817154772,195.3169635317788,270.9837152490613,3.6520716340843835,269.7886235185802,4.144500673995763,1.0,synthetic
30.0,dense,bf16,60.0,128,256,2048,1,1.0076159999999998,apple,16.42557016308456,455.151057713108,64.0,apple_max,llama.cpp,7.305682469987707,178.7175633705165,208.80148584942847,3.4800247641571413,200.56991910769295,10.7934009021493,1.0,synthetic
13.0,dense,Q4_K_M,8.19,128,256,512,1,0.10915839999999999,gpu,21.550518147612,400.8538077754743,8.0,consumer_mid,transformers,3.016168778624128,31.851851603593996,32.76103657709095,4.000126566189371,24.463583964172148,2.712529737098523,1.0,synthetic
8.0,dense,Q4_0,4.72,128,256,8192,1,1.0747904,gpu,23.382162168215945,359.00671844775997,8.0,consumer_mid,llama.cpp,1.710705781280277,24.83257748599323,21.279439596117804,4.508355846635128,17.78254278823807,3.246553114272477,1.0,synthetic
1.5,dense,Q8_0,1.59,128,256,4096,1,0.10076159999999999,cpu,0.3717960473866532,44.30653998683941,16.0,cpu_older,vllm,20.17235000941335,58.70852684683415,6.919545726911662,4.351915551516768,97.66598702392011,23.219821264474614,1.0,synthetic
3.0,moe,Q5_K_M,2.19,128,256,2048,1,0.10076159999999999,apple,7.747537478907814,156.5721124843468,32.0,apple_pro,vllm,1.720976938754088,20.901018192213122,4.5136409079659074,2.061023245646533,30.04245474251662,1.3785990298504815,1.0,synthetic
2.0,dense,fp32,8.0,128,256,512,1,0.0167936,apple,7.292449142971536,149.418714494561,32.0,apple_pro,transformers,1.218916815821198,76.64744221936921,38.3168915750531,4.789611446881637,78.10939376689963,1.669663069104314,1.0,synthetic
30.0,dense,Q6_K,24.599999999999998,128,256,16384,1,8.060927999999999,cpu,0.9951390689748388,76.57994718879628,16.0,cpu_modern,vllm,120.58616101126474,568.659363170351,67.4260474400692,2.740896237401187,599.2989045637739,111.41299977665626,1.0,synthetic
70.0,dense,Q4_K_M,44.1,128,256,512,1,0.587776,gpu,27.99709367029236,393.1365431346916,8.0,consumer_mid,transformers,12.501297603307448,174.8767084005981,177.77950772687612,4.0312813543509325,176.2589274786288,15.376718043032986,1.0,synthetic
0.5,dense,Q8_0,0.53,128,256,2048,1,0.0167936,apple,3.250664292055497,60.472698220469496,16.0,apple_base,mlx,0.7690735724725272,13.910755561295211,1.8511300725880742,3.4926982501661774,12.497062579963185,0.7908163039202031,1.0,synthetic
8.0,dense,bf16,16.0,128,256,4096,1,0.5373952,gpu,40.34037620187307,452.4384388943127,12.0,consumer_high,llama.cpp,0.9223836222889191,53.752503617868705,61.912276377544984,3.8695172735965615,42.07311134140388,0.5127352532982276,1.0,synthetic
7.0,dense,Q6_K,5.739999999999999,128,256,512,1,0.0587776,gpu,39.25478364891996,500.5537641856167,12.0,consumer_high,transformers,0.8294056547622701,17.036359983270103,22.456107423137578,3.9122138367835504,18.349636229464817,0.565886668229334,1.0,synthetic
1.0,dense,Q4_0,0.59,128,256,2048,1,0.0335872,apple,8.136102215726849,160.72329797152383,32.0,apple_pro,llama.cpp,0.5462621199440517,5.542686520162694,1.9459977346235027,3.298301245124581,7.421318749287613,0.43961947120955325,1.0,synthetic
1.5,dense,Q4_0,0.885,128,256,4096,1,0.10076159999999999,apple,2.985766048490337,71.02128339612585,16.0,apple_base,transformers,2.5119181738275005,21.35354692527331,1.9977838264081444,2.257382854698468,14.601895338348791,3.338334367359887,1.0,synthetic
3.0,dense,Q8_0,3.18,128,256,4096,1,0.20152319999999999,apple,7.018245079791298,169.0450686143353,32.0,apple_pro,ollama,1.8998101636156925,28.57668353279472,9.763139035206967,3.070169507926719,23.66803954905916,2.130911948091447,1.0,synthetic
1.5,dense,fp32,6.0,128,256,2048,1,0.050380799999999996,gpu,46.24852041767155,550.3357557635973,12.0,consumer_high,mlx,0.15085334888639376,16.167619004118425,13.205839699125258,2.200973283187543,11.26973885925106,0.1853731336483524,1.0,synthetic
8.0,dense,Q5_K_M,5.84,128,256,4096,1,0.5373952,apple,23.1783498576225,738.7388191128625,128.0,apple_ultra,llama.cpp,1.2550897397617011,10.791018143019906,24.300240627788195,4.161000107497979,10.229189435949946,1.6791738833128897,1.0,synthetic
13.0,dense,int8,13.0,128,256,2048,1,0.43663359999999996,cpu,0.16882282659209807,37.34062611766444,8.0,cpu_low,mlx,513.3586992715544,654.2537029804619,61.415263795334326,4.724251061179563,666.9305642103334,338.8806136998729,1.0,synthetic
13.0,dense,Q4_0,7.67,128,256,512,1,0.10915839999999999,gpu,763.918626968917,2174.372382522365,80.0,datacenter,vllm,0.06807007731481304,4.770209226060805,36.22072768773125,4.722389529039276,5.625292992229338,0.11564108080224199,1.0,synthetic
1.0,dense,bf16,2.0,128,256,512,1,0.0083968,cpu,0.8867444250550891,77.58419204823528,16.0,cpu_modern,vllm,4.510882602674947,34.51556727348701,6.891969506397203,3.4459847531986014,32.586696446024206,6.034682006505317,1.0,synthetic
3.8,dense,bf16,7.6,128,256,8192,1,0.5105254399999999,apple,13.067073049501312,373.3772368538693,64.0,apple_max,mlx,1.1632291288507097,28.96275630276933,21.644815820338426,2.8480020816234775,31.931797104858322,1.1107420454524637,1.0,synthetic
1.5,dense,Q8_0,1.59,128,256,512,1,0.012595199999999999,gpu,44.4717279261403,525.6956635346419,12.0,consumer_high,ollama,0.15688043868305848,4.483121719537485,6.702831218300079,4.215617118427723,4.427244135878267,0.10781986552334484,1.0,synthetic
1.5,dense,int8,1.5,128,256,4096,1,0.10076159999999999,apple,16.650848458621795,415.1511129594912,64.0,apple_max,llama.cpp,0.3603419978813876,5.141137126635288,7.2559942376085615,4.837329491739041,4.197758959496279,0.4022596548075082,1.0,synthetic
7.0,dense,fp16,14.0,128,256,512,1,0.0587776,cpu,0.8897722232453447,83.12846447266863,16.0,cpu_modern,ollama,31.46872791541315,225.49480396288428,58.23830065351814,4.159878618108438,237.33300180564765,30.43795195889736,1.0,synthetic
7.0,dense,fp32,28.0,128,256,2048,1,0.2351104,apple,29.055891075124787,732.574201534372,128.0,apple_ultra,ollama,0.8760545456593309,48.17790187816766,120.67778392935446,4.3099208546198025,81.13209906885194,0.6474585959846002,1.0,synthetic
13.0,dense,Q3_K_M,6.37,128,256,512,1,0.10915839999999999,apple,7.049502502189735,170.80643924045376,32.0,apple_pro,vllm,8.196007840245564,54.18964655306974,28.462948244347867,4.468280729096996,50.02972603892198,9.645670785271532,1.0,synthetic
0.5,dense,fp16,1.0,128,256,4096,1,0.0335872,gpu,25.137429422798675,345.98968056401196,8.0,consumer_mid,ollama,0.09945328768313105,4.595900522969387,4.189667353110793,4.189667353110793,5.558294104156865,0.05895673113480704,1.0,synthetic
1.0,moe,Q3_K_M,0.49,128,256,2048,1,0.0335872,apple,26.27855653019834,831.0126063219901,128.0,apple_ultra,mlx,0.13837760198833077,0.787574093366291,1.056390164252835,2.1558982943935407,1.0296833760500312,0.18747650329139037,1.0,synthetic
70.0,dense,Q6_K,57.4,128,256,512,1,0.587776,cpu,0.166188651255828,37.91907818609335,8.0,cpu_low,ollama,2808.05375782422,2780.4557769726275,197.97503023172825,3.4490423385318514,2233.6885139746864,2205.053417081895,1.0,synthetic
3.0,dense,Q3_K_M,1.47,128,256,4096,1,0.20152319999999999,apple,16.740741927610316,385.4017098019176,64.0,apple_max,transformers,0.7168141084720108,5.782791158724929,5.039410056486183,3.428170106453186,5.244373044036626,0.770821239075489,1.0,synthetic
30.0,dense,int8,30.0,128,256,16384,1,8.060927999999999,gpu,803.2540894824745,2702.8283520942528,80.0,datacenter,mlx,0.14939232998778051,18.775851585498806,81.026228728371,2.7008742909456998,18.810443565368146,0.09587179704461928,1.0,synthetic
0.5,moe,Q4_0,0.295,128,256,2048,1,0.0167936,apple,2.918604834536258,73.71371408419328,16.0,apple_base,llama.cpp,0.856573651361483,6.507370677192911,1.4061676365670512,4.7666699544645805,5.425473514668223,1.0648563077939266,1.0,synthetic
13.0,moe,fp32,52.0,128,256,512,1,0.10915839999999999,cpu,0.15416556822441718,37.016727831882406,8.0,cpu_low,llama.cpp,562.1661676134253,2559.489450119188,191.3429229679425,3.6796715955373562,4778.666757916565,569.9789293668571,1.0,synthetic
8.0,dense,Q6_K,6.56,128,256,16384,1,2.1495808,apple,14.938822659912802,400.591936490728,64.0,apple_max,llama.cpp,2.142069741939542,28.98903682817586,23.78184309643918,3.6252809598230455,32.44965369803569,1.8621817563261471,1.0,synthetic
1.5,dense,Q6_K,1.23,128,256,8192,1,0.20152319999999999,cpu,0.8893239585114109,82.9322596204672,16.0,cpu_modern,vllm,6.74669780632365,23.015140413814848,4.372894622276011,3.5551988798991956,18.14429498896233,6.08913859088297,1.0,synthetic
7.0,dense,fp16,14.0,128,256,4096,1,0.4702208,gpu,7.954044919242895,226.03924511075704,6.0,consumer_low,ollama,5.867035846600252,116.39347119012437,45.07873412916876,3.219909580654911,100.76851947932221,4.70187785669087,1.0,synthetic
1.5,dense,Q4_K_M,0.9450000000000001,128,256,4096,1,0.10076159999999999,gpu,675.4645383974164,2720.9971692984163,80.0,datacenter,transformers,0.00888277571793094,0.512440371394991,2.6475400537030205,2.8016296864582224,0.3732133180770364,0.008445521903638868,1.0,synthetic
1.0,dense,Q6_K,0.82,128,256,8192,1,0.1343488,cpu,0.4010936062225026,40.24062788525282,16.0,cpu_older,ollama,12.46591798630243,36.486232950032864,3.3981676983003535,4.144106949146773,48.99654785253869,22.732672101111913,1.0,synthetic
30.0,dense,Q8_0,31.8,128,256,8192,1,4.030463999999999,gpu,169.69670769207156,1011.3087314973119,40.0,datacenter_low,llama.cpp,1.0102056413471643,59.04966321370947,148.9911254819064,4.685255518298944,53.4316807056219,0.8078358349484344,1.0,synthetic
7.0,moe,int8,7.0,128,256,512,1,0.0587776,gpu,28.540401059676157,387.72911986239995,8.0,consumer_mid,vllm,1.226331750798359,28.008362771431244,23.290268555712068,3.327181222244581,26.89478829612197,1.2170418662046392,1.0,synthetic
1.5,dense,fp32,6.0,128,256,8192,1,0.20152319999999999,gpu,38.87193379061881,506.5816881741676,12.0,consumer_high,ollama,0.1794802446316743,18.00279653157937,23.03706649337611,3.8395110822293517,16.52254194441698,0.0959980052338386,1.0,synthetic
70.0,dense,fp16,140.0,128,256,512,1,0.587776,gpu,777.4482301217423,2621.4261823539464,80.0,datacenter,llama.cpp,0.3601525981429711,71.50701753946636,660.3444977807155,4.716746412719397,98.47959904856738,0.332696738132306,1.0,synthetic
30.0,dense,fp16,60.0,128,256,2048,1,1.0076159999999998,apple,13.288919848944888,403.8319573063349,64.0,apple_max,ollama,9.030079296439412,201.42905118897082,149.32247780593093,2.4887079634321823,249.54058604238872,10.175426162939223,1.0,synthetic
3.8,dense,int8,3.8,128,256,16384,1,1.0210508799999998,gpu,9.84351687558453,221.2037440122165,6.0,consumer_low,vllm,2.5736059229165464,39.626576366001096,17.905064943164735,4.711859195569668,37.52767266765076,2.8880792126254335,1.0,synthetic
8.0,dense,Q8_0,8.48,128,256,16384,1,2.1495808,gpu,61.50292371736043,710.9909828256556,24.0,consumer_flagship,mlx,0.5781116312283425,21.357676532298616,23.480078029392896,2.7688771261076526,19.162262801429765,0.9691442958980994,1.0,synthetic
70.0,dense,Q5_K_M,51.1,128,256,4096,1,4.702208,apple,24.49234931780177,840.7888378062122,128.0,apple_ultra,vllm,10.392855795194922,82.96109185036165,156.62075125427728,3.064985347441825,76.58081633676372,5.051058182123906,1.0,synthetic
8.0,dense,Q4_0,4.72,128,256,4096,1,0.5373952,gpu,61.50388721719373,797.4223625353695,24.0,consumer_flagship,llama.cpp,0.5781025747201198,9.418552732267326,15.531290863571474,3.2905277253329395,9.083520143933418,0.5856155868000007,1.0,synthetic
1.0,dense,Q8_0,1.06,128,256,8192,1,0.1343488,cpu,1.112502609923191,72.22555053490179,16.0,cpu_modern,vllm,3.5954971829469837,22.048500217345314,4.0471239855567385,3.818041495808244,23.2533578194263,3.252742872494033,1.0,synthetic
0.5,dense,fp16,1.0,128,256,512,1,0.0041984,cpu,0.15316406285219267,33.257201966677336,8.0,cpu_low,ollama,21.763155607527118,54.89984619141085,2.6234715243765074,2.6234715243765074,59.745860458476976,16.158480628888352,1.0,synthetic
1.5,dense,Q5_K_M,1.095,128,256,16384,1,0.40304639999999997,cpu,0.4004884095698109,45.605902761396806,16.0,cpu_older,transformers,18.727133721688,50.534834959600346,4.957494590954865,4.527392320506726,52.014553722382,18.416615830061073,1.0,synthetic
30.0,dense,fp16,60.0,128,256,512,1,0.25190399999999996,apple,3.2001361568695184,59.39107487475194,16.0,apple_base,mlx,46.87300559946646,1560.7603856060716,148.92840285437742,2.482140047572957,1553.7935383682345,34.9710970435787,1.0,synthetic
8.0,dense,int8,8.0,128,256,4096,1,0.5373952,apple,30.87395025458874,718.0448561665783,128.0,apple_ultra,vllm,0.942247715340066,14.862224704140596,31.345274114898352,3.918159264362294,8.427062664085007,0.8848987418492141,1.0,synthetic
13.0,dense,Q6_K,10.66,128,256,16384,1,3.4930687999999996,gpu,22.217773066670688,342.68322494445107,8.0,consumer_mid,mlx,2.9255857373711214,63.53959112976586,22.617931074067545,2.121757136404085,73.27859061543785,2.6486903263051476,1.0,synthetic
0.5,dense,Q5_K_M,0.365,128,256,512,1,0.0041984,apple,30.351192701452316,879.91859325272,128.0,apple_ultra,vllm,0.059904789774367494,0.5244780636968014,0.7641788485709285,2.0936406810162427,0.6678340178077223,0.0489038692606635,1.0,synthetic
8.0,dense,Q4_K_M,5.04,128,256,512,1,0.0671744,gpu,74.10387823072116,705.5849379438557,24.0,consumer_flagship,ollama,0.4798069467410861,10.340304952983532,11.08404894432272,2.199216060381492,8.090721223264104,0.31480038688604306,1.0,synthetic
3.0,dense,bf16,6.0,128,256,8192,1,0.40304639999999997,apple,9.174438833700894,129.26813753178115,32.0,apple_pro,vllm,1.4533132298354186,70.76151414812688,29.08049192739687,4.846748654566145,58.959329211672056,2.6278472089391727,1.0,synthetic
7.0,dense,Q4_K_M,4.41,128,256,512,1,0.0587776,apple,13.856998831380578,403.85041887256136,64.0,apple_max,mlx,2.0206395584440093,14.753903561540074,9.719775368730524,2.2040306958572615,23.656003509747627,1.9234904511407886,1.0,synthetic
13.0,dense,Q4_0,7.67,128,256,16384,1,3.4930687999999996,apple,7.265093912056051,137.15541690417822,32.0,apple_pro,vllm,7.952791591846942,116.27131835411552,28.53604548713137,3.72047529167293,95.55661848100489,9.524814057228298,1.0,synthetic
13.0,dense,fp32,52.0,128,256,8192,1,1.7465343999999998,cpu,0.1371859719225429,42.56591942496743,8.0,cpu_low,transformers,631.7458370714454,2295.7561578957575,158.96018593663183,3.0569266526275354,2312.5710073039577,778.8974279524734,1.0,synthetic
30.0,dense,Q6_K,24.599999999999998,128,256,4096,1,2.0152319999999997,gpu,59.814126612841235,605.4540103198392,24.0,consumer_flagship,transformers,2.229127814510437,62.79875820776956,88.58092953061976,3.600850793927633,77.65073002255859,1.5208276027905259,1.0,synthetic
0.5,dense,bf16,1.0,128,256,4096,1,0.0335872,apple,3.3996371504528344,65.88405615483069,16.0,apple_base,transformers,0.7353725969452352,24.135340879882417,3.537728647772635,3.537728647772635,23.498446801900613,1.316920036911002,1.0,synthetic
0.5,dense,Q6_K,0.41,128,256,8192,1,0.0671744,apple,2.7909968831437055,67.08099584757679,16.0,apple_base,ollama,0.8957372955515686,10.943702493721707,1.9769871989989198,4.821919997558341,17.383608470666786,0.8281024469321654,1.0,synthetic
7.0,dense,Q6_K,5.739999999999999,128,256,512,1,0.0587776,gpu,42.69583724601381,431.33007028719476,12.0,consumer_high,llama.cpp,0.7625600441392779,19.770506869528184,14.38054629049158,2.505321653395746,42.89546604228585,0.70572716459339,1.0,synthetic
3.0,moe,Q3_K_M,1.47,128,256,512,1,0.025190399999999998,apple,8.62511505506256,171.82180987986712,32.0,apple_pro,ollama,1.5458730982964988,12.431403715324068,4.941463346388479,3.3615396914207345,13.666317609623652,1.9044667227412608,1.0,synthetic
3.8,dense,bf16,7.6,128,256,512,1,0.03190783999999999,cpu,1.0121832982974186,84.85478803159582,16.0,cpu_modern,mlx,15.017042886963003,119.92107170441575,26.446042840992476,3.4797424790779576,67.40915277831661,13.475631518212621,1.0,synthetic
70.0,moe,Q5_K_M,51.1,128,256,16384,1,18.808832,gpu,153.5608411815772,816.0509665201542,40.0,datacenter_low,mlx,2.604830742799997,142.7787292463459,199.28012502783707,3.8998067520124673,153.5990149602682,3.1871388707769537,1.0,synthetic
0.5,moe,Q4_K_M,0.315,128,256,16384,1,0.1343488,gpu,21.996221696354784,360.9382635081221,8.0,consumer_mid,ollama,0.11365588301986883,1.91530218889716,1.186425705297631,3.76643081046867,1.041901415726663,0.13955018363707794,1.0,synthetic
30.0,dense,Q5_K_M,21.9,128,256,4096,1,2.0152319999999997,gpu,56.98983227711615,685.5064431979242,24.0,consumer_flagship,mlx,2.3395986267338493,49.83850623413163,65.17998104084732,2.976254842047823,78.83352982605207,2.7996622640013817,1.0,synthetic
1.0,dense,int8,1.0,128,256,4096,1,0.0671744,gpu,131.7632511650705,1028.4851329515548,40.0,datacenter_low,vllm,0.04336782573106796,1.729362868761837,3.949591765107725,3.949591765107725,1.489632373828803,0.026242414751643198,1.0,synthetic
70.0,dense,Q6_K,57.4,128,256,2048,1,2.351104,apple,23.1500481112575,874.4621913241488,128.0,apple_ultra,mlx,10.995461146435938,85.41121702117599,125.40889506736319,2.1848239558774076,54.946797338858985,11.99853577189014,1.0,synthetic
2.0,dense,Q4_K_M,1.26,128,256,512,1,0.0167936,gpu,58.418719101751606,782.9571103592217,24.0,consumer_flagship,mlx,0.15215822985448457,2.3296178462521504,2.7679708914922116,2.1968022948350887,1.7681046335446746,0.19462741063885025,1.0,synthetic
0.5,dense,Q8_0,0.53,128,256,16384,1,0.1343488,gpu,26.429614842899774,357.6028112266153,8.0,consumer_mid,vllm,0.09459086009615521,2.858129312287148,1.4047346987272822,2.650442827787325,1.8601050258037723,0.06593832903782634,1.0,synthetic
1.0,dense,Q3_K_M,0.49,128,256,512,1,0.0083968,apple,3.152650130883766,77.60162776699495,16.0,apple_base,mlx,1.5859672949495272,9.88077608364838,1.603552031946585,3.2725551672379285,10.806817526419083,1.1076350129072616,1.0,synthetic
30.0,dense,Q4_0,17.7,128,256,8192,1,4.030463999999999,cpu,0.9840066165233994,71.13555333414484,16.0,cpu_modern,vllm,121.95039950439848,407.30620121700224,64.25485075172783,3.630217556594793,401.30565822568633,180.61277830504832,1.0,synthetic
1.0,dense,Q8_0,1.06,128,256,16384,1,0.2686976,apple,25.41856339365834,723.634031760068,128.0,apple_ultra,transformers,0.14305936885759915,2.2951822704638736,2.744025015767381,2.5887028450635667,2.439019037911039,0.12423795384149015,1.0,synthetic
3.8,dense,int8,3.8,128,256,8192,1,0.5105254399999999,gpu,739.9158243796475,2417.7823345352153,80.0,datacenter,vllm,0.020542877310055947,2.3771235198631655,11.791876992653993,3.1031255243826297,1.8977114250373384,0.009815083805236529,1.0,synthetic
8.0,dense,Q4_0,4.72,128,256,2048,1,0.2686976,gpu,616.1301952167439,2357.2238575021343,80.0,datacenter,ollama,0.05193707474236506,2.8217925840308014,13.492936190518321,2.8586729217199833,3.850580054245382,0.07507157168250092,1.0,synthetic
1.5,dense,Q3_K_M,0.735,128,256,8192,1,0.20152319999999999,gpu,691.6215515771145,2270.085421008953,80.0,datacenter,llama.cpp,0.00867526465350612,0.5500663492411705,1.9717121986449018,2.68260163080939,0.5286761809234679,0.009260422684394542,1.0,synthetic
8.0,moe,Q8_0,8.48,128,256,16384,1,2.1495808,apple,14.008206446903092,355.28896860345145,64.0,apple_max,mlx,2.284375242561799,39.89083718447406,20.37410972574235,2.4026072789790507,34.03064282621661,2.431696891060906,1.0,synthetic
30.0,dense,fp32,120.0,128,256,16384,1,8.060927999999999,gpu,67.8227561685068,666.328730301103,24.0,consumer_flagship,llama.cpp,1.96590850719874,274.5554476909219,332.1676223021447,2.768063519184539,310.1875396355989,3.340782970538418,1.0,synthetic
2.0,dense,bf16,4.0,128,256,4096,1,0.1343488,cpu,0.15678725777201977,33.97947279697398,8.0,cpu_low,vllm,85.04092438890015,221.22173181130813,11.21448299380929,2.8036207484523223,121.29776126850457,129.13642277719995,1.0,synthetic
70.0,dense,int8,70.0,128,256,8192,1,9.404416,cpu,1.03120149932185,85.35552596752011,16.0,cpu_modern,transformers,271.52792173414866,1240.37141669016,193.99017877297348,2.7712882681853355,876.0670337227053,234.94759846062158,1.0,synthetic
1.5,dense,Q8_0,1.59,128,256,16384,1,0.40304639999999997,apple,7.950691947559437,144.0274965576319,32.0,apple_pro,llama.cpp,0.8385014424704358,19.768510950392354,4.961330699763728,3.120333773436307,18.674527173162485,1.0392600313659655,1.0,synthetic
1.5,dense,int8,1.5,128,256,512,1,0.012595199999999999,cpu,0.965060353730193,84.55572964687083,16.0,cpu_modern,llama.cpp,6.217227737942545,23.85164918359422,4.50364360072738,3.0024290671515868,32.11879492078564,9.963921809532723,1.0,synthetic
8.0,dense,Q4_K_M,5.04,128,256,16384,1,2.1495808,gpu,27.384281326243293,301.5282054423486,8.0,consumer_mid,vllm,1.4606919759353563,36.68278236934737,16.101543551134803,3.1947507045902386,37.0286878716503,2.0267872041657227,1.0,synthetic
2.0,dense,bf16,4.0,128,256,4096,1,0.1343488,cpu,0.3996600736861223,47.260109662206716,16.0,cpu_older,llama.cpp,25.02126346464525,134.58573542987463,9.658946787608684,2.414736696902171,81.83848047132194,20.435272523094863,1.0,synthetic
3.0,moe,Q4_0,1.77,128,256,2048,1,0.10076159999999999,apple,26.50966953230338,799.1174651082508,128.0,apple_ultra,ollama,0.4115136514922461,2.926293194809885,5.77496056771149,3.2626895862776784,4.444082316726451,0.3140114626662489,1.0,synthetic
0.5,dense,fp32,2.0,128,256,512,1,0.0041984,gpu,170.76379100309578,926.8049298123697,40.0,datacenter_low,transformers,0.01673154970593889,3.6041356268388776,6.383747757675434,3.191873878837717,3.498416492740717,0.01720871827788253,1.0,synthetic
7.0,moe,Q6_K,5.739999999999999,128,256,512,1,0.0587776,cpu,0.9510543104341458,78.40087422266707,16.0,cpu_modern,vllm,29.441010563548478,98.6175670019671,20.828361439253065,3.6286343970824158,115.89933529021323,21.171907690637575,1.0,synthetic
1.5,dense,int8,1.5,128,256,512,1,0.012595199999999999,apple,16.49802117699253,355.0106691803684,64.0,apple_max,mlx,0.36367997929153806,5.680937997317873,7.258703940112669,4.8391359600751125,5.917315868237143,0.264415579576496,1.0,synthetic
13.0,dense,Q3_K_M,6.37,128,256,16384,1,3.4930687999999996,cpu,0.9744993275112263,72.81274598986816,16.0,cpu_modern,transformers,53.36073461723447,180.61066398772982,28.73369088566076,4.510783498533871,213.67176330585326,56.0964154020263,1.0,synthetic
2.0,dense,Q3_K_M,0.98,128,256,512,1,0.0167936,cpu,1.148645083219966,65.79998015698276,16.0,cpu_modern,transformers,6.964727501008243,20.198457965527098,4.372494731641518,4.461729318001549,21.52108049752497,5.3211104042070705,1.0,synthetic
7.0,dense,int8,7.0,128,256,8192,1,0.9404416,apple,2.8067199080760896,62.67990619589806,16.0,apple_base,llama.cpp,12.47007223602561,194.89601598669034,25.76732216135679,3.6810460230509703,199.97563069820725,6.228392866460204,1.0,synthetic
2.0,dense,Q8_0,2.12,128,256,8192,1,0.2686976,cpu,0.16028768205567495,36.72782273392118,8.0,cpu_low,vllm,83.18376784999661,118.25058558244852,7.722838400157832,3.642848301961241,166.0304691902122,142.38767510360466,1.0,synthetic
0.5,dense,Q4_K_M,0.315,128,256,16384,1,0.1343488,apple,3.126434963827991,63.092763089788754,16.0,apple_base,transformers,0.7996328178658202,10.956975290019125,1.424218399265989,4.52132825163806,10.96001612102188,0.5031168705671035,1.0,synthetic
3.8,dense,Q4_0,2.242,128,256,8192,1,0.5105254399999999,cpu,1.0603880026265151,83.45949552081515,16.0,cpu_modern,vllm,14.334375683571055,43.97383302041022,7.131904365172862,3.1810456579718385,33.41253109651043,8.563487672353641,1.0,synthetic
1.5,dense,Q6_K,1.23,128,256,8192,1,0.20152319999999999,gpu,22.68904888303376,303.92774910507507,8.0,consumer_mid,transformers,0.3305559452343677,7.246272810232876,3.0756016112664697,2.5004891148507884,7.498002040337617,0.3330829316255648,1.0,synthetic
70.0,dense,Q3_K_M,34.3,128,256,512,1,0.587776,cpu,0.34560217838791285,48.77367770462309,16.0,cpu_older,ollama,1012.7250980668036,1100.4604135761942,141.03508303785162,4.111810001103546,1311.92422919374,864.4509236427751,1.0,synthetic
70.0,dense,int8,70.0,128,256,4096,1,4.702208,apple,30.609955650111516,778.1425365816012,128.0,apple_ultra,mlx,8.31577338611816,120.000842532283,272.42362643479413,3.8917660919256303,107.34910511024118,15.39895617539581,1.0,synthetic
3.8,moe,fp16,7.6,128,256,16384,1,1.0210508799999998,apple,7.879037374418569,135.98845108908336,32.0,apple_pro,llama.cpp,2.143521865212018,90.56494777899,33.68176774033167,4.431811544780484,203.58875157645733,2.8039013262914145,1.0,synthetic
0.5,dense,Q5_K_M,0.365,128,256,4096,1,0.0335872,gpu,69.59265376297482,734.3962410277031,24.0,consumer_flagship,transformers,0.03193185059145574,0.7753447715329554,1.2778341462081937,3.5009154690635444,0.8436997505081575,0.026733880922208596,1.0,synthetic
2.0,moe,Q8_0,2.12,128,256,2048,1,0.0671744,apple,30.19220624245989,900.7690241913302,128.0,apple_ultra,llama.cpp,0.2408809483587686,3.0351487746311356,7.689027844950064,3.6268999268632376,2.9537882935263533,0.2150390969450089,1.0,synthetic
3.8,moe,Q5_K_M,2.774,128,256,512,1,0.03190783999999999,apple,7.155441916705105,161.08412156560846,32.0,apple_pro,transformers,2.3602859313916116,24.8841396189131,13.17630390061877,4.749929308081748,37.62083603288291,2.845415132445617,1.0,synthetic
8.0,dense,Q4_K_M,5.04,128,256,8192,1,1.0747904,apple,28.664522880670454,841.2270248611678,128.0,apple_ultra,transformers,1.0148750499707833,9.086117984929745,20.287963873967623,4.025389657533259,9.302819962870839,0.7436803572624008,1.0,synthetic
1.5,dense,Q8_0,1.59,128,256,16384,1,0.40304639999999997,cpu,0.9752344851689387,82.1148444256141,16.0,cpu_modern,ollama,6.152366524406309,32.361934295659196,4.095917517117116,2.5760487529038465,26.514837265674725,6.2283673330721125,1.0,synthetic
13.0,dense,Q6_K,10.66,128,256,8192,1,1.7465343999999998,apple,3.305998400919548,72.58822003113856,16.0,apple_base,ollama,19.661231530517544,262.9486711729831,26.97030040735824,2.530046942528916,332.49996357504534,13.622285752309068,1.0,synthetic
70.0,dense,bf16,140.0,128,256,8192,1,9.404416,apple,8.19254847727794,168.18157439045513,32.0,apple_pro,llama.cpp,37.97488803074877,1269.0740990715399,358.91950729533494,2.5637107663952494,1692.9111221952223,26.356211082828192,1.0,synthetic
70.0,dense,Q8_0,74.2,128,256,4096,1,4.702208,gpu,9.336947576540558,190.1870211090506,6.0,consumer_low,mlx,49.98064547767031,754.3025762927473,188.21002184983615,2.536523205523398,638.8593284056907,36.72657519536698,1.0,synthetic
2.0,dense,Q4_0,1.18,128,256,2048,1,0.0671744,cpu,0.1680862248527047,37.21559293037332,8.0,cpu_low,mlx,79.32436667560022,60.93117533890305,3.494698030494994,2.9616085004194868,56.23026833474015,49.29672463842846,1.0,synthetic
3.8,dense,Q4_K_M,2.3939999999999997,128,256,8192,1,0.5105254399999999,apple,28.979795955887937,913.0927788525187,128.0,apple_ultra,llama.cpp,0.476821225353532,3.9762189386303506,8.852028594305185,3.697589220678858,5.234142913973614,0.45057662487600375,1.0,synthetic
30.0,dense,Q6_K,24.599999999999998,128,256,4096,1,2.0152319999999997,apple,7.17736559622616,158.57802339366035,32.0,apple_pro,llama.cpp,18.576918166665447,239.7668932069691,114.85893104778886,4.669062237714995,413.3553838528838,19.692146280916802,1.0,synthetic
1.5,dense,Q5_K_M,1.095,128,256,8192,1,0.20152319999999999,gpu,44.19586670385662,560.1766434826034,12.0,consumer_high,mlx,0.15785965309370673,3.4036616608152,4.171584715636411,3.809666406973891,3.340092549228221,0.2596639922560749,1.0,synthetic
13.0,moe,Q3_K_M,6.37,128,256,2048,1,0.43663359999999996,cpu,0.3790697359022814,51.52856354647345,16.0,cpu_older,ollama,171.47240690498182,203.22212146580733,18.98174461884445,2.9798657172440266,187.7027044317594,177.5755078117622,1.0,synthetic
3.0,dense,bf16,6.0,128,256,512,1,0.025190399999999998,gpu,9.332948971149454,173.37999666795437,6.0,consumer_low,vllm,2.1429453929111943,63.18428796225958,17.98842323446806,2.9980705390780096,62.50042116917248,1.8922574201554285,1.0,synthetic
3.0,dense,bf16,6.0,128,256,512,1,0.025190399999999998,apple,2.944468747229849,63.158943521552104,16.0,apple_base,transformers,5.094297575449552,146.76502131712508,21.26228009282041,3.543713348803402,166.41051831456014,3.8996902723606794,1.0,synthetic
1.0,dense,fp32,4.0,128,256,16384,1,0.2686976,apple,2.73013879012443,64.31962429570396,16.0,apple_base,vllm,1.831408724745498,102.10300742322147,9.769436111194155,2.4423590277985388,85.40102965520185,1.9176277896744764,1.0,synthetic
70.0,dense,Q4_K_M,44.1,128,256,512,1,0.587776,gpu,130.79605218483255,984.3256798328122,40.0,datacenter_low,llama.cpp,3.058196278238932,75.6656340402671,182.9698429418785,4.148976030428084,92.88685887115177,3.907966459946832,1.0,synthetic
3.0,dense,Q8_0,3.18,128,256,8192,1,0.40304639999999997,gpu,9.457340643908648,198.61951492269048,6.0,consumer_low,vllm,2.114759397281702,32.799545506480236,12.288770592145726,3.8643932679703537,30.015758542387164,2.185278365385504,1.0,synthetic
30.0,dense,int8,30.0,128,256,4096,1,2.0152319999999997,gpu,9.750269804949568,200.02150162306341,6.0,consumer_low,llama.cpp,20.512252891553132,291.01627702489407,117.85218451458742,3.9284061504862473,207.91421763490774,15.842679112411124,1.0,synthetic
1.5,dense,fp32,6.0,128,256,4096,1,0.10076159999999999,gpu,68.7596233732832,777.9031959711339,24.0,consumer_flagship,transformers,0.0969561254062515,11.203673875391972,22.104404835408083,3.684067472568014,15.062705737280154,0.07878157613052238,1.0,synthetic
2.0,dense,Q6_K,1.64,128,256,16384,1,0.5373952,gpu,167.22764208051353,907.5092692398175,40.0,datacenter_low,vllm,0.06834140149550767,3.998848411807247,6.966631547300777,4.247946065427303,7.740833740757533,0.0817728679291756,1.0,synthetic
1.5,dense,Q6_K,1.23,128,256,8192,1,0.20152319999999999,gpu,170.91107154728073,784.8621056382567,40.0,datacenter_low,llama.cpp,0.0501513944873804,3.0398613754702657,4.240143089884549,3.4472708047841865,5.430672163055603,0.06010480165948646,1.0,synthetic
7.0,dense,Q3_K_M,3.4299999999999997,128,256,4096,1,0.4702208,apple,13.171458536733635,432.1707254102399,64.0,apple_max,ollama,2.1258086127600313,12.032963119062723,10.01120183340024,2.918717735685201,9.764248074002884,2.9544671441505748,1.0,synthetic
0.5,moe,Q6_K,0.41,128,256,2048,1,0.0167936,cpu,0.44054096570866225,39.22682297950791,16.0,cpu_older,vllm,5.67484114894617,16.738687678187677,1.5493712397392574,3.7789542432664818,15.369656461466711,6.661906172159672,1.0,synthetic
70.0,dense,Q3_K_M,34.3,128,256,512,1,0.587776,apple,3.3923947611016,71.63369903134758,16.0,apple_base,ollama,103.17195510770856,749.2772572720767,103.99550457695447,3.0319389089491104,1148.1893902219365,81.87153909487824,1.0,synthetic
7.0,dense,Q8_0,7.42,128,256,8192,1,0.9404416,apple,2.7995325747142674,78.13233886986747,16.0,apple_base,transformers,12.50208706843579,164.62092434704132,22.748747458062038,3.0658689296579564,198.01667086264277,18.356712051766976,1.0,synthetic
0.5,dense,Q3_K_M,0.245,128,256,2048,1,0.0167936,gpu,605.3237741225602,2148.2926570263667,80.0,datacenter,transformers,0.0033040169335808362,0.16248164894651468,0.8849737049762335,3.6121375713315653,0.23930164990130548,0.003637162898335672,1.0,synthetic
3.8,dense,Q4_K_M,2.3939999999999997,128,256,2048,1,0.12763135999999997,gpu,165.33532823726014,774.0251639351698,40.0,datacenter_low,ollama,0.1313348208504186,5.429692895211017,8.00031445730445,3.341818904471366,3.9262081528069985,0.1078332911814784,1.0,synthetic
7.0,dense,bf16,14.0,128,256,4096,1,0.4702208,gpu,610.1990425707656,2840.598731178304,80.0,datacenter,ollama,0.04588666655725341,6.792098976024739,51.27045210532885,3.6621751503806323,7.255963715981455,0.045334775671888435,1.0,synthetic
8.0,dense,Q8_0,8.48,128,256,4096,1,0.5373952,cpu,0.1693874788879113,32.70162034975745,8.0,cpu_low,vllm,314.8599511810761,501.3593768334971,20.514491223944592,2.4191617009368622,553.8728647173006,338.91493913804374,1.0,synthetic
30.0,dense,Q8_0,31.8,128,256,16384,1,8.060927999999999,gpu,21.970943887991133,342.0801237545253,8.0,consumer_mid,transformers,6.827198720487695,179.2694177677237,113.91934663905326,3.5823693911651966,182.5324765102529,8.519738222261415,1.0,synthetic
3.8,moe,Q4_K_M,2.3939999999999997,128,256,2048,1,0.12763135999999997,cpu,0.13385067532346948,32.64909516779388,8.0,cpu_low,mlx,189.26563704001998,140.42607512846695,6.28653804030385,2.625955739475293,167.54281630441682,202.66388429256807,1.0,synthetic
70.0,dense,Q4_K_M,44.1,128,256,512,1,0.587776,apple,8.396654806968586,131.0414359518379,32.0,apple_pro,llama.cpp,37.05179244154619,487.1717066917918,185.56665605615805,4.207860681545534,366.9631325874417,41.15287718565397,1.0,synthetic
1.5,dense,fp32,6.0,128,256,8192,1,0.20152319999999999,gpu,8.463324495943551,197.80346052827875,6.0,consumer_low,transformers,1.1815687800689876,57.00353622307198,25.349480735117176,4.224913455852863,42.51265866082503,1.3143012702957448,1.0,synthetic
7.0,dense,fp16,14.0,128,256,8192,1,0.9404416,gpu,141.11881532865667,943.8404021764434,40.0,datacenter_low,ollama,0.28344909151088443,26.382358651505374,33.38389905803939,2.384564218431385,29.75039006976908,0.2181397354149594,1.0,synthetic
13.0,dense,Q4_K_M,8.19,128,256,8192,1,1.7465343999999998,apple,14.664104233214927,369.66472884866516,64.0,apple_max,vllm,3.546074084922106,35.83980699104551,38.043794218134884,4.645151919186189,29.00609213299904,4.621923093828975,1.0,synthetic
1.5,dense,fp16,3.0,128,256,4096,1,0.10076159999999999,apple,16.763190951329758,363.5729578267343,64.0,apple_max,ollama,0.35792708067458023,11.371441992587032,9.523833896414663,3.1746112988048876,9.399429125784753,0.38124393303712983,1.0,synthetic
1.5,dense,bf16,3.0,128,256,16384,1,0.40304639999999997,gpu,26.599912971259542,366.7394409192412,8.0,consumer_mid,transformers,0.28195580970898426,14.275682994109397,9.402224544909618,3.134074848303206,9.95571057070495,0.3613190083702053,1.0,synthetic
30.0,dense,int8,30.0,128,256,16384,1,8.060927999999999,apple,7.047070747280687,159.85602691951203,32.0,apple_pro,ollama,18.92039091345632,340.135779260241,82.40491723171854,2.7468305743906183,542.6669030266515,19.11899774295871,1.0,synthetic
1.5,dense,Q5_K_M,1.095,128,256,512,1,0.012595199999999999,apple,2.8419944057715596,64.61799288010634,16.0,apple_base,llama.cpp,2.638991823759013,26.37024982416648,3.8923471668640217,3.5546549469077826,26.55856610731223,2.656251202984449,1.0,synthetic
1.0,dense,Q6_K,0.82,128,256,512,1,0.0083968,apple,7.893204068526128,128.88710784147165,32.0,apple_pro,transformers,0.5630722841902074,9.181864810370218,2.4811588541938274,3.02580348072418,9.14391124363704,0.691183512978739,1.0,synthetic
1.0,moe,Q5_K_M,0.73,128,256,4096,1,0.0671744,apple,9.018124243622383,128.59759468995435,32.0,apple_pro,mlx,0.4928346876111798,8.855691073960132,1.9403116786529266,2.6579612036341462,12.341458130866883,0.9561635621862433,1.0,synthetic
3.8,dense,bf16,7.6,128,256,512,1,0.03190783999999999,cpu,0.9786662294050631,80.30816269694445,16.0,cpu_modern,ollama,15.531342089161663,126.71037137781727,16.062299113386402,2.113460409656106,104.44352705082218,11.960884744370219,1.0,synthetic
70.0,dense,Q4_K_M,44.1,128,256,8192,1,9.404416,apple,13.303734556156462,458.36199075329944,64.0,apple_max,transformers,21.046721792147203,155.63947877983992,102.35494385340267,2.32097378352387,130.08580332518255,18.979678476940947,1.0,synthetic
3.8,dense,fp32,15.2,128,256,16384,1,1.0210508799999998,cpu,0.42633519612039666,49.786676964440645,16.0,cpu_older,vllm,44.56587251744145,501.24781194237454,40.884277711290444,2.6897551125848977,481.7696957928769,33.837263222738414,1.0,synthetic
30.0,dense,bf16,60.0,128,256,2048,1,1.0076159999999998,apple,15.071756453364403,370.4192503908628,64.0,apple_max,ollama,7.961912095070573,219.598435864678,188.60643876625238,3.143440646104206,135.2262409872577,10.398610817721476,1.0,synthetic
3.8,moe,fp32,15.2,128,256,512,1,0.03190783999999999,gpu,24.338892123583726,373.8958288241691,8.0,consumer_mid,mlx,0.7806435849062133,62.674420420589584,73.45072223842463,4.832284357791094,83.25767843906993,0.7453988086416008,1.0,synthetic
1.0,dense,Q5_K_M,0.73,128,256,4096,1,0.0671744,gpu,61.80094999088921,712.7458410888927,24.0,consumer_flagship,llama.cpp,0.0719154712848209,1.5977933588342599,3.3796674748272917,4.629681472366153,1.1420697765826437,0.06386754359721943,1.0,synthetic
7.0,dense,fp16,14.0,128,256,512,1,0.0587776,apple,24.232118674078695,789.3585971727421,128.0,apple_ultra,llama.cpp,1.0504465497593654,22.262976628041017,44.08891352851329,3.1492081091795208,33.141131345541716,1.366468418877551,1.0,synthetic
7.0,dense,Q8_0,7.42,128,256,2048,1,0.2351104,apple,29.989702456670297,816.3965962587021,128.0,apple_ultra,ollama,0.8487761921387074,11.720881791829253,25.183987567589373,3.3940684053354953,9.772742515417892,0.82328693386863,1.0,synthetic
7.0,dense,Q8_0,7.42,128,256,16384,1,1.8808832,apple,29.597960310607412,827.4898443731157,128.0,apple_ultra,llama.cpp,0.8600101218942093,14.049844936535294,17.476957555403164,2.3553851152834455,13.96911358807978,1.2620803491801917,1.0,synthetic
3.8,dense,Q4_0,2.242,128,256,2048,1,0.12763135999999997,cpu,0.8540919537507643,72.26617835639634,16.0,cpu_modern,vllm,17.7966786049779,43.72043121497582,6.473233565656336,2.887258503860988,55.877484900332476,21.75484958306592,1.0,synthetic
8.0,dense,Q8_0,8.48,128,256,16384,1,2.1495808,gpu,64.91525145722332,683.4349699311572,24.0,consumer_flagship,mlx,0.5477226808400383,22.218815390879154,20.42928091194942,2.409113315088375,15.537114873740121,0.47475693703801947,1.0,synthetic
7.0,dense,Q6_K,5.739999999999999,128,256,16384,1,1.8808832,apple,24.543177321672825,693.279772919203,128.0,apple_ultra,llama.cpp,1.0371332578878385,13.740634549149325,28.237551930771364,4.919434134280726,9.502022000062919,1.4094707261099575,1.0,synthetic
1.0,moe,fp32,4.0,128,256,16384,1,0.2686976,gpu,59.02748249013781,667.6239997650147,24.0,consumer_flagship,transformers,0.07529449430927389,9.134092589118735,15.845335075473876,3.961333768868469,16.199682903211677,0.13184745582573015,1.0,synthetic
2.0,dense,bf16,4.0,128,256,8192,1,0.2686976,apple,7.728920028643729,156.62500275290347,32.0,apple_pro,mlx,1.150081622781225,38.93464850048268,18.653811684029826,4.6634529210074565,66.80776900826258,0.6579591583377714,1.0,synthetic
1.0,dense,Q8_0,1.06,128,256,8192,1,0.1343488,gpu,616.9787331206583,2741.9859453954164,80.0,datacenter,vllm,0.006483205636226926,0.5807706889748555,3.1267957427511734,2.949807304482239,0.5155416728145903,0.004383459495787716,1.0,synthetic
8.0,dense,Q8_0,8.48,128,256,2048,1,0.2686976,apple,26.19125771020973,716.1189195374205,128.0,apple_ultra,llama.cpp,1.1107106582197095,15.27102790003658,28.19262522403914,3.324602031136691,21.78786462309777,1.1163311652324923,1.0,synthetic
2.0,dense,Q4_0,1.18,128,256,8192,1,0.2686976,gpu,24.929601819236492,386.620596454538,8.0,consumer_mid,transformers,0.401129551627402,5.764735657903872,3.272242594589696,2.773086944567539,5.640586887771542,0.7050345518633488,1.0,synthetic
1.0,dense,fp32,4.0,128,256,16384,1,0.2686976,gpu,780.8346168374429,2557.7653012679184,80.0,datacenter,ollama,0.005122723703261141,2.225222461645953,17.63759706723495,4.409399266808737,1.8564476180805347,0.003939595931412223,1.0,synthetic
1.0,dense,Q4_K_M,0.63,128,256,16384,1,0.2686976,gpu,56.11083846070538,803.3393592760523,24.0,consumer_flagship,transformers,0.07920830567443587,1.5981461625914715,2.0061253486984807,3.1843259503150487,1.7188320129124415,0.07102338396766036,1.0,synthetic
1.0,dense,Q4_0,0.59,128,256,512,1,0.0083968,apple,2.99299456495872,75.76527178027739,16.0,apple_base,ollama,1.6705676844651942,12.150823720507097,1.2672604024642309,2.14789898722751,15.679295674763818,0.8208262184063723,1.0,synthetic
1.5,dense,bf16,3.0,128,256,8192,1,0.20152319999999999,gpu,127.60563632403539,831.095965710466,40.0,datacenter_low,ollama,0.06717123802950768,6.4202838422378905,7.023857629240945,2.3412858764136484,5.314689828011952,0.07484188239016723,1.0,synthetic
3.0,dense,Q6_K,2.46,128,256,16384,1,0.8060927999999999,apple,14.599322736161565,417.7404446329872,64.0,apple_max,vllm,0.8219559370570518,10.424631983685407,5.507360527605673,2.2387644421161275,8.42312520962564,0.9730290210522549,1.0,synthetic
30.0,dense,Q8_0,31.8,128,256,4096,1,2.0152319999999997,gpu,169.81786652754948,835.3799232917675,40.0,datacenter_low,llama.cpp,1.0094848965774792,67.4647767185039,141.9998592128507,4.465404377762601,57.9962842770327,1.1720761813496356,1.0,synthetic
30.0,dense,Q8_0,31.8,128,256,512,1,0.25190399999999996,cpu,1.080775167772476,79.02849769204724,16.0,cpu_modern,vllm,111.0314185394592,540.7653346332127,75.22823083246625,2.365667636241077,398.06420155263504,86.2970315394153,1.0,synthetic
7.0,dense,fp16,14.0,128,256,512,1,0.0587776,cpu,0.4011708480281046,46.151021819382926,16.0,cpu_older,llama.cpp,87.24462450857851,468.6545988089199,43.2676072095092,3.0905433721078,425.50870886353425,45.020936500578266,1.0,synthetic
7.0,dense,Q3_K_M,3.4299999999999997,128,256,8192,1,0.9404416,gpu,156.34527257943157,1008.339986105072,40.0,datacenter_low,transformers,0.2558440005256821,7.223822751956514,8.309537934654363,2.422605811852584,6.557254134837914,0.18407366170130662,1.0,synthetic
3.8,dense,Q5_K_M,2.774,128,256,4096,1,0.25526271999999994,apple,3.112449393367049,72.66895839356735,16.0,apple_base,ollama,6.104516924995138,64.13197997658273,13.45565765521211,4.850633617596291,61.65064979653204,6.696041934309732,1.0,synthetic
2.0,moe,fp16,4.0,128,256,512,1,0.0167936,cpu,0.347591520618481,46.390687155421936,16.0,cpu_older,llama.cpp,28.76940145779929,133.20954787401135,17.97888711092543,4.494721777731358,221.55607408950405,32.03324799067213,1.0,synthetic
8.0,dense,bf16,16.0,128,256,2048,1,0.2686976,gpu,8.055838680706715,172.31549371628802,6.0,consumer_low,vllm,6.6204569688148895,171.65867992416167,38.19098758050393,2.3869367237814956,156.7921741343287,8.270633302556309,1.0,synthetic
13.0,dense,int8,13.0,128,256,512,1,0.10915839999999999,apple,26.744536020405402,823.5934581670446,128.0,apple_ultra,transformers,1.7675658024749197,19.896282367843234,60.908901133583534,4.685300087198733,19.513171976885474,1.541524546963775,1.0,synthetic
8.0,dense,Q5_K_M,5.84,128,256,512,1,0.0671744,cpu,0.17171935851721057,39.97878781636178,8.0,cpu_low,ollama,310.5842800361265,268.65039380992664,27.828651248793108,4.765180008354984,198.56394816504422,315.9164572429071,1.0,synthetic
8.0,moe,Q4_K_M,5.04,128,256,8192,1,1.0747904,cpu,0.1615861072825396,41.0692447417707,8.0,cpu_low,ollama,330.061378606503,270.7086725645343,13.270421178617793,2.633020075122578,215.18376638824168,400.0409323324508,1.0,synthetic
2.0,dense,int8,2.0,128,256,4096,1,0.1343488,apple,3.1694636985845293,62.28234410225209,16.0,apple_base,mlx,3.155107914460722,52.72141865872394,8.703715108587046,4.351857554293523,75.73397162002973,2.870534132389722,1.0,synthetic
0.5,dense,Q6_K,0.41,128,256,512,1,0.0041984,gpu,64.08860456425425,761.3598870378014,24.0,consumer_flagship,ollama,0.0346742176293487,0.7771777973517294,1.1009637983393568,2.6852775569252607,0.8700377019223078,0.046633395835576325,1.0,synthetic
7.0,dense,Q5_K_M,5.109999999999999,128,256,8192,1,0.9404416,apple,13.983053011734963,377.7809386490482,64.0,apple_max,mlx,2.0024239324918267,21.35432109284107,13.431929708711115,2.628557672937596,19.581029563227233,1.6797090534263364,1.0,synthetic
3.0,dense,fp32,12.0,128,256,8192,1,0.40304639999999997,gpu,690.6190374598065,2806.3281609041983,80.0,datacenter,vllm,0.01737571562483664,5.892894291689556,48.7421881588726,4.061849013239383,6.3625030494707095,0.014729592142751692,1.0,synthetic
30.0,dense,Q4_K_M,18.9,128,256,2048,1,1.0076159999999998,apple,2.6361787787970217,76.62047706007831,16.0,apple_base,ollama,56.90054149834638,399.7247565353417,80.6957376841839,4.2696157504859205,245.65806345628226,76.3129157198054,1.0,synthetic
30.0,dense,Q6_K,24.599999999999998,128,256,16384,1,8.060927999999999,gpu,60.26862643883186,740.6370657797272,24.0,consumer_flagship,ollama,2.2123174396326535,62.99774981192377,65.52735110173325,2.663713459420051,105.79927630500127,1.7474356412282157,1.0,synthetic
7.0,dense,Q4_K_M,4.41,128,256,512,1,0.0587776,apple,8.424976910380275,162.25081241519743,32.0,apple_pro,vllm,3.6927236053050336,39.346292970561656,14.857191972170334,3.3689777714671956,70.35659272670584,3.150875218501901,1.0,synthetic
3.8,dense,Q4_K_M,2.3939999999999997,128,256,8192,1,0.5105254399999999,apple,8.945819286218828,149.90411312314436,32.0,apple_pro,ollama,1.8879085691912516,27.679841271161397,7.736245626923896,3.2315144640450697,30.6134832099194,2.1653492371223315,1.0,synthetic
2.0,dense,Q4_K_M,1.26,128,256,4096,1,0.1343488,apple,13.785380213358637,388.72985590717246,64.0,apple_max,vllm,0.5803249439756221,4.782580254852584,4.502369387342292,3.5733090375732477,4.20287360220891,0.6987535317716922,1.0,synthetic
30.0,dense,Q6_K,24.599999999999998,128,256,16384,1,8.060927999999999,gpu,9.826461219494016,191.20864850770272,6.0,consumer_low,vllm,20.353207073491955,310.5691396179353,57.264823068170195,2.3278383361044797,225.37128336206004,25.238287994702784,1.0,synthetic
7.0,dense,Q5_K_M,5.109999999999999,128,256,4096,1,0.4702208,gpu,27.207881688196423,307.8917054579142,8.0,consumer_mid,vllm,1.2863919507259554,27.883034601906665,15.531374170915965,3.0394078612360014,33.14017075221393,1.1256935231730105,1.0,synthetic
30.0,dense,int8,30.0,128,256,4096,1,2.0152319999999997,cpu,0.17128704072813722,43.92653953659486,8.0,cpu_low,ollama,1167.6306575780902,1325.1558930286058,69.06775595636186,2.3022585318787288,1189.4834700035588,2008.229952056749,1.0,synthetic
1.5,dense,int8,1.5,128,256,2048,1,0.050380799999999996,cpu,0.1593385268540119,32.99913495296933,8.0,cpu_low,mlx,62.75946061157031,85.42266898316174,7.321198613214299,4.880799075476199,82.40916264353129,59.7270587952461,1.0,synthetic
7.0,dense,Q4_K_M,4.41,128,256,4096,1,0.4702208,apple,28.56467181805615,872.3291685112727,128.0,apple_ultra,llama.cpp,0.8911198286008403,6.99308955862476,11.92222340974134,2.70345202034951,4.624546654349947,0.653366024033338,1.0,synthetic
0.5,dense,Q6_K,0.41,128,256,4096,1,0.0335872,cpu,0.39767776339748906,45.699687902711275,16.0,cpu_older,transformers,6.286496832615673,14.933183955362596,1.9868445195106785,4.845962242708972,10.645605512174434,7.836144940932906,1.0,synthetic
13.0,dense,fp32,52.0,128,256,512,1,0.10915839999999999,cpu,0.1351391324193211,43.76432457330906,8.0,cpu_low,transformers,641.314363316689,2164.8665959629293,156.00538274618378,3.0001035143496884,2157.662649976918,578.6557823128329,1.0,synthetic
2.0,dense,fp16,4.0,128,256,16384,1,0.5373952,apple,2.9542110725372255,69.4415574112081,16.0,apple_base,llama.cpp,3.3849984833383937,100.52493435110236,16.79268098495968,4.19817024623992,61.246988341914964,2.1589005721148404,1.0,synthetic
3.8,moe,fp32,15.2,128,256,16384,1,1.0210508799999998,gpu,47.50932971366727,549.9906923053771,12.0,consumer_high,transformers,0.37201995294761364,43.37252779359821,57.084882213914135,3.7555843561785616,50.69859659752747,0.2425951878172731,1.0,synthetic
13.0,moe,Q3_K_M,6.37,128,256,512,1,0.10915839999999999,apple,14.413820148927098,398.3269050283217,64.0,apple_max,ollama,3.607648733141065,21.687909497482803,16.825741135764826,2.6414036319881986,17.664115497501918,3.174070968574064,1.0,synthetic
8.0,dense,fp16,16.0,128,256,512,1,0.0671744,gpu,132.24811408805405,949.4287853013334,40.0,datacenter_low,mlx,0.34567060581180026,28.204984317492436,67.02456385506758,4.189035240941724,31.138113296499778,0.3606229453206132,1.0,synthetic
13.0,dense,fp32,52.0,128,256,16384,1,3.4930687999999996,cpu,0.8656137516268394,85.65300880732309,16.0,cpu_modern,ollama,60.072982785071176,863.8430737026719,195.39463588235574,3.7575891515837645,827.5526339146619,83.52163211902173,1.0,synthetic
2.0,dense,Q6_K,1.64,128,256,2048,1,0.0671744,cpu,1.1428234997417555,77.54429254306173,16.0,cpu_modern,transformers,7.000206070147985,29.35396608421311,6.157003497019539,3.754270425011914,27.531396074670734,4.687114063787097,1.0,synthetic
13.0,dense,Q4_K_M,8.19,128,256,512,1,0.10915839999999999,apple,29.561445600088682,917.1829076343648,128.0,apple_ultra,llama.cpp,1.599134491331691,11.310664332763139,36.06478383596613,4.403514509885975,9.943840379701767,1.539575718316177,1.0,synthetic
1.5,moe,fp16,3.0,128,256,2048,1,0.050380799999999996,gpu,46.4091397076179,454.7814288302302,12.0,consumer_high,vllm,0.1503312543606858,9.863758353513653,12.933706083617793,4.311235361205931,15.093418460416991,0.14870231797771324,1.0,synthetic
0.5,dense,int8,0.5,128,256,8192,1,0.0671744,apple,26.99690913718997,753.2514872309262,128.0,apple_ultra,transformers,0.06734777707115945,0.9412102226392949,2.0966544745053435,4.193308949010687,0.6324689069410613,0.05517304768334933,1.0,synthetic
1.0,dense,Q8_0,1.06,128,256,4096,1,0.0671744,cpu,0.13839825505171954,34.61809907297688,8.0,cpu_low,vllm,48.17016416988297,59.20047763684926,4.119918360857096,3.8867154347708452,37.43247175797265,52.08522678153118,1.0,synthetic
2.0,dense,bf16,4.0,128,256,16384,1,0.5373952,apple,7.08305281969816,156.97234970552944,32.0,apple_pro,vllm,1.2549516592857604,41.29385305766886,17.340462854545894,4.3351157136364735,37.68621515680065,1.4599150918412747,1.0,synthetic
7.0,moe,Q5_K_M,5.109999999999999,128,256,8192,1,0.9404416,cpu,0.15488572169282883,43.824822275902484,8.0,cpu_low,vllm,301.29740919060663,251.01762740381517,11.194002624758669,2.1906071672717555,363.61588043178944,221.042315703581,1.0,synthetic
70.0,dense,Q6_K,57.4,128,256,512,1,0.587776,gpu,678.2119428314452,2847.863245891135,80.0,datacenter,vllm,0.4128502940113927,27.149138842329876,135.5106598507461,2.3608128893858207,17.294831615836546,0.45601527734972375,1.0,synthetic
13.0,dense,fp16,26.0,128,256,512,1,0.10915839999999999,cpu,0.4244234008217836,46.955556586301306,16.0,cpu_older,transformers,153.148954261581,855.4458496551713,53.73181941305232,2.066608438963551,967.7771108806969,146.9396672169945,1.0,synthetic
1.5,dense,Q5_K_M,1.095,128,256,512,1,0.012595199999999999,apple,25.410163198217788,901.0566767118995,128.0,apple_ultra,vllm,0.21465999301130123,1.5365226580998665,3.944914046624147,3.6026612297937417,1.156344375143769,0.16775605993026907,1.0,synthetic
70.0,moe,bf16,140.0,128,256,16384,1,18.808832,apple,8.77712419980929,132.14160423952623,32.0,apple_pro,ollama,35.44567719776268,1716.868516207545,441.682663507774,3.1548761679126716,1980.9931491446403,27.380480469302498,1.0,synthetic
70.0,dense,Q4_0,41.3,128,256,4096,1,4.702208,apple,14.560326051343432,433.9948110926639,64.0,apple_max,vllm,19.23033859356229,141.32951769378917,129.2250341207242,3.1289354508649927,120.77467349146325,8.767478119638087,1.0,synthetic
13.0,dense,Q8_0,13.780000000000001,128,256,4096,1,0.8732671999999999,apple,7.67165389691894,129.85209004027183,32.0,apple_pro,transformers,7.5313326896801565,161.20833211579964,35.61277580129994,2.5843814079317804,137.754488003429,13.03803570759868,1.0,synthetic
13.0,dense,Q3_K_M,6.37,128,256,2048,1,0.43663359999999996,gpu,27.37025126726551,381.76887855592094,8.0,consumer_mid,vllm,2.3748411867062114,27.429538100670804,24.933951989970204,3.914278177389357,17.059425997412056,2.2851953712913895,1.0,synthetic
13.0,dense,Q3_K_M,6.37,128,256,16384,1,3.4930687999999996,gpu,8.428010766598987,184.16047581942271,6.0,consumer_low,vllm,10.283169904117225,97.37622735738529,30.629359672131972,4.808376714620404,87.23949221970645,8.601026942626767,1.0,synthetic
70.0,dense,Q5_K_M,51.1,128,256,2048,1,2.351104,apple,27.163297806497603,767.5563431138856,128.0,apple_ultra,transformers,9.370933395449722,87.0475250441472,153.55681377451475,3.005025709873087,81.30789308816057,12.53676128820175,1.0,synthetic
3.8,moe,Q5_K_M,2.774,128,256,2048,1,0.12763135999999997,gpu,638.5293297354444,2408.3476179320583,80.0,datacenter,mlx,0.023804701353808865,1.6064299790141332,7.957907268269791,2.868748114012181,2.136628371505329,0.01671022453148235,1.0,synthetic
2.0,dense,fp16,4.0,128,256,16384,1,0.5373952,gpu,25.578998098169208,304.4186773283571,8.0,consumer_mid,mlx,0.39094572670990346,22.930945174794452,19.243391046904346,4.8108477617260865,20.848801510112782,0.26712832587098323,1.0,synthetic
70.0,moe,bf16,140.0,128,256,512,1,0.587776,gpu,43.34290180716189,524.611118179975,12.0,consumer_high,ollama,7.511758137408299,394.0952111900102,304.585372033621,2.1756098002401503,342.25765572174913,6.7216910292346865,1.0,synthetic
30.0,dense,Q8_0,31.8,128,256,2048,1,1.0076159999999998,gpu,659.1368346939778,2243.245770097681,80.0,datacenter,transformers,0.1820562797946397,19.500087142968383,65.110951968141,2.0475142128346224,22.266642692335722,0.149199602230426,1.0,synthetic
1.0,dense,fp32,4.0,128,256,4096,1,0.0671744,gpu,712.1401264044412,2409.5960354450986,80.0,datacenter,transformers,0.005616872089761034,2.2505428794824054,11.760412333487338,2.9401030833718345,4.601837171135001,0.006142650169211532,1.0,synthetic
1.0,dense,fp32,4.0,128,256,512,1,0.0083968,gpu,42.23396961248785,535.0102774002359,12.0,consumer_high,vllm,0.1101284779378732,11.017921384827567,9.171425126421788,2.292856281605447,10.36584301907165,0.12030900098739751,1.0,synthetic
0.5,dense,Q4_K_M,0.315,128,256,4096,1,0.0335872,apple,16.790081128764115,381.98745563768784,64.0,apple_max,llama.cpp,0.11911794735605402,1.2167492059586804,0.7488832078470186,2.377407009038154,0.7263026014809626,0.14935601145881597,1.0,synthetic
30.0,dense,Q4_0,17.7,128,256,16384,1,8.060927999999999,apple,3.080398480452955,68.51287337610044,16.0,apple_base,llama.cpp,48.69499869963036,578.4635057636036,77.71791246323079,4.390842512046937,546.4124145887262,31.927991134590375,1.0,synthetic
70.0,dense,Q3_K_M,34.3,128,256,2048,1,2.351104,gpu,25.67819577330918,307.67631934203445,8.0,consumer_mid,vllm,13.63024112324131,183.26504284351793,150.1691804548393,4.378110217342254,288.9204466512647,15.513038751763471,1.0,synthetic
1.0,dense,Q6_K,0.82,128,256,16384,1,0.2686976,gpu,9.34861746231252,179.159489872447,6.0,consumer_low,mlx,0.7131179228952605,11.048536604047351,1.7000901320339576,2.0732806488218998,14.176907055183284,1.0165947180129584,1.0,synthetic
3.8,dense,Q4_K_M,2.3939999999999997,128,256,512,1,0.03190783999999999,apple,26.28515610748097,759.9080592709695,128.0,apple_ultra,llama.cpp,0.5257028629268461,3.990462744807798,9.031642150801122,3.7726157689227753,3.0274649647612235,0.6406790244351446,1.0,synthetic
1.0,moe,fp16,2.0,128,256,512,1,0.0083968,gpu,73.05751625537636,762.5384981638075,24.0,consumer_flagship,vllm,0.060834869185925476,3.762614337011404,5.51088821205479,2.755444106027395,4.91090423248299,0.05630309326882823,1.0,synthetic
2.0,dense,Q4_K_M,1.26,128,256,512,1,0.0167936,gpu,171.64632701017842,930.7011517768116,40.0,datacenter_low,transformers,0.06658209137148462,2.286436767882758,2.603109053308643,2.0659595661179706,2.6354148555139507,0.05403487084706092,1.0,synthetic
30.0,moe,Q4_0,17.7,128,256,16384,1,8.060927999999999,gpu,71.17912072492877,597.9292939253014,24.0,consumer_flagship,vllm,1.8732084911332232,61.54795573351397,67.87037667938947,3.8344845581575973,45.33192731426571,2.8720930534751234,1.0,synthetic
8.0,dense,Q5_K_M,5.84,128,256,8192,1,1.0747904,apple,3.1764282662902024,64.7864944714006,16.0,apple_base,vllm,12.592760373183744,164.20303589074703,24.683361679802243,4.226603027363398,190.30059027399398,26.98387335939382,1.0,synthetic
1.5,dense,bf16,3.0,128,256,16384,1,0.40304639999999997,gpu,65.18984244507678,683.7136159064846,24.0,consumer_flagship,llama.cpp,0.10226542075605434,7.110425687072746,9.020014815269914,3.0066716050899713,6.517707895875514,0.0999923447898363,1.0,synthetic
1.5,dense,Q4_0,0.885,128,256,16384,1,0.40304639999999997,gpu,171.42090708860223,1000.8600055813139,40.0,datacenter_low,ollama,0.050002235532438655,2.144899374566516,4.019572859396737,4.541890236606482,2.6831031702190846,0.029664687560446008,1.0,synthetic
8.0,dense,fp32,32.0,128,256,2048,1,0.2686976,gpu,147.35734515375307,769.8486232125407,40.0,datacenter_low,mlx,0.3102273976678075,69.85939968592852,157.06618006488432,4.908318127027635,70.2025440486704,0.24385567575233943,1.0,synthetic
30.0,dense,Q5_K_M,21.9,128,256,512,1,0.25190399999999996,cpu,1.0579628626656603,66.91390905074464,16.0,cpu_modern,ollama,113.42553149516615,441.40108415428637,99.08259222912528,4.524319279868735,509.9262171948708,93.02592430877765,1.0,synthetic
0.5,dense,Q4_0,0.295,128,256,2048,1,0.0167936,gpu,25.882709396414427,365.1644328111307,8.0,consumer_mid,ollama,0.09658957884626748,1.3136067438050887,1.2171788971694737,4.126030159896521,1.1066726093493762,0.12353942900509504,1.0,synthetic
3.0,dense,Q8_0,3.18,128,256,8192,1,0.40304639999999997,gpu,41.15053718673747,431.049524157727,12.0,consumer_high,ollama,0.3390839907817809,12.224084674838597,9.582115888850442,3.0132439902045416,10.709996243767764,0.29256422917702885,1.0,synthetic
30.0,moe,Q5_K_M,21.9,128,256,512,1,0.25190399999999996,cpu,0.1463302273728956,38.49836803005359,8.0,cpu_low,transformers,1366.7716068692826,1046.1791278910227,45.71651292531669,2.0875120057222234,675.2992910399898,1295.898014704606,1.0,synthetic
1.5,dense,Q4_K_M,0.9450000000000001,128,256,512,1,0.012595199999999999,gpu,9.283774380040306,193.74468979084125,6.0,consumer_low,ollama,1.0771481070780375,8.986476912981626,4.007017277607783,4.240229923394479,10.811098596469623,0.9537157508224077,1.0,synthetic
0.5,dense,Q5_K_M,0.365,128,256,8192,1,0.0671744,cpu,1.1073296645117325,76.6844035901751,16.0,cpu_modern,mlx,1.8061468631221786,7.514338070788113,0.9556507890312068,2.6182213398115257,8.299225474510376,1.443338849349671,1.0,synthetic
3.8,dense,Q5_K_M,2.774,128,256,8192,1,0.5105254399999999,gpu,147.35533510912722,782.5502130161998,40.0,datacenter_low,mlx,0.14736002397337514,6.99534544315988,13.063577453664355,4.709292521147929,6.755083019666648,0.15283401074201583,1.0,synthetic
13.0,dense,Q4_K_M,8.19,128,256,8192,1,1.7465343999999998,cpu,0.16639037710177007,37.99199344634011,8.0,cpu_low,vllm,520.8634548238227,475.5324620524374,36.11156853223839,4.4092269270132345,564.3968676761118,793.2121564082535,1.0,synthetic
3.8,dense,fp16,7.6,128,256,16384,1,1.0210508799999998,apple,14.693122953536603,434.297018109322,64.0,apple_max,mlx,1.034497570602674,26.467449757560143,26.289283898813363,3.4591163024754428,31.49880874371988,1.0162663426127356,1.0,synthetic
7.0,moe,Q6_K,5.739999999999999,128,256,16384,1,1.8808832,gpu,8.89907203422107,217.10431169381073,6.0,consumer_low,ollama,5.243992462046787,63.82255223133962,14.576118348385195,2.539393440485226,67.40396593994804,7.7194425742282995,1.0,synthetic
3.0,dense,fp16,6.0,128,256,2048,1,0.10076159999999999,gpu,148.54912039309107,1026.379575785613,40.0,datacenter_low,ollama,0.11540194312489817,9.906603989286559,12.590858978746322,2.0984764964577205,11.886535201115027,0.1378529840728689,1.0,synthetic
3.0,dense,Q4_0,1.77,128,256,512,1,0.025190399999999998,apple,26.739661647336693,835.1890720778133,128.0,apple_ultra,mlx,0.4079741566280241,2.686802396033902,4.587737183758878,2.59194191172818,2.7955833558956096,0.5770943847972472,1.0,synthetic
13.0,dense,Q3_K_M,6.37,128,256,512,1,0.10915839999999999,apple,2.83552969480473,63.55136285573184,16.0,apple_base,mlx,22.923406557544887,156.84850099325553,15.769625988933539,2.4756084754997705,133.26010149961266,23.234087280409586,1.0,synthetic
8.0,dense,Q4_0,4.72,128,256,512,1,0.0671744,apple,29.532813651343837,711.8249577792346,128.0,apple_ultra,ollama,0.9850368283343487,8.406516145020962,16.762431775684757,3.551362664339991,7.857898171451474,0.6199530483410012,1.0,synthetic
1.5,dense,fp32,6.0,128,256,4096,1,0.10076159999999999,gpu,755.3582007189732,2460.4993199996406,80.0,datacenter,llama.cpp,0.007943251286990747,3.3059748214038067,14.035795309628803,2.339299218271467,3.7623316914645595,0.0116159231896936,1.0,synthetic
30.0,dense,Q4_K_M,18.9,128,256,512,1,0.25190399999999996,apple,13.453491472767773,392.44404705397244,64.0,apple_max,mlx,8.919617650399605,65.06882240078437,70.72779582650985,3.742211419392056,93.96210668459824,7.40068093707288,1.0,synthetic
30.0,dense,fp32,120.0,128,256,8192,1,4.030463999999999,gpu,62.818595079543854,630.8596595245809,24.0,consumer_flagship,ollama,2.1225137742176567,280.8649665067913,392.43796976392525,3.2703164146993773,310.5174324835996,1.3727988467442396,1.0,synthetic
7.0,dense,fp32,28.0,128,256,16384,1,1.8808832,cpu,0.15067173789873026,34.60620405468173,8.0,cpu_low,transformers,309.7240883889741,1569.9173032560502,77.66691857009964,2.7738185203607015,1972.2559217480334,351.4955122017719,1.0,synthetic
1.0,dense,fp16,2.0,128,256,16384,1,0.2686976,cpu,0.9974542677495479,87.75614966064157,16.0,cpu_modern,llama.cpp,4.010208918174046,34.46972257820021,4.541174201201466,2.270587100600733,43.918755895513826,2.407985571366003,1.0,synthetic
3.0,moe,fp16,6.0,128,256,2048,1,0.10076159999999999,cpu,0.1547706751115749,33.6725580284692,8.0,cpu_low,transformers,129.2234461443158,329.4164289153083,22.615122649376385,3.7691871082293975,390.62911075877395,172.48217750632818,1.0,synthetic
1.5,dense,fp32,6.0,128,256,16384,1,0.40304639999999997,apple,7.879790674605212,166.1268020892478,32.0,apple_pro,transformers,0.8460461631489565,55.061609733166456,28.767630884794716,4.794605147465786,55.04415998529616,1.0131863427370718,1.0,synthetic
0.5,dense,Q8_0,0.53,128,256,8192,1,0.0671744,apple,15.374998094948328,404.6061024275719,64.0,apple_max,ollama,0.13008131693083774,1.9679202279848607,1.0659142607007142,2.0111589824541776,1.3734107411003194,0.12158103278847167,1.0,synthetic
3.8,dense,Q8_0,4.028,128,256,8192,1,0.5105254399999999,gpu,59.95937142369319,702.0418660367486,24.0,consumer_flagship,ollama,0.28167221383203456,9.235357725929674,19.906153085211976,4.941944658692149,7.349196671769267,0.1487022399974616,1.0,synthetic
30.0,dense,Q3_K_M,14.7,128,256,2048,1,1.0076159999999998,gpu,8.595735400807184,197.13097636160646,6.0,consumer_low,vllm,23.267351852317248,144.87475456822256,62.94708194653576,4.282114418131685,159.05547304011543,36.005853234289546,1.0,synthetic
7.0,dense,fp16,14.0,128,256,4096,1,0.4702208,gpu,626.4711877661758,2553.871578387018,80.0,datacenter,ollama,0.04469479290793932,7.554658541412979,28.48409259022538,2.0345780421589557,6.1474851034586475,0.035722426937065004,1.0,synthetic
7.0,dense,fp16,14.0,128,256,8192,1,0.9404416,gpu,622.3715519495051,2356.9510836247714,80.0,datacenter,ollama,0.044989202852047654,8.451846514083774,36.36145713877422,2.597246938483873,6.988696300122951,0.03997838966512239,1.0,synthetic
0.5,dense,Q8_0,0.53,128,256,16384,1,0.1343488,gpu,9.236798716521987,173.8426114318873,6.0,consumer_low,mlx,0.3608753893674174,6.948278670814693,1.0951937771369002,2.066403353088491,6.4230318679168175,0.22360085008154854,1.0,synthetic
13.0,dense,bf16,26.0,128,256,4096,1,0.8732671999999999,gpu,9.379917606763499,194.8355634831553,6.0,consumer_low,mlx,9.239597862157622,250.77806610191107,103.01380005738332,3.9620692329762814,202.59207593620238,7.5584586656872474,1.0,synthetic
70.0,dense,Q4_0,41.3,128,256,2048,1,2.351104,cpu,0.9748651093096943,69.41935001924917,16.0,cpu_modern,llama.cpp,287.2192237942222,838.4041622956915,188.98946760576456,4.576016164788489,979.6872083630905,494.3995754213212,1.0,synthetic
2.0,dense,Q4_0,1.18,128,256,8192,1,0.2686976,cpu,0.13278641544944217,41.69087925440013,8.0,cpu_low,mlx,100.4118778882915,63.17918171720112,4.819665383745891,4.084462189615162,52.38502913312137,111.11995968463036,1.0,synthetic
8.0,dense,Q3_K_M,3.92,128,256,4096,1,0.5373952,cpu,0.39298567466557965,51.00729460500388,16.0,cpu_older,llama.cpp,101.78488066782315,134.4421642046929,12.332085334644244,3.145940136388838,147.73092727062408,76.63490296234428,1.0,synthetic
3.0,moe,Q3_K_M,1.47,128,256,4096,1,0.20152319999999999,gpu,170.5566601765895,854.0932217283746,40.0,datacenter_low,vllm,0.1005112150126997,3.2617891456419787,7.330614529953461,4.986812605410518,4.017120306111312,0.08319560525169624,1.0,synthetic
2.0,dense,Q3_K_M,0.98,128,256,16384,1,0.5373952,apple,7.406391205211078,147.15497261954937,32.0,apple_pro,transformers,1.2001646473433296,14.730779327286227,2.0048786285593274,2.0457945189380893,9.220659991894445,1.2684348315635803,1.0,synthetic
13.0,dense,Q3_K_M,6.37,128,256,512,1,0.10915839999999999,apple,13.74058159888887,373.832426121011,64.0,apple_max,transformers,3.7844104069222935,23.108958086664824,29.427890756377863,4.619763070075018,16.892062469251922,3.5480694986435144,1.0,synthetic
1.0,moe,bf16,2.0,128,256,16384,1,0.2686976,apple,15.922100097291011,350.2240573071594,64.0,apple_max,transformers,0.25122314114081973,8.637128347469169,9.737327041861766,4.868663520930883,11.999244181215143,0.36934042079474133,1.0,synthetic
30.0,dense,Q4_0,17.7,128,256,4096,1,2.0152319999999997,gpu,7.658156352661635,184.8759469883484,6.0,consumer_low,transformers,26.11594629175844,193.89150913123115,40.25774506606426,2.2744488737889412,245.0133780493142,32.97095781192278,1.0,synthetic
8.0,dense,Q8_0,8.48,128,256,2048,1,0.2686976,apple,27.11239426170369,735.5799179093598,128.0,apple_ultra,transformers,1.0729745521589753,14.867007287367992,20.395370197153127,2.405114410041642,16.74915619455995,0.9263363922199047,1.0,synthetic
30.0,dense,Q6_K,24.599999999999998,128,256,512,1,0.25190399999999996,gpu,148.58932366483734,1018.4161246882289,40.0,datacenter_low,llama.cpp,1.1537071924174782,40.670840726014625,61.75653422507425,2.5104282205314736,40.83512380237096,1.204388891899391,1.0,synthetic
30.0,dense,Q4_K_M,18.9,128,256,512,1,0.25190399999999996,cpu,0.3779325865529075,43.980653241133226,16.0,cpu_older,ollama,396.89618026362274,669.9415656871334,92.92542451256746,4.9166891276490725,507.37273875974086,297.0085741799398,1.0,synthetic
13.0,dense,Q4_K_M,8.19,128,256,8192,1,1.7465343999999998,gpu,58.240614134607036,748.998860830541,24.0,consumer_flagship,mlx,0.9920530309697707,18.952030350375573,20.93837321208216,2.5565779257731576,17.858137897108417,1.1410520317636177,1.0,synthetic
70.0,moe,fp16,140.0,128,256,16384,1,18.808832,apple,8.364031507708225,159.5670633284277,32.0,apple_pro,ollama,37.19631027506217,1421.7831378712976,385.925008906919,2.7566072064779927,1075.0817527333988,52.73436488272792,1.0,synthetic
8.0,dense,fp16,16.0,128,256,4096,1,0.5373952,apple,9.094205119908906,169.0484778721468,32.0,apple_pro,vllm,3.909693600127606,139.7519255014057,53.71152692644621,3.356970432902888,188.2256597629134,3.7411870398814453,1.0,synthetic
7.0,dense,bf16,14.0,128,256,512,1,0.0587776,gpu,43.97925174397889,448.5144421398942,12.0,consumer_high,ollama,0.7403068093204015,46.09589123270176,28.94518175200483,2.0675129822860594,62.479516263006076,0.3611459834948132,1.0,synthetic
8.0,dense,fp32,32.0,128,256,2048,1,0.2686976,gpu,8.849105113973597,216.88137310371198,6.0,consumer_low,ollama,6.026974778400453,270.51820279960737,151.31732112997145,4.728666285311608,353.7091053680432,9.252309891358733,1.0,synthetic
3.8,dense,int8,3.8,128,256,512,1,0.03190783999999999,apple,6.843276823580552,152.56714137865052,32.0,apple_pro,mlx,2.4679534854842036,35.88029511254173,11.292409299416322,2.9716866577411376,37.81407612341804,3.8239568368569543,1.0,synthetic
2.0,dense,int8,2.0,128,256,8192,1,0.2686976,apple,24.053629577245022,893.0151372358858,128.0,apple_ultra,transformers,0.30235467164620117,3.1756147032151785,7.515112734599009,3.7575563672995047,4.12720817979711,0.2950900624212098,1.0,synthetic
30.0,moe,int8,30.0,128,256,512,1,0.25190399999999996,gpu,157.838645247675,982.1505116821814,40.0,datacenter_low,llama.cpp,1.086100119267823,51.33616426431755,106.22700455357858,3.540900151785953,39.34610773876731,1.7876851697436713,1.0,synthetic
7.0,dense,fp16,14.0,128,256,4096,1,0.4702208,apple,8.72730925922211,144.31426333678428,32.0,apple_pro,mlx,3.564799892731673,143.2411704985711,66.4125462793134,4.743753305665243,117.05359205338395,3.3336445656048395,1.0,synthetic
13.0,dense,int8,13.0,128,256,16384,1,3.4930687999999996,cpu,0.13159663417254489,40.10736972420736,8.0,cpu_low,mlx,658.5781407830868,747.6779959490215,52.50252162633467,4.038655509718051,486.71323764607257,410.04768964972226,1.0,synthetic
30.0,dense,bf16,60.0,128,256,512,1,0.25190399999999996,cpu,0.8701281197889635,78.95898123920104,16.0,cpu_modern,llama.cpp,137.91072518045297,1017.4380512411598,150.69547009087955,2.511591168181326,1186.5191218405762,160.69553376904187,1.0,synthetic
2.0,dense,Q4_0,1.18,128,256,4096,1,0.1343488,apple,3.3576771450703564,71.18538027368783,16.0,apple_base,llama.cpp,2.9782494170655176,28.405763502965993,4.278798041644095,3.6261000352916066,28.12352842325214,4.064110944626867,1.0,synthetic
70.0,dense,Q4_0,41.3,128,256,16384,1,18.808832,cpu,0.4502845932434405,50.39877883528806,16.0,cpu_older,transformers,777.2861991100303,1834.8683894915564,131.31381684251232,3.1795113036927924,1196.405826725839,690.8215634427513,1.0,synthetic
0.5,dense,Q5_K_M,0.365,128,256,512,1,0.0041984,gpu,144.94939478383873,842.4540562453543,40.0,datacenter_low,transformers,0.019711312775080436,0.7304026398888385,0.8064988031497045,2.209585762053985,0.861356970401267,0.01736320074732641,1.0,synthetic
3.0,dense,fp16,6.0,128,256,16384,1,0.8060927999999999,gpu,68.46341805094208,631.292210805855,24.0,consumer_flagship,vllm,0.19475120747568145,15.40172609111422,16.859525463398317,2.8099209105663863,13.570961439506002,0.18454041895266005,1.0,synthetic
0.5,moe,int8,0.5,128,256,512,1,0.0041984,gpu,756.3684249346207,2788.7614934104436,80.0,datacenter,transformers,0.002644214028597078,0.24106203951891378,1.7054860719058096,3.410972143811619,0.22946889361549938,0.0016829483306317367,1.0,synthetic
8.0,dense,Q6_K,6.56,128,256,512,1,0.0671744,gpu,778.4508142095441,2697.099289656854,80.0,datacenter,vllm,0.041107285670313666,3.2761984578096666,29.795947460936336,4.5420651617281,5.488959862428717,0.04310391531115274,1.0,synthetic
30.0,moe,fp32,120.0,128,256,2048,1,1.0076159999999998,cpu,0.8528616862076634,74.56258631539312,16.0,cpu_modern,vllm,140.70276803451242,2163.8665713328583,435.4228947602669,3.628524123002224,2297.7383778001276,158.97097763982504,1.0,synthetic
2.0,dense,bf16,4.0,128,256,4096,1,0.1343488,gpu,9.08004022299486,190.86620585626625,6.0,consumer_low,transformers,1.4684222763206676,39.38359744963218,13.020356461145518,3.2550891152863795,67.17130206808056,1.5980734480304948,1.0,synthetic
1.0,dense,fp32,4.0,128,256,8192,1,0.1343488,apple,8.513967551341217,166.25545022671736,32.0,apple_pro,vllm,0.5220180154133082,35.52492603024114,12.896241095420972,3.224060273855243,34.073675747143966,0.3654010369560389,1.0,synthetic
70.0,dense,Q6_K,57.4,128,256,4096,1,4.702208,apple,3.1687183236447547,62.89729629126176,16.0,apple_base,llama.cpp,110.45475307423963,1519.013758860283,186.80226148446184,3.254394799380868,1889.0981725872318,121.73138992709355,1.0,synthetic
3.8,dense,fp32,15.2,128,256,4096,1,0.25526271999999994,gpu,10.109742389943893,229.5898243360087,6.0,consumer_low,mlx,2.505833715261851,122.39426444092632,73.73731666758344,4.851139254446279,114.9875620837882,2.2436108105127714,1.0,synthetic
30.0,dense,Q3_K_M,14.7,128,256,8192,1,4.030463999999999,cpu,1.137498305944416,67.53117562491092,16.0,cpu_modern,ollama,105.49466260555803,369.81367152132924,30.299711031349897,2.061204832064619,499.4373704266043,105.77316972789542,1.0,synthetic
1.0,dense,fp16,2.0,128,256,512,1,0.0083968,apple,3.0940400840326134,63.451319156940336,16.0,apple_base,ollama,1.6160100917255267,48.69624890109573,8.120534321691453,4.060267160845727,43.81821160785835,1.9975184459493938,1.0,synthetic
1.0,dense,bf16,2.0,128,256,512,1,0.0083968,apple,15.783988346013285,366.5792258631568,64.0,apple_max,vllm,0.25342137312273916,7.305003150941347,5.735158911795218,2.867579455897609,7.145075819679443,0.22115994767534133,1.0,synthetic
70.0,dense,Q5_K_M,51.1,128,256,512,1,0.587776,apple,3.2780799746523375,74.12742944448904,16.0,apple_base,ollama,106.76981730353295,1072.7426538399575,194.83298380079563,3.8127785479607756,1882.4572908007635,81.31993724838476,1.0,synthetic
0.5,dense,Q8_0,0.53,128,256,8192,1,0.0671744,gpu,768.703211169801,2443.751810592398,80.0,datacenter,vllm,0.0026017843700124918,0.3258238131556886,1.9125457240587047,3.6085768378466123,0.2570109209306305,0.0019820400516065576,1.0,synthetic
7.0,dense,int8,7.0,128,256,16384,1,1.8808832,apple,26.58810044213092,785.6289850363846,128.0,apple_ultra,mlx,0.9573660784811368,14.13021185755497,18.488470447620127,2.6412100639457323,15.075917510501155,0.8278116625606295,1.0,synthetic
8.0,dense,Q5_K_M,5.84,128,256,16384,1,2.1495808,gpu,59.090595789070065,681.6792472582525,24.0,consumer_flagship,mlx,0.6017125920082911,16.743485888780196,18.18803770513994,3.1143900180034145,18.69815622700557,0.3913729344471463,1.0,synthetic
70.0,dense,fp32,280.0,128,256,8192,1,9.404416,apple,7.877388134222696,151.67261947218128,32.0,apple_pro,mlx,39.49419602158655,2725.837276620843,1299.554398413828,4.641265708620814,2424.179759254571,34.98608096784439,1.0,synthetic
1.0,dense,fp16,2.0,128,256,512,1,0.0083968,gpu,8.821053997644835,194.72561657795234,6.0,consumer_low,mlx,0.7557675838337031,18.752697306225905,7.325018329666,3.662509164833,18.74159470239698,0.6420407860174914,1.0,synthetic
2.0,dense,Q3_K_M,0.98,128,256,2048,1,0.0671744,apple,3.0529567838591998,72.22343585418685,16.0,apple_base,mlx,3.2755131198939345,22.306298771413896,4.343547567777413,4.4321913956912375,19.42268759484435,2.6386154754992033,1.0,synthetic
8.0,dense,Q3_K_M,3.92,128,256,8192,1,1.0747904,gpu,73.71982702844618,623.5458769471373,24.0,consumer_flagship,llama.cpp,0.48230655155818236,11.443287688914959,8.546460459854593,2.1802195050649473,7.873620115537682,0.48053034346129403,1.0,synthetic
0.5,dense,fp32,2.0,128,256,2048,1,0.0167936,apple,25.586577038821694,714.485030044211,128.0,apple_ultra,transformers,0.07105998646959102,3.52840422680935,4.8630068259418655,2.4315034129709328,3.796887278514,0.1228941681812554,1.0,synthetic
70.0,moe,Q6_K,57.4,128,256,4096,1,4.702208,gpu,596.940733565158,2731.117786768159,80.0,datacenter,mlx,0.46905829047338266,30.318335005969857,172.8179534318156,3.0107657392302367,33.38962317600475,0.3295518048772016,1.0,synthetic
1.5,dense,bf16,3.0,128,256,8192,1,0.20152319999999999,apple,27.692436100351784,755.7568704757578,128.0,apple_ultra,transformers,0.19696878363388778,5.295226753917242,7.692527098311681,2.564175699437227,5.18917416438354,0.18996681037195845,1.0,synthetic
3.8,dense,fp32,15.2,128,256,16384,1,1.0210508799999998,gpu,24.460145143297325,366.6197972597465,8.0,consumer_mid,mlx,0.7767738044353536,68.06905431412639,74.30689452648251,4.8886114820054285,125.31469394492936,0.8856193474963754,1.0,synthetic
0.5,moe,int8,0.5,128,256,16384,1,0.1343488,cpu,0.15402618613919608,38.06790788403619,8.0,cpu_low,mlx,21.641341754193295,30.29747413645281,2.2425672184024696,4.485134436804939,36.46137356823261,22.48224816786857,1.0,synthetic
3.8,dense,int8,3.8,128,256,2048,1,0.12763135999999997,gpu,61.54808530059425,644.8234163679988,24.0,consumer_flagship,llama.cpp,0.2744015318495347,8.701455003698282,16.082163744005786,4.232148353685734,8.771659737799155,0.16350787281216528,1.0,synthetic
2.0,dense,Q4_K_M,1.26,128,256,8192,1,0.2686976,gpu,45.04345929696999,435.16945937421684,12.0,consumer_high,mlx,0.2065188981171591,5.165998342611514,3.61430193015254,2.868493595359159,6.389429679101372,0.2488295840392032,1.0,synthetic
30.0,dense,Q6_K,24.599999999999998,128,256,16384,1,8.060927999999999,apple,3.1477131653550154,66.50247478150962,16.0,apple_base,transformers,47.653643175293006,755.574611374198,114.39120793543127,4.650049103066312,1225.1498859542332,51.46923876924525,1.0,synthetic
1.0,dense,Q4_K_M,0.63,128,256,512,1,0.0083968,cpu,0.14980726545352238,36.248648530431225,8.0,cpu_low,vllm,44.501624447146696,32.021096002269246,1.9943238697314194,3.165593444018126,26.317288714083897,55.08289785678141,1.0,synthetic
70.0,dense,int8,70.0,128,256,2048,1,2.351104,cpu,0.44388726845281523,48.02970159363575,16.0,cpu_older,vllm,788.4884854209434,2317.511603777692,214.75336207476965,3.0679051724967095,1653.6957240827537,687.8412924248069,1.0,synthetic
8.0,dense,Q6_K,6.56,128,256,8192,1,1.0747904,gpu,8.41708120291407,180.56535727663123,6.0,consumer_low,llama.cpp,6.336321587923952,76.87763201244819,22.05801581290159,3.3625024105032915,61.983870617145804,8.165482544977776,1.0,synthetic
3.8,dense,fp32,15.2,128,256,512,1,0.03190783999999999,cpu,0.3863031336203331,51.508044611581006,16.0,cpu_older,transformers,49.18417260025026,454.9523195054848,34.49605431728703,2.269477257716252,379.15792564826694,46.4728182225798,1.0,synthetic
1.5,dense,Q8_0,1.59,128,256,8192,1,0.20152319999999999,cpu,1.0272261164059193,79.08933623204963,16.0,cpu_modern,llama.cpp,5.840972989464996,30.2025243073417,3.4372584201509557,2.1617977485226136,20.241626831454763,3.295253199578551,1.0,synthetic
3.8,dense,fp32,15.2,128,256,512,1,0.03190783999999999,apple,27.134026734153025,801.1374740912844,128.0,apple_ultra,llama.cpp,0.509256585967359,23.76606439687095,41.86521493974833,2.7542904565623902,17.41160756099019,0.5828326828835695,1.0,synthetic
2.0,dense,Q8_0,2.12,128,256,2048,1,0.0671744,cpu,0.13531074648681476,43.67426270724675,8.0,cpu_low,transformers,98.53861337342181,91.05318512023528,6.323321629344722,2.982698881766378,82.15198253947955,115.91784589123392,1.0,synthetic
1.5,dense,int8,1.5,128,256,512,1,0.012595199999999999,gpu,8.216710674223492,199.5125575676494,6.0,consumer_low,llama.cpp,1.21703202126501,13.784461110807927,3.7397670794778635,2.4931780529852423,17.465785325225674,1.237280722856249,1.0,synthetic
0.5,dense,bf16,1.0,128,256,8192,1,0.0671744,cpu,1.0912327738183394,83.52678177331313,16.0,cpu_modern,ollama,1.8327895275742019,17.035245100926627,2.5104579234335507,2.5104579234335507,15.93680454809486,1.3659899440757306,1.0,synthetic
3.0,dense,Q4_K_M,1.8900000000000001,128,256,2048,1,0.10076159999999999,gpu,8.337745351235382,185.79477048983267,6.0,consumer_low,transformers,2.3987300112297927,19.481530809031142,9.153644998715752,4.843198412018916,11.496093920629226,3.584924493894821,1.0,synthetic
1.5,moe,Q4_0,0.885,128,256,16384,1,0.40304639999999997,apple,7.103288340672812,171.31614606825892,32.0,apple_pro,vllm,0.9385324580580396,10.740763949833035,2.6699651539888407,3.016909778518464,12.902012100566845,0.755322630940285,1.0,synthetic
1.0,dense,bf16,2.0,128,256,2048,1,0.0335872,cpu,0.8929244186251941,85.04576682807335,16.0,cpu_modern,llama.cpp,4.479662462539289,31.882240599716233,7.398662110519759,3.6993310552598797,41.647744525639766,3.04575186460242,1.0,synthetic
3.8,moe,Q6_K,3.1159999999999997,128,256,16384,1,1.0210508799999998,gpu,64.44924803312205,699.1220892561931,24.0,consumer_flagship,vllm,0.2620494327600111,8.453563085100207,12.478152827982496,4.004541985873716,7.631102849808949,0.28082467386566995,1.0,synthetic
0.5,moe,Q3_K_M,0.245,128,256,16384,1,0.1343488,gpu,10.06869267377616,173.46729182119185,6.0,consumer_low,llama.cpp,0.33105919917637133,3.9761103298946514,0.8114020114597938,3.3118449447338527,4.429967359303644,0.266971694225621,1.0,synthetic
1.5,dense,Q6_K,1.23,128,256,2048,1,0.050380799999999996,gpu,24.276614656102662,311.88149662714477,8.0,consumer_mid,ollama,0.3089392860678227,6.315913693782022,4.218729483785894,3.429861368931621,4.821547677256801,0.31075903382362263,1.0,synthetic
1.5,dense,Q4_0,0.885,128,256,16384,1,0.40304639999999997,gpu,26.97711474221242,324.6177575781522,8.0,consumer_mid,vllm,0.2780134225497577,6.1044406841383925,3.5930568740049686,4.059951270062111,6.4940516311762275,0.27720853827081643,1.0,synthetic
8.0,dense,Q3_K_M,3.92,128,256,512,1,0.0671744,cpu,1.1024070313915595,74.83808885515496,16.0,cpu_modern,llama.cpp,29.027391053199885,71.03645502790178,12.566954633474982,3.205855773845659,66.72863391994751,26.3878278914427,1.0,synthetic
70.0,dense,Q4_0,41.3,128,256,4096,1,4.702208,apple,29.80053351443868,763.1038521891032,128.0,apple_ultra,vllm,8.541640854252643,75.35378026862634,155.2279936715455,3.7585470622650248,104.2916119399745,11.393518912322413,1.0,synthetic
3.8,dense,Q6_K,3.1159999999999997,128,256,16384,1,1.0210508799999998,cpu,0.14357588856765613,39.28765449654003,8.0,cpu_low,vllm,176.4455967228488,191.4573620466838,15.51273158808286,4.978411934558043,163.21842280189,164.0919821880372,1.0,synthetic
8.0,dense,Q8_0,8.48,128,256,16384,1,2.1495808,gpu,133.223210413463,784.5340636357354,40.0,datacenter_low,vllm,0.3431405501519577,22.58151534925021,33.503555020430035,3.950890922220523,20.59782597574572,0.423646815001462,1.0,synthetic
30.0,moe,fp32,120.0,128,256,2048,1,1.0076159999999998,apple,25.614946410264086,773.949024990673,128.0,apple_ultra,llama.cpp,4.25887711586996,195.4386078615744,387.8521442111555,3.232101201759629,158.98283514080455,2.9256700770550492,1.0,synthetic
2.0,dense,Q5_K_M,1.46,128,256,2048,1,0.0671744,gpu,159.91872310915542,903.1147724433937,40.0,datacenter_low,transformers,0.07146487419594172,2.818346841764459,6.95046279900532,4.760590958222822,5.489717474225536,0.07357849496958445,1.0,synthetic
30.0,dense,bf16,60.0,128,256,4096,1,2.0152319999999997,gpu,56.20859121061784,715.4349128363953,24.0,consumer_flagship,transformers,2.3721166188585525,123.83123465444852,277.73262273430873,4.628877045571812,111.2161545726581,2.830507374835314,1.0,synthetic
1.0,dense,Q8_0,1.06,128,256,8192,1,0.1343488,cpu,0.12835695341734313,41.07787732762056,8.0,cpu_low,mlx,51.93849253332224,52.86405759012133,3.5161129958578248,3.317087731941344,55.50609855864154,61.02623135559982,1.0,synthetic
0.5,dense,Q4_K_M,0.315,128,256,16384,1,0.1343488,apple,2.590392914825446,76.57032179178162,16.0,apple_base,mlx,0.9651045544835667,9.02837848891011,1.2818809124056798,4.069463213986285,8.008040481083553,0.9563850879114015,1.0,synthetic
8.0,dense,Q5_K_M,5.84,128,256,8192,1,1.0747904,gpu,149.1826764109316,798.5732357094508,40.0,datacenter_low,transformers,0.3064315965773619,14.431551361007223,20.540605067187386,3.5172268950663335,23.275894255070586,0.4345072369223098,1.0,synthetic
3.0,dense,Q5_K_M,2.19,128,256,512,1,0.025190399999999998,gpu,49.2808787955353,554.1513231962019,12.0,consumer_high,llama.cpp,0.2831420362852207,5.878598146057442,8.095712664797363,3.696672449679161,4.912790448010105,0.47281813078598917,1.0,synthetic
70.0,dense,fp16,140.0,128,256,4096,1,4.702208,gpu,26.11810451514163,334.27484450434304,8.0,consumer_mid,ollama,13.400666185292735,665.9752751319257,436.89784013641383,3.1206988581172417,621.4343081450088,10.954914674210151,1.0,synthetic
13.0,moe,Q4_0,7.67,128,256,512,1,0.10915839999999999,gpu,640.0030151878045,2563.8412456953433,80.0,datacenter,transformers,0.08124961721428915,4.045574669420273,22.695193952494467,2.958956186765902,3.5705325513699777,0.07977078202953636,1.0,synthetic
1.0,dense,fp16,2.0,128,256,4096,1,0.0671744,cpu,1.093129874071951,81.17072336321743,16.0,cpu_modern,ollama,3.659217532039304,33.9559932341606,5.8658381282982,2.9329190641491,43.01450604816684,5.04973576759128,1.0,synthetic
2.0,dense,Q6_K,1.64,128,256,4096,1,0.1343488,gpu,39.59546294803647,465.87007760496437,12.0,consumer_high,transformers,0.23493412852890128,5.600996063114464,3.969020475700407,2.4201344364026873,5.22317853579506,0.23468717395667946,1.0,synthetic
70.0,moe,Q8_0,74.2,128,256,2048,1,2.351104,apple,25.55885266006175,818.8604836623078,128.0,apple_ultra,mlx,9.959189402238199,116.8561457161015,322.14415329371303,4.341565408271065,139.7185534937101,9.284798246634095,1.0,synthetic
13.0,dense,Q8_0,13.780000000000001,128,256,512,1,0.10915839999999999,apple,29.069041907376207,825.6126991477355,128.0,apple_ultra,transformers,1.6262224060687709,21.028562203466464,53.55134213963757,3.8861641610767466,30.284535588706063,2.431192089583055,1.0,synthetic
7.0,dense,Q5_K_M,5.109999999999999,128,256,16384,1,1.8808832,gpu,45.72533112387787,572.9621027724334,12.0,consumer_high,ollama,0.7120372610682262,17.943090020246142,23.594854955232723,4.617388445251023,22.318353224447392,0.8869197710405291,1.0,synthetic
1.5,dense,Q5_K_M,1.095,128,256,2048,1,0.050380799999999996,gpu,640.2843501724283,2187.8531193212957,80.0,datacenter,llama.cpp,0.009370836564073764,0.6980241893357777,4.913862147135479,4.487545339849753,1.2232103013832176,0.004136341569726729,1.0,synthetic
8.0,dense,int8,8.0,128,256,16384,1,2.1495808,gpu,8.848215664062305,204.25118153265873,6.0,consumer_low,mlx,6.027580628482043,90.34847746903537,30.765157518325935,3.845644689790742,78.6084713964466,6.0868904912858,1.0,synthetic
8.0,dense,Q4_K_M,5.04,128,256,4096,1,0.5373952,apple,29.65715061477144,717.8001315381929,128.0,apple_ultra,ollama,0.98090708270604,9.712653555886185,12.562476656532144,2.492554892169076,14.568205151825108,1.6015385514204947,1.0,synthetic
7.0,dense,Q5_K_M,5.109999999999999,128,256,2048,1,0.2351104,gpu,7.983351649072986,228.80311657858908,6.0,consumer_low,vllm,5.845498071237475,42.47486962056517,12.846405266485565,2.5139736333631246,30.201334119324667,4.983380517014944,1.0,synthetic
0.5,moe,Q6_K,0.41,128,256,2048,1,0.0167936,gpu,735.1963598524793,2582.083972995459,80.0,datacenter,mlx,0.002720361673718447,0.22038715211619267,1.9190475377030773,4.680603750495311,0.18513121834035318,0.002926045185948697,1.0,synthetic
0.5,dense,Q4_K_M,0.315,128,256,4096,1,0.0335872,gpu,24.16949797606786,330.4037876751876,8.0,consumer_mid,transformers,0.10343615752695602,1.6231290923553592,1.4460802679664928,4.590731009417437,0.9165959857561324,0.08179181505347541,1.0,synthetic
70.0,dense,Q5_K_M,51.1,128,256,16384,1,18.808832,gpu,73.37058901635888,658.7251754544172,24.0,consumer_flagship,transformers,4.240270049375575,151.61066211125984,244.892816170452,4.792423017034285,165.59154966771493,4.862066025620366,1.0,synthetic
30.0,moe,fp32,120.0,128,256,2048,1,1.0076159999999998,cpu,0.3694900374623065,46.03894852663321,16.0,cpu_older,llama.cpp,405.96493759402705,4043.6536679204914,241.91670860558315,2.015972571713193,4936.430356831661,343.6879167626088,1.0,synthetic
30.0,moe,Q3_K_M,14.7,128,256,16384,1,8.060927999999999,gpu,45.87505869896634,475.88051469078766,12.0,consumer_high,mlx,3.041628450800744,70.33688480169334,66.95046421474713,4.5544533479419815,93.02717538146896,2.0174553786826968,1.0,synthetic
2.0,dense,Q5_K_M,1.46,128,256,512,1,0.0167936,gpu,67.12931013216986,774.1663255158116,24.0,consumer_flagship,mlx,0.1324144233180364,2.725131632987896,4.893350041113793,3.351609617201228,2.824310859598695,0.0788962256377749,1.0,synthetic
1.0,dense,Q6_K,0.82,128,256,16384,1,0.2686976,gpu,128.02402047763934,915.3392786479999,40.0,datacenter_low,vllm,0.044634481036968925,1.9823207004512007,3.4512485510072164,4.208839696350264,2.53521537130402,0.07498541143850486,1.0,synthetic
1.0,dense,bf16,2.0,128,256,512,1,0.0083968,gpu,25.535046463398075,304.50877675932946,8.0,consumer_mid,mlx,0.19580931670388763,10.146969370315745,5.649875151841841,2.8249375759209205,10.764255706148912,0.147731234652283,1.0,synthetic
30.0,dense,Q4_K_M,18.9,128,256,512,1,0.25190399999999996,apple,13.108403080656446,391.5523292138256,64.0,apple_max,llama.cpp,9.154433172495228,65.21700956618479,78.6485909162016,4.1613011066773336,40.267712094599595,10.998670219808638,1.0,synthetic
3.0,dense,int8,3.0,128,256,2048,1,0.10076159999999999,gpu,67.80352685797426,664.8918558292511,24.0,consumer_flagship,transformers,0.19664660455291968,6.662225427692705,11.737008408461119,3.9123361361537063,7.999892422068554,0.28650725050137515,1.0,synthetic
8.0,dense,fp32,32.0,128,256,4096,1,0.5373952,cpu,1.0160283102361203,65.54241795276025,16.0,cpu_modern,mlx,31.49518539750467,661.9101790121396,154.49053217523095,4.827829130475967,524.0522084049941,49.11186114568231,1.0,synthetic
7.0,dense,Q5_K_M,5.109999999999999,128,256,2048,1,0.2351104,gpu,49.29279440954227,513.1541704296968,12.0,consumer_high,ollama,0.6605050479463385,15.317923781085463,15.438099561596827,3.0211545130326476,12.606087098867695,0.5431786067842181,1.0,synthetic
8.0,dense,fp16,16.0,128,256,8192,1,1.0747904,gpu,64.54307489981036,657.1737571081788,24.0,consumer_flagship,llama.cpp,0.5508810296185629,37.11736424415743,78.930215015624,4.9331384384765,27.05680704483581,0.5602845079430756,1.0,synthetic
3.0,dense,Q5_K_M,2.19,128,256,8192,1,0.40304639999999997,gpu,7.9413962984054836,225.91664837926234,6.0,consumer_low,llama.cpp,2.5184488027647864,20.868890593078532,9.142660485963074,4.174730815508253,21.147556987071912,3.2649031016110017,1.0,synthetic
30.0,dense,int8,30.0,128,256,16384,1,8.060927999999999,gpu,24.52036223479441,363.653630641956,8.0,consumer_mid,vllm,6.117364766624447,161.01935719103508,112.04068075525623,3.734689358508541,116.89655387148724,4.495274498753297,1.0,synthetic
1.5,dense,Q4_K_M,0.9450000000000001,128,256,512,1,0.012595199999999999,cpu,0.39977556090207766,46.07374098352474,16.0,cpu_older,vllm,18.76052648910441,31.97533677897322,2.127850718382958,2.251693881886728,25.676954420141286,12.300363923292974,1.0,synthetic
13.0,dense,Q6_K,10.66,128,256,16384,1,3.4930687999999996,gpu,7.791146205134955,185.20742778038098,6.0,consumer_low,vllm,11.123737686958918,138.94071459245353,49.19203086904588,4.614637042124379,101.44759407442434,14.480788682323706,1.0,synthetic
0.5,dense,fp16,1.0,128,256,4096,1,0.0335872,apple,2.986493056119749,64.03375977028765,16.0,apple_base,vllm,0.8371022309518331,24.83274696895111,3.6929031940094905,3.6929031940094905,13.739759886152767,0.9308306802299608,1.0,synthetic
3.0,dense,Q5_K_M,2.19,128,256,16384,1,0.8060927999999999,apple,13.265397907468568,459.6388603375061,64.0,apple_max,llama.cpp,0.9046091254634635,8.69115025885036,9.046078703437859,4.130629544948794,5.445718075189377,0.6870053919920326,1.0,synthetic
30.0,moe,Q5_K_M,21.9,128,256,8192,1,4.030463999999999,cpu,0.14387547329228995,42.23931999393128,8.0,cpu_low,vllm,1390.0909962165013,1116.1708613820465,50.85967632023194,2.3223596493256595,1730.1405610196796,1245.8567251896177,1.0,synthetic
30.0,dense,fp16,60.0,128,256,8192,1,4.030463999999999,cpu,0.16557536334998002,41.11547120768382,8.0,cpu_low,ollama,1207.9091717120737,2831.513832505673,176.9326227706124,2.9488770461768734,2520.809167452264,1078.4603704078104,1.0,synthetic
3.0,dense,Q4_0,1.77,128,256,4096,1,0.20152319999999999,cpu,0.17142317637143567,35.59869973901252,8.0,cpu_low,ollama,116.67033841832723,100.69434172156845,5.649278181996695,3.1916825886986975,89.35611214275251,115.11946069205923,1.0,synthetic
2.0,dense,Q4_K_M,1.26,128,256,8192,1,0.2686976,apple,15.320940069448962,454.37495350095577,64.0,apple_max,mlx,0.5221611705114991,4.485862283917415,4.588142488910444,3.641382927706702,6.265298215207549,0.5332566556455149,1.0,synthetic
1.0,dense,fp16,2.0,128,256,16384,1,0.2686976,gpu,38.80059768137949,472.25124127846607,12.0,consumer_high,transformers,0.11987348310693108,7.064714093642196,9.1547821585074,4.5773910792537,8.192302010058164,0.12349874865298015,1.0,synthetic
3.0,dense,int8,3.0,128,256,16384,1,0.8060927999999999,cpu,0.13777600263804812,35.17566524182076,8.0,cpu_low,ollama,145.16316061616385,196.73170868834788,9.534616028018048,3.178205342672683,218.0203629422178,170.04180478896234,1.0,synthetic
70.0,dense,Q4_K_M,44.1,128,256,8192,1,9.404416,cpu,1.00131421128963,75.97820340008032,16.0,cpu_modern,transformers,279.6325038065499,938.9432513648766,92.23469328091942,2.0914896435582633,947.0226359993804,168.88451141720694,1.0,synthetic
7.0,dense,fp32,28.0,128,256,512,1,0.0587776,gpu,8.00588800844314,223.19537577013676,6.0,consumer_low,transformers,5.829043151421957,228.57086127656743,99.44063043184569,3.551451086851632,203.26219297095568,9.22895294590832,1.0,synthetic
3.8,dense,Q4_K_M,2.3939999999999997,128,256,8192,1,0.5105254399999999,cpu,0.14414994986819898,41.17378406969094,8.0,cpu_low,vllm,175.74292156533127,128.2601408827514,9.977797407761015,4.167835174503349,152.27719157298063,219.49827824451827,1.0,synthetic
70.0,dense,int8,70.0,128,256,8192,1,9.404416,gpu,637.9459111254871,2378.4774844303593,80.0,datacenter,llama.cpp,0.4389086835058068,44.512742020773395,298.53744203324914,4.264820600474987,26.765267750687723,0.39366903007818194,1.0,synthetic
1.5,dense,bf16,3.0,128,256,512,1,0.012595199999999999,gpu,23.72015143187466,312.0143691124604,8.0,consumer_mid,mlx,0.3161868515696595,14.854321803632455,8.032932716402183,2.6776442388007275,15.900491724020657,0.3108008079356015,1.0,synthetic
1.0,dense,Q4_0,0.59,128,256,8192,1,0.1343488,gpu,25.841189942074216,342.96217023316916,8.0,consumer_mid,llama.cpp,0.19348954174355104,3.2492877231128303,2.422830861707513,4.1064929859449375,3.2313959659049942,0.1530511415733907,1.0,synthetic
0.5,dense,Q8_0,0.53,128,256,2048,1,0.0167936,apple,27.10708180420533,889.3054552991794,128.0,apple_ultra,vllm,0.06707405213569503,0.7685683202854752,2.54913932253623,4.809696834974019,0.681035749587402,0.062288694309501555,1.0,synthetic
0.5,dense,Q4_0,0.295,128,256,2048,1,0.0167936,gpu,8.671130143726192,204.584333087218,6.0,consumer_low,vllm,0.38441740327759855,2.7709719800673884,1.223805616287186,4.148493614532834,2.3622039238963657,0.5285064123736888,1.0,synthetic
13.0,dense,fp16,26.0,128,256,8192,1,1.7465343999999998,apple,7.125005239562787,140.60821862424774,32.0,apple_pro,transformers,8.109155830083742,281.9031965097293,69.36664034768926,2.6679477056803558,304.9582508979453,7.281276987186025,1.0,synthetic
0.5,moe,fp32,2.0,128,256,8192,1,0.0671744,apple,3.1956631998646894,77.0432873038113,16.0,apple_base,llama.cpp,0.7823102259668212,41.27897989543576,6.7662014085868725,3.3831007042934362,77.2639296408154,1.3183821137255414,1.0,synthetic
2.0,dense,int8,2.0,128,256,512,1,0.0167936,gpu,42.64951693581418,496.34825463873756,12.0,consumer_high,ollama,0.21811092480590055,5.975387066355564,9.626587355909345,4.813293677954673,6.216284315639533,0.2203102550600076,1.0,synthetic
3.8,moe,int8,3.8,128,256,512,1,0.03190783999999999,cpu,0.44345835499517466,50.25326223201559,16.0,cpu_older,llama.cpp,42.84506038950769,117.31064947687041,17.80376064147284,4.685200168808643,197.7022352503029,37.70121481511765,1.0,synthetic
70.0,dense,bf16,140.0,128,256,2048,1,2.351104,cpu,0.9678852294974059,87.43900750107959,16.0,cpu_modern,ollama,289.29049795025355,2170.672762927422,578.1179795743963,4.129414139817116,3383.4972394778783,185.61461483325022,1.0,synthetic
3.8,dense,Q6_K,3.1159999999999997,128,256,16384,1,1.0210508799999998,cpu,1.1351776039227814,70.91595895416421,16.0,cpu_modern,llama.cpp,13.389975231606098,77.78316645996782,8.742472150521753,2.8056714218619234,80.58464086784068,22.12181802448089,1.0,synthetic
7.0,dense,Q5_K_M,5.109999999999999,128,256,512,1,0.0587776,gpu,758.0874363572419,2539.166710130385,80.0,datacenter,llama.cpp,0.036935053474234404,2.7141595072002107,17.597929681517183,3.443821855482815,1.9756388612584215,0.05222541160486662,1.0,synthetic
3.8,dense,bf16,7.6,128,256,512,1,0.03190783999999999,gpu,46.5842823883389,485.7366221404766,12.0,consumer_high,vllm,0.3794073386665599,23.105924838228688,24.571876013078125,3.2331415806681743,35.69481300089214,0.38923980569212013,1.0,synthetic
7.0,dense,int8,7.0,128,256,8192,1,0.9404416,cpu,0.382615811683086,43.74671802930619,16.0,cpu_older,llama.cpp,91.47557139899354,279.24526799510727,25.412867269608626,3.6304096099440892,368.2522253885615,46.232621778943845,1.0,synthetic
70.0,dense,Q3_K_M,34.3,128,256,4096,1,4.702208,gpu,24.978653619121534,311.652507416331,8.0,consumer_mid,ollama,14.01196418897733,192.53301512161255,81.57937240983424,2.3784073588872956,139.64012901731627,13.948055887362676,1.0,synthetic
7.0,moe,Q8_0,7.42,128,256,16384,1,1.8808832,gpu,10.168143436821152,206.29700078886225,6.0,consumer_low,vllm,4.589497282038339,81.97257673455094,35.073914654024875,4.726942675744592,63.219131513893906,7.614352171439849,1.0,synthetic
13.0,moe,Q3_K_M,6.37,128,256,2048,1,0.43663359999999996,cpu,1.0413791468738995,83.00167379382346,16.0,cpu_modern,transformers,49.93378267281232,109.3413066489512,28.4190152549254,4.461383870474945,120.95918069496672,48.23452156326812,1.0,synthetic
3.8,dense,Q5_K_M,2.774,128,256,2048,1,0.12763135999999997,apple,3.318553616713089,61.312763055485384,16.0,apple_base,transformers,5.725385874228794,72.80781396385736,7.802506555860462,2.8127276697406134,57.659023974608814,4.245376298134192,1.0,synthetic
3.8,dense,Q4_K_M,2.3939999999999997,128,256,512,1,0.03190783999999999,apple,29.87880611304473,687.6523508500621,128.0,apple_ultra,transformers,0.46247436279420023,4.409764318047378,6.223487703932303,2.5996189239483307,4.207192356499538,0.4160417658589636,1.0,synthetic
8.0,dense,Q5_K_M,5.84,128,256,16384,1,2.1495808,apple,2.7586736524945636,74.0780410607673,16.0,apple_base,llama.cpp,14.499721619420086,165.9285611932926,19.201734855137502,3.287968297112586,161.11906221980166,14.565238653212903,1.0,synthetic
0.5,dense,int8,0.5,128,256,512,1,0.0041984,apple,14.585482170826614,353.6734323333452,64.0,apple_max,mlx,0.13712265227681894,1.9008058617750763,2.0813398285781464,4.162679657156293,2.5596282143624665,0.1871881252349205,1.0,synthetic
3.0,dense,int8,3.0,128,256,8192,1,0.40304639999999997,cpu,1.0685412836675776,65.28121713252011,16.0,cpu_modern,llama.cpp,11.230263335088129,69.50537075295549,14.510667099740974,4.836889033246991,83.19574404344702,19.385856502446,1.0,synthetic
1.5,dense,Q6_K,1.23,128,256,8192,1,0.20152319999999999,cpu,0.3931524546081323,46.340463145191464,16.0,cpu_older,transformers,19.076569183513023,47.52527780559982,2.740752641764722,2.228254180296522,57.39060757061171,18.841986905736814,1.0,synthetic
2.0,moe,fp32,8.0,128,256,2048,1,0.0671744,gpu,65.02183416609428,739.260012690942,24.0,consumer_flagship,mlx,0.13670621573336073,15.589284770311055,37.814025858914896,4.726753232364362,17.171145056005845,0.20553647094843078,1.0,synthetic
3.8,dense,bf16,7.6,128,256,4096,1,0.25526271999999994,gpu,169.8896151097742,782.3661902622675,40.0,datacenter_low,transformers,0.12781408504725272,16.733985563645778,22.710699788137298,2.9882499721233287,15.428524116129106,0.12528714751584172,1.0,synthetic
0.5,dense,Q4_0,0.295,128,256,8192,1,0.0671744,apple,27.298632565561874,898.5907833223877,128.0,apple_ultra,transformers,0.06660340270946444,0.5038088620563764,1.0609244056260225,3.596353917376348,0.5273927708097421,0.05185618764933002,1.0,synthetic
3.8,dense,Q6_K,3.1159999999999997,128,256,2048,1,0.12763135999999997,gpu,8.369219631861064,223.9671850732301,6.0,consumer_low,llama.cpp,3.026964812452885,26.332034140215967,14.554548303897185,4.670907671340561,25.291728675661403,3.742759264601996,1.0,synthetic
2.0,dense,int8,2.0,128,256,16384,1,0.5373952,apple,7.721477346231134,160.6567574323365,32.0,apple_pro,vllm,1.1511901790694978,22.562700403317663,9.56760520742213,4.783802603711065,17.333169959469497,1.1282042996172466,1.0,synthetic
8.0,dense,fp32,32.0,128,256,512,1,0.0671744,cpu,0.14793434670198913,41.101290704514085,8.0,cpu_low,vllm,360.5202883734113,1418.5431273607676,73.65091443441625,2.301591076075508,1390.098237515812,358.1090593290602,1.0,synthetic
0.5,dense,bf16,1.0,128,256,2048,1,0.0167936,gpu,8.989792594622795,211.39786142758172,6.0,consumer_low,llama.cpp,0.37079090515693897,8.745195546819419,4.095906768295868,4.095906768295868,11.952399751625455,0.27007216054793703,1.0,synthetic
13.0,dense,int8,13.0,128,256,2048,1,0.43663359999999996,apple,3.183542316595048,67.84744582201837,16.0,apple_base,mlx,20.417507774647905,304.67976722701394,43.56034254636889,3.3507955804899145,302.97310443963664,26.44998547629243,1.0,synthetic
8.0,dense,Q8_0,8.48,128,256,2048,1,0.2686976,apple,13.64721368554782,376.9186104827604,64.0,apple_max,llama.cpp,2.3448009782309986,30.94814055053635,23.282749325505247,2.7456072317812787,31.908539481765516,2.067854288277449,1.0,synthetic
30.0,dense,int8,30.0,128,256,4096,1,2.0152319999999997,cpu,0.1411869864518459,41.51978328957297,8.0,cpu_low,transformers,1416.5611507560097,1401.9705334514865,75.21519742203351,2.5071732474011172,1052.3685564600592,1124.737552986667,1.0,synthetic
2.0,moe,Q8_0,2.12,128,256,8192,1,0.2686976,apple,8.659660165236694,133.3367816095512,32.0,apple_pro,ollama,1.0264708682879278,25.592526695669875,8.611799844681144,4.062169738057143,28.68466774341854,0.4117782163719652,1.0,synthetic
7.0,dense,Q5_K_M,5.109999999999999,128,256,2048,1,0.2351104,gpu,46.799327011495436,546.6081009417761,12.0,consumer_high,vllm,0.6956967463845448,14.380424397379208,14.51445604082657,2.8404023563261394,14.230646612299743,0.6764206587056352,1.0,synthetic
30.0,dense,Q5_K_M,21.9,128,256,2048,1,1.0076159999999998,gpu,625.6635501743427,2341.8836903923325,80.0,datacenter,vllm,0.19179637357260415,13.042273672815531,87.40538426545501,3.9911134367787677,13.793226263673677,0.10696232493257966,1.0,synthetic
7.0,dense,fp16,14.0,128,256,4096,1,0.4702208,gpu,62.68146001543037,746.0887485758101,24.0,consumer_flagship,mlx,0.49633673343684803,27.706816433647834,50.729898345995025,3.623564167571073,20.262615058492194,0.37015473878660915,1.0,synthetic
1.5,dense,Q8_0,1.59,128,256,8192,1,0.20152319999999999,gpu,599.980435664216,2184.8418427255,80.0,datacenter,vllm,0.010000326082895725,1.0933045830997994,6.621611189853132,4.164535339530271,1.2815075216824654,0.009653470713259883,1.0,synthetic
7.0,dense,Q4_0,4.13,128,256,16384,1,1.8808832,gpu,21.910949271254182,386.36339134199176,8.0,consumer_mid,vllm,1.5973748816952373,23.934753712727215,18.423429781947707,4.460878881827532,28.52841590477383,2.483059014814032,1.0,synthetic
8.0,dense,int8,8.0,128,256,2048,1,0.2686976,cpu,0.14568494314843305,35.19169210583638,8.0,cpu_low,llama.cpp,366.0867909938637,427.20297708760404,28.919832928237888,3.614979116029736,891.6033334892561,454.96375537752544,1.0,synthetic
3.8,moe,Q4_K_M,2.3939999999999997,128,256,8192,1,0.5105254399999999,gpu,713.6654962108221,2836.5286886793856,80.0,datacenter,vllm,0.021298493594973808,1.365295758200033,8.343491801691227,3.4851678369637544,1.2757315934047815,0.01853112880473127,1.0,synthetic
3.8,dense,Q5_K_M,2.774,128,256,8192,1,0.5105254399999999,apple,16.55940521905532,400.61988538272783,64.0,apple_max,transformers,0.917907364360465,10.931477475586496,7.648587751590934,2.7572414389296807,9.40965670052481,1.0386555079587663,1.0,synthetic
1.0,dense,Q5_K_M,0.73,128,256,512,1,0.0083968,apple,3.208598485533905,61.160573781309566,16.0,apple_base,ollama,1.558312771929146,18.573976774400908,2.226197110347228,3.0495850826674356,13.438694086653992,1.2190872640211596,1.0,synthetic
1.5,dense,int8,1.5,128,256,8192,1,0.20152319999999999,apple,3.1874916441701733,65.30408249531314,16.0,apple_base,transformers,2.3529473445733653,40.085212133374256,6.622579619555824,4.415053079703883,31.885081451285807,2.443927795302891,1.0,synthetic
3.8,dense,Q4_0,2.242,128,256,8192,1,0.5105254399999999,apple,25.94609786774981,835.6481981680022,128.0,apple_ultra,transformers,0.5325726391927853,4.117350827229661,10.434323948796234,4.65402495486005,3.307231774515268,0.6531599680420526,1.0,synthetic
7.0,dense,Q5_K_M,5.109999999999999,128,256,2048,1,0.2351104,apple,8.278938203856686,146.79263137881665,32.0,apple_pro,llama.cpp,3.757862463162029,52.018087885451706,15.397106176522358,3.0131323241726733,43.02034948604876,4.585706604361403,1.0,synthetic
70.0,dense,fp32,280.0,128,256,2048,1,2.351104,gpu,49.18060248418898,529.3516494823009,12.0,consumer_high,transformers,6.620118073045322,784.3976913471183,1161.8400606194205,4.149428787926501,721.0435948266348,10.453392798042453,1.0,synthetic
1.5,dense,Q8_0,1.59,128,256,2048,1,0.050380799999999996,apple,7.727584934873392,137.00683126221884,32.0,apple_pro,mlx,0.8627102416669707,17.104264957212845,4.661566633555722,2.9318029141859885,18.02106282510697,0.877908782423021,1.0,synthetic
1.5,dense,fp32,6.0,128,256,512,1,0.012595199999999999,apple,7.906327021310094,157.8300616981434,32.0,apple_pro,ollama,0.8432065418870046,54.42196259615829,25.71136871645129,4.285228119408548,73.55601549135899,0.8808670202719655,1.0,synthetic
7.0,moe,Q3_K_M,3.4299999999999997,128,256,512,1,0.0587776,gpu,56.386795475315964,804.6684591239924,24.0,consumer_flagship,mlx,0.5517446212159796,6.193815531710824,13.560824457461113,3.953593136286039,7.146785147524881,0.621539395967155,1.0,synthetic
1.5,dense,Q5_K_M,1.095,128,256,4096,1,0.10076159999999999,gpu,71.94755999691186,618.6004247350289,24.0,consumer_flagship,transformers,0.09266008002151588,2.7614446884263946,2.852437369011741,2.604965633800677,3.4117207293578717,0.08362092389960053,1.0,synthetic
70.0,dense,Q5_K_M,51.1,128,256,16384,1,18.808832,gpu,611.4308407018048,2716.0892049589143,80.0,datacenter,transformers,0.4579422256139615,34.3183779935571,233.1712391605903,4.563037948348146,31.71089370858588,0.503228648375299,1.0,synthetic
1.0,dense,fp16,2.0,128,256,16384,1,0.2686976,apple,28.51281914433707,804.8198439719802,128.0,apple_ultra,transformers,0.12753434228848795,3.523610931366065,5.163963737340383,2.5819818686701916,3.2730735223229384,0.18316033294205997,1.0,synthetic
2.0,moe,Q5_K_M,1.46,128,256,4096,1,0.1343488,gpu,23.386395074579603,350.54222192079806,8.0,consumer_mid,ollama,0.42759903645302466,6.9972863589781955,6.386124929597225,4.374058170957003,9.901522576458598,0.44625891010552565,1.0,synthetic
0.5,dense,fp16,1.0,128,256,512,1,0.0041984,gpu,153.66149507420587,975.8120805086786,40.0,datacenter_low,vllm,0.01859374631076635,1.715149907887531,3.2283438128819273,3.2283438128819273,2.1034018334932454,0.013534673780520274,1.0,synthetic
3.0,dense,Q5_K_M,2.19,128,256,2048,1,0.10076159999999999,apple,8.90315352779722,140.90909075980213,32.0,apple_pro,llama.cpp,1.497596698934182,23.22431117667917,7.894114005335022,3.604618267276266,14.533375727195892,2.133701321784184,1.0,synthetic
1.5,dense,int8,1.5,128,256,8192,1,0.20152319999999999,apple,16.694691534757585,449.4982065076442,64.0,apple_max,llama.cpp,0.3593956790101976,5.047178313850332,5.47114806858653,3.647432045724353,4.71076572811984,0.21545637960299668,1.0,synthetic
8.0,dense,Q3_K_M,3.92,128,256,2048,1,0.2686976,cpu,1.134733737066474,88.28814303354741,16.0,cpu_modern,llama.cpp,28.200448223850948,63.25798619652915,12.285645291862375,3.1340931866995856,76.91710092342694,21.45274655361009,1.0,synthetic
1.5,dense,int8,1.5,128,256,4096,1,0.10076159999999999,apple,12.786486885987959,341.11030269230827,64.0,apple_max,vllm,0.4692453880021639,6.257063428322324,3.101563634580492,2.067709089720328,5.000532218950353,0.18900390896991165,1.0,synthetic
1.0,dense,bf16,2.0,128,256,512,1,0.0083968,apple,3.1682346750968717,63.79766912733704,16.0,apple_base,transformers,1.578165922903776,48.431882747974036,5.002805889215843,2.5014029446079213,30.92677932837057,1.8555714693365,1.0,synthetic
3.0,dense,fp16,6.0,128,256,4096,1,0.20152319999999999,cpu,0.9721521215796626,70.63157832477313,16.0,cpu_modern,ollama,12.343747170454193,117.06799983966745,21.151307579603287,3.525217929933881,82.38756286065693,12.959959791508503,1.0,synthetic
8.0,dense,fp16,16.0,128,256,512,1,0.0671744,gpu,134.58203316909902,946.1631715611619,40.0,datacenter_low,ollama,0.3396759926850476,28.302331780485048,54.45451577779228,3.4034072361120176,25.28460448338548,0.37099070817540925,1.0,synthetic
70.0,dense,Q3_K_M,34.3,128,256,512,1,0.587776,cpu,0.34850460407858486,46.32546301481703,16.0,cpu_older,ollama,1004.2908928717567,1158.61770278031,121.84673786564356,3.5523830281528737,1218.363449886595,600.3131447504629,1.0,synthetic
0.5,moe,Q5_K_M,0.365,128,256,16384,1,0.1343488,apple,30.437270204169778,811.7799734164935,128.0,apple_ultra,mlx,0.059735377252482215,0.7689103210726213,1.7692421654851844,4.84723880954845,0.49265933290865577,0.0937606001359367,1.0,synthetic
3.0,dense,Q4_K_M,1.8900000000000001,128,256,8192,1,0.40304639999999997,apple,29.245205866460836,748.4972696726819,128.0,apple_ultra,transformers,0.37302151193272115,3.8294167742969023,8.478542703835478,4.486001430600782,3.6159154697044182,0.5296124330272649,1.0,synthetic
3.8,moe,Q6_K,3.1159999999999997,128,256,4096,1,0.25526271999999994,gpu,49.35898892196227,453.3305280144281,12.0,consumer_high,llama.cpp,0.35807902452367557,10.936257295162475,9.012961479091462,2.8924780099780047,8.383328250229942,0.4865020572320315,1.0,synthetic
7.0,moe,Q5_K_M,5.109999999999999,128,256,16384,1,1.8808832,apple,7.511235384513394,160.15057114019766,32.0,apple_pro,ollama,4.141943304726644,62.35991497811948,11.821715120069104,2.313447185923504,50.786610841658415,4.866720069026887,1.0,synthetic
1.0,dense,fp32,4.0,128,256,8192,1,0.1343488,gpu,41.45646762801981,481.9850783484056,12.0,consumer_high,vllm,0.11219390017575985,12.61434218402804,19.646879991528326,4.911719997882082,10.841858560229225,0.11112057963960778,1.0,synthetic
0.5,dense,Q3_K_M,0.245,128,256,512,1,0.0041984,cpu,0.1597228374038801,36.363195632536346,8.0,cpu_low,mlx,20.869484837065365,12.460071017372158,0.9502899447308292,3.8787344682890987,10.888200583185716,11.80049080915457,1.0,synthetic
2.0,dense,Q6_K,1.64,128,256,8192,1,0.2686976,apple,13.408678799650355,362.6715776517943,64.0,apple_max,mlx,0.5966285060246658,7.017175566420466,5.150559390037873,3.1405849939255326,6.315592617086383,0.7188830397236748,1.0,synthetic
13.0,moe,Q5_K_M,9.49,128,256,2048,1,0.43663359999999996,gpu,166.70723329275526,944.0499139379522,40.0,datacenter_low,ollama,0.4456058253648829,17.524909529752595,19.54038114190885,2.059049646144241,24.187676576086172,0.3193406987454347,1.0,synthetic
0.5,dense,Q6_K,0.41,128,256,512,1,0.0041984,gpu,48.18117591015343,498.0524060774359,12.0,consumer_high,transformers,0.0482674270898971,1.2229943810831492,1.3919934494187274,3.395105974192018,0.6976105996372127,0.05118148840962376,1.0,synthetic
30.0,dense,Q4_K_M,18.9,128,256,8192,1,4.030463999999999,gpu,9.512719208946073,223.03986661227117,6.0,consumer_low,mlx,21.024482653909658,186.92511505016716,43.8077001732075,2.317867734032143,170.82486846276666,25.341592101637264,1.0,synthetic
7.0,dense,Q4_K_M,4.41,128,256,512,1,0.0587776,gpu,39.76525447188644,468.6834977867414,12.0,consumer_high,vllm,0.8187584857001714,14.021683707106167,20.7170815613661,4.697750920944694,19.064331056499103,0.9402187498514853,1.0,synthetic
1.5,dense,Q4_0,0.885,128,256,16384,1,0.40304639999999997,gpu,9.334134137796928,170.33787876488321,6.0,consumer_low,mlx,1.071336650231623,13.748571735398121,1.885219509126079,2.1301915357356824,13.826170212995347,0.5409860925674884,1.0,synthetic
1.0,dense,Q8_0,1.06,128,256,16384,1,0.2686976,gpu,143.1815089108045,813.3785121488371,40.0,datacenter_low,vllm,0.0399093832559444,2.722589749942616,3.6951101172498304,3.4859529408017265,2.393015726585199,0.07548834960787076,1.0,synthetic
1.0,dense,Q4_K_M,0.63,128,256,16384,1,0.2686976,gpu,146.74613046150574,1023.125321831373,40.0,datacenter_low,llama.cpp,0.038939941355282816,1.463974452955822,2.651072826210485,4.208052105096008,1.4962550076357088,0.02487818395650009,1.0,synthetic
70.0,moe,fp16,140.0,128,256,512,1,0.587776,cpu,0.15255799859105532,43.342320603457544,8.0,cpu_low,vllm,3058.945915498054,5897.564657888371,317.17937239018596,2.2655669456441854,4991.348683727515,1561.2637730185272,1.0,synthetic
1.5,dense,Q6_K,1.23,128,256,8192,1,0.20152319999999999,cpu,0.4130798933262314,42.14086157404943,16.0,cpu_older,transformers,18.156294027307805,52.26147027738037,4.42422487187187,3.5969307901397323,54.39213345960778,12.59413668527299,1.0,synthetic
70.0,moe,Q4_K_M,44.1,128,256,512,1,0.587776,gpu,21.819037309180356,370.8126226169196,8.0,consumer_mid,llama.cpp,16.041037697512785,185.4047581503436,150.30623226298002,3.408304586462132,138.13544822663522,18.461958970102184,1.0,synthetic
8.0,moe,fp16,16.0,128,256,4096,1,0.5373952,apple,8.528774999548544,151.32460832435743,32.0,apple_pro,llama.cpp,4.168893605170454,156.12034650091738,61.29890559891457,3.831181599932161,104.05712845913563,3.130748092925175,1.0,synthetic
30.0,moe,fp16,60.0,128,256,4096,1,2.0152319999999997,apple,30.556780456312943,841.218761714596,128.0,apple_ultra,vllm,3.5701048167321314,92.15086910567531,280.34834367191297,4.672472394531883,90.48194155738769,2.8161302198303217,1.0,synthetic
7.0,dense,Q4_0,4.13,128,256,8192,1,0.9404416,apple,13.175080916104891,458.6650854565052,64.0,apple_max,llama.cpp,2.125224139289611,14.739706627704717,18.725946580069934,4.534127501227587,14.069974515355774,2.535991094926531,1.0,synthetic
3.0,dense,fp16,6.0,128,256,512,1,0.025190399999999998,cpu,0.9755150013139814,75.43730179666596,16.0,cpu_modern,ollama,12.301194736971198,106.49356496940685,12.608204717068475,2.101367452844746,145.9547935439295,14.80101239783538,1.0,synthetic
2.0,dense,fp16,4.0,128,256,16384,1,0.5373952,apple,3.0838403959744207,61.60935307958636,16.0,apple_base,transformers,3.2427099706761044,113.30435479467732,13.628724082653843,3.4071810206634607,82.16270367388105,2.1938020780321263,1.0,synthetic
7.0,dense,Q3_K_M,3.4299999999999997,128,256,512,1,0.0587776,gpu,42.76084156032834,441.10416776760013,12.0,consumer_high,transformers,0.7614008131469927,11.631164856326471,8.05029805133912,2.3470256709443498,13.546905338355554,0.752335202695413,1.0,synthetic
2.0,dense,Q5_K_M,1.46,128,256,8192,1,0.2686976,gpu,793.7155435306472,2675.02113604907,80.0,datacenter,transformers,0.010079177691813846,0.8616493164377945,6.541067099975716,4.480182945188846,1.219787153658862,0.014957874165858125,1.0,synthetic
70.0,dense,bf16,140.0,128,256,16384,1,18.808832,apple,23.81605090147655,801.1410376557301,128.0,apple_ultra,mlx,10.687979111166294,247.78538443227902,629.7672098297837,4.498337213069884,298.1357736425563,17.690784902684292,1.0,synthetic
7.0,dense,fp32,28.0,128,256,16384,1,1.8808832,cpu,0.8716815127034054,81.19375195006079,16.0,cpu_modern,vllm,32.1218238449978,490.69265359857746,84.58309850765859,3.0208249467020925,278.6708326557852,38.88945391146127,1.0,synthetic
2.0,dense,Q4_K_M,1.26,128,256,8192,1,0.2686976,gpu,25.906244745806443,391.0545143376478,8.0,consumer_mid,llama.cpp,0.3860073159240397,6.014103853325709,4.0401511233701966,3.206469145531902,8.352433196184059,0.3842198175101401,1.0,synthetic
70.0,dense,fp32,280.0,128,256,16384,1,18.808832,cpu,0.13210775082569293,33.34854608400351,8.0,cpu_low,transformers,3532.470000813208,16291.228531703453,843.2797107021074,3.0117132525075263,15729.785454827244,3017.563700105388,1.0,synthetic
1.0,dense,Q8_0,1.06,128,256,16384,1,0.2686976,apple,15.980716606301561,429.1385801901839,64.0,apple_max,vllm,0.25030166659877495,4.128262714610443,2.5795584120241024,2.433545671720851,4.520432790906572,0.1493576253888904,1.0,synthetic
8.0,moe,Q8_0,8.48,128,256,8192,1,1.0747904,gpu,8.01164129238,226.62733335247748,6.0,consumer_low,ollama,6.656979685805393,76.65600580843734,27.303085033115693,3.219703423716473,67.43028878459087,7.707931086415959,1.0,synthetic
1.5,moe,int8,1.5,128,256,2048,1,0.050380799999999996,gpu,43.05089698997713,543.650611109811,12.0,consumer_high,ollama,0.16205804463657975,4.1938180848385995,6.325464284203097,4.216976189468731,3.196877744798627,0.16351315091284804,1.0,synthetic
1.5,moe,Q4_K_M,0.9450000000000001,128,256,8192,1,0.20152319999999999,apple,26.164792623621842,743.1018194317153,128.0,apple_ultra,transformers,0.20846889684961745,1.9286105383189611,2.8627324890422217,3.029346549251028,1.9082351023115782,0.10276884944284223,1.0,synthetic
1.5,dense,fp32,6.0,128,256,16384,1,0.40304639999999997,apple,7.380573854220218,145.4325912961791,32.0,apple_pro,vllm,0.903272130100651,62.89655613870276,26.648924368671175,4.441487394778529,84.67310562514892,1.1034505519334914,1.0,synthetic
8.0,dense,Q6_K,6.56,128,256,8192,1,1.0747904,apple,7.984422038385439,136.74156831104935,32.0,apple_pro,vllm,4.453115752727092,79.7624567517126,17.966608047150448,2.7388122023095196,99.64541751965415,6.115648438266948,1.0,synthetic
3.0,dense,Q8_0,3.18,128,256,2048,1,0.10076159999999999,apple,16.815334901382567,352.52457496993947,64.0,apple_max,mlx,0.7136343147714146,12.408635058628212,13.250848545808172,4.166933504971123,13.701212671252938,0.7509169031282417,1.0,synthetic
3.8,dense,Q3_K_M,1.8619999999999999,128,256,512,1,0.03190783999999999,cpu,0.13607056486635205,37.73363871105959,8.0,cpu_low,transformers,186.17790966191419,91.2572685175663,7.866594468252048,4.224809059211626,87.36472649759456,151.95258575315734,1.0,synthetic
30.0,dense,bf16,60.0,128,256,8192,1,4.030463999999999,cpu,0.14488995079188677,36.444988901392904,8.0,cpu_low,vllm,1380.3579813983838,3194.3767569674296,128.56497465830023,2.142749577638337,4095.81904064533,1489.979279602266,1.0,synthetic
2.0,dense,int8,2.0,128,256,2048,1,0.0671744,cpu,0.14484616956148808,34.462933345711825,8.0,cpu_low,ollama,92.05168057739526,109.05917007666946,7.988846551481467,3.9944232757407336,92.91940663764454,101.24827277074391,1.0,synthetic
1.0,dense,bf16,2.0,128,256,8192,1,0.1343488,apple,2.807562783718116,61.85790300023938,16.0,apple_base,vllm,1.7809040741658468,53.08316931546857,6.901558288625974,3.450779144312987,48.327852672484276,1.7550058520568723,1.0,synthetic
0.5,dense,fp16,1.0,128,256,4096,1,0.0335872,cpu,0.1500471320007488,36.34555167046748,8.0,cpu_low,vllm,22.215241896904093,51.70507443617745,4.016788819797698,4.016788819797698,47.72089398911042,16.6838556022339,1.0,synthetic
1.0,dense,Q4_0,0.59,128,256,4096,1,0.0671744,cpu,0.43388749703733503,45.415133132239916,16.0,cpu_older,mlx,11.52372454643412,22.262128694362655,1.6885746898129395,2.8619909996829485,16.032931687690166,12.969500454081953,1.0,synthetic
70.0,dense,Q5_K_M,51.1,128,256,2048,1,2.351104,cpu,0.13478530245235612,35.51188243205312,8.0,cpu_low,ollama,3462.2963941608086,2736.656544200176,188.46018626271885,3.688066267372189,2812.1034918668015,2182.1112108542475,1.0,synthetic
8.0,dense,Q8_0,8.48,128,256,16384,1,2.1495808,gpu,73.67647470601933,636.0698358913198,24.0,consumer_flagship,llama.cpp,0.4825903478339293,23.873346245530797,31.212542838640857,3.6807243913491576,31.443650856562133,0.5593448559081371,1.0,synthetic
70.0,dense,fp16,140.0,128,256,8192,1,9.404416,gpu,60.22257122377098,650.1355483042,24.0,consumer_flagship,vllm,5.166021722239414,328.2928930078029,608.7136563856081,4.347954688468629,392.2484904209885,3.862781748080856,1.0,synthetic
8.0,dense,Q6_K,6.56,128,256,512,1,0.0671744,apple,7.892764184148628,158.91334523153918,32.0,apple_pro,ollama,4.504829325442572,59.575814644175196,20.9555820325308,3.1944484805687194,45.27916312872477,4.0416845461951985,1.0,synthetic
8.0,dense,Q4_0,4.72,128,256,2048,1,0.2686976,cpu,1.0239903460609427,87.12314761389058,16.0,cpu_modern,ollama,31.250294617616955,76.34706713626007,14.097504059463857,2.9867593346321732,76.59905062498093,24.814131904763702,1.0,synthetic
8.0,dense,Q8_0,8.48,128,256,512,1,0.0671744,apple,3.0074805248490253,58.28909912648124,16.0,apple_base,mlx,13.3001692511402,225.59105002446583,31.05227770926198,3.6618252015639126,285.7312803002032,11.26844066569072,1.0,synthetic
70.0,dense,Q5_K_M,51.1,128,256,4096,1,4.702208,gpu,147.77621217672527,842.0917693631416,40.0,datacenter_low,mlx,2.706795593878403,110.44363973577008,230.2929898375671,4.506712129893681,88.75194908736603,1.7202150075517195,1.0,synthetic
1.0,dense,Q4_0,0.59,128,256,2048,1,0.0335872,gpu,51.30737829191162,490.79830720255615,12.0,consumer_high,vllm,0.09065290306269479,1.8684661021488214,1.935622417526257,3.2807159619089106,2.449817675957601,0.0820230047536054,1.0,synthetic
7.0,dense,Q4_0,4.13,128,256,16384,1,1.8808832,cpu,0.4062421806754781,41.36771247208305,16.0,cpu_older,mlx,86.15550443778103,223.54421027329678,18.28393807747783,4.427103650721024,236.16237544224413,142.27228799597316,1.0,synthetic
30.0,moe,Q4_0,17.7,128,256,512,1,0.25190399999999996,gpu,758.9538733060206,2286.2535762025213,80.0,datacenter,llama.cpp,0.15811237575911855,10.469473836650089,53.77829448554518,3.0383217223471854,13.0888517447826,0.1916889978867249,1.0,synthetic
1.5,dense,Q3_K_M,0.735,128,256,2048,1,0.050380799999999996,cpu,0.9017827338706823,65.34064486455371,16.0,cpu_modern,ollama,6.653487336408033,16.02638605986694,2.6935761835850265,3.6647295014762267,9.597825176203132,5.42190813021203,1.0,synthetic
3.8,dense,fp16,7.6,128,256,512,1,0.03190783999999999,apple,24.473132849969165,886.3197314399539,128.0,apple_ultra,llama.cpp,0.5646266010523956,10.763480109487222,26.160280487843316,3.442142169453068,8.727978442428132,0.4518808759179155,1.0,synthetic
1.5,moe,fp16,3.0,128,256,16384,1,0.40304639999999997,apple,7.997242456986258,137.17883529532918,32.0,apple_pro,transformers,0.8336206764423878,35.43910288111614,12.466141604908502,4.155380534969501,29.225221015239715,0.7105137633103598,1.0,synthetic
1.0,dense,fp16,2.0,128,256,16384,1,0.2686976,cpu,0.4324106837504898,44.49143471570031,16.0,cpu_older,transformers,11.563081551623055,78.44889746314088,4.829653166066851,2.4148265830334257,100.58823525252667,15.157550913364068,1.0,synthetic
1.5,dense,Q5_K_M,1.095,128,256,512,1,0.012595199999999999,gpu,797.8973852152527,2740.773960322323,80.0,datacenter,llama.cpp,0.007519763958596443,0.5388235664010484,2.6027968632289293,2.3769834367387483,0.46833767567009676,0.006418063361306763,1.0,synthetic
3.0,dense,Q4_0,1.77,128,256,8192,1,0.40304639999999997,gpu,624.0594981338029,2686.121349271522,80.0,datacenter,llama.cpp,0.019228935759947545,1.0786538742137526,7.502613488999591,4.238764683050617,1.5666892378202626,0.01832703282657599,1.0,synthetic
3.8,dense,Q4_0,2.242,128,256,4096,1,0.25526271999999994,apple,15.470757210773499,422.3639927894415,64.0,apple_max,mlx,0.9824987744888821,7.883445756529233,9.111238062638435,4.063888520356127,5.941215157991012,1.2821758616483114,1.0,synthetic
1.0,dense,fp32,4.0,128,256,2048,1,0.0335872,gpu,9.78963300667601,188.40765698660607,6.0,consumer_low,ollama,0.6809925011612133,38.92514256791734,13.902282456717769,3.4755706141794422,32.175338939401506,0.6224370368363573,1.0,synthetic
2.0,dense,bf16,4.0,128,256,16384,1,0.5373952,gpu,27.013508467481,320.7729680348437,8.0,consumer_mid,mlx,0.37018516169560317,21.76183374417553,19.900076633980138,4.9750191584950345,17.351911008560148,0.29019039859687895,1.0,synthetic
3.0,dense,bf16,6.0,128,256,16384,1,0.8060927999999999,gpu,40.91495040536232,511.3280325449185,12.0,consumer_high,vllm,0.34103642394405237,19.574440208538235,23.4129910081977,3.90216516803295,18.400735805208384,0.37689191440893344,1.0,synthetic
3.0,dense,Q5_K_M,2.19,128,256,2048,1,0.10076159999999999,gpu,26.9566860472093,401.0329324606251,8.0,consumer_mid,vllm,0.5564482211845503,8.787928197718873,6.605923686421132,3.016403509781339,10.081845798963087,0.45648949057112254,1.0,synthetic
70.0,dense,Q5_K_M,51.1,128,256,2048,1,2.351104,gpu,22.567198491760017,341.74457882745475,8.0,consumer_mid,mlx,15.509235677959579,240.62552206227232,184.60229126112733,3.6125693006091453,230.49554503034557,23.876302909695017,1.0,synthetic
3.0,dense,int8,3.0,128,256,4096,1,0.20152319999999999,apple,9.18838258448029,145.45991848008416,32.0,apple_pro,mlx,1.4511077668722792,31.442369961555922,9.535070816958344,3.1783569389861146,21.361427992338687,2.1588654154053537,1.0,synthetic
30.0,dense,bf16,60.0,128,256,8192,1,4.030463999999999,gpu,741.0845582235357,2828.4152320711623,80.0,datacenter,llama.cpp,0.1619248420013685,30.18437711406442,136.0571805870535,2.2676196764508916,44.38974917048106,0.17419490438295773,1.0,synthetic
7.0,dense,Q5_K_M,5.109999999999999,128,256,512,1,0.0587776,apple,24.66038010319861,800.5115938206877,128.0,apple_ultra,mlx,1.032204100181077,8.071053623549691,14.275494567845218,2.793638858678125,7.404727982975157,1.0360402014153807,1.0,synthetic
1.0,dense,Q4_0,0.59,128,256,512,1,0.0083968,gpu,25.105231146069016,357.6806710380308,8.0,consumer_mid,mlx,0.1991616795284078,2.5738334108654604,1.9140823704780887,3.244207407589981,2.712575260102732,0.2395270011309793,1.0,synthetic
70.0,dense,fp16,140.0,128,256,4096,1,4.702208,gpu,50.80974089129641,542.7324475081691,12.0,consumer_high,transformers,6.407853880723264,392.0852082511233,563.8408870119479,4.027434907228199,359.54273328166533,5.888670155944526,1.0,synthetic
2.0,dense,Q8_0,2.12,128,256,512,1,0.0167936,cpu,0.15269474245096426,41.737040030892544,8.0,cpu_low,ollama,87.3201861394484,93.08468616489453,10.513390611559753,4.959146514886676,111.7165124038943,132.57624709294424,1.0,synthetic
7.0,dense,fp16,14.0,128,256,512,1,0.0587776,gpu,9.090692271298103,176.78634539010318,6.0,consumer_low,llama.cpp,5.1334557670604,144.5892993702487,60.646690222044576,4.331906444431755,126.57460204865724,6.340882951863731,1.0,synthetic
30.0,dense,Q4_K_M,18.9,128,256,512,1,0.25190399999999996,gpu,28.428303220000384,370.66352896625585,8.0,consumer_mid,mlx,5.276431689896614,79.49114328696214,58.462039401939364,3.09322959798621,62.59159302348357,10.575511468158803,1.0,synthetic
3.0,dense,Q4_0,1.77,128,256,4096,1,0.20152319999999999,apple,2.8677042758746527,70.78200319647564,16.0,apple_base,mlx,5.230664865339013,42.85146616951975,4.593557637337818,2.595230303580688,52.41289343642203,7.350281012928271,1.0,synthetic
1.5,dense,Q6_K,1.23,128,256,8192,1,0.20152319999999999,cpu,0.3992784616172189,48.93714097447135,16.0,cpu_older,llama.cpp,18.783883231823598,45.00351554587677,5.305492017750334,4.313408144512467,86.18070691947236,11.198509443047618,1.0,synthetic
70.0,moe,Q4_0,41.3,128,256,16384,1,18.808832,apple,15.72569387819291,389.1213905058871,64.0,apple_max,mlx,17.805255664316395,205.96428592408824,183.08480495408338,4.433046124796208,252.88466222183155,13.545314377909309,1.0,synthetic
8.0,dense,Q3_K_M,3.92,128,256,2048,1,0.2686976,gpu,72.00023462512628,803.2347894894749,24.0,consumer_flagship,transformers,0.49382555127323935,7.449694401420252,9.19710233338254,2.3461995748424846,9.661872638023764,0.3637698300592611,1.0,synthetic
1.5,dense,bf16,3.0,128,256,2048,1,0.050380799999999996,gpu,680.4299511849383,2760.9787699844424,80.0,datacenter,vllm,0.008817953985639915,1.473091515304523,10.533960993521706,3.511320331173902,1.9925805091502462,0.0052079353846870985,1.0,synthetic
0.5,dense,Q6_K,0.41,128,256,2048,1,0.0167936,gpu,26.094636483340338,399.65391088570794,8.0,consumer_mid,mlx,0.09580512844453996,1.6429353512552338,1.8815253984778504,4.589086337750855,1.6871322939724411,0.07912062672747451,1.0,synthetic
1.5,dense,Q4_K_M,0.9450000000000001,128,256,4096,1,0.10076159999999999,gpu,149.16222202867922,786.2023402042247,40.0,datacenter_low,vllm,0.05746380319931514,2.216905128452369,2.3292599614330483,2.4648253560138076,1.375399703711648,0.07064528145009236,1.0,synthetic
7.0,dense,Q4_0,4.13,128,256,2048,1,0.2351104,gpu,27.617758849626046,352.26794886406776,8.0,consumer_mid,transformers,1.2673005145192622,19.063768029971534,19.54478611789547,4.732393733146603,13.635373537594129,1.1513569182688994,1.0,synthetic
3.0,dense,Q5_K_M,2.19,128,256,4096,1,0.20152319999999999,cpu,0.902375195402908,71.87082359022993,16.0,cpu_modern,ollama,13.298237873927857,44.367066365905245,5.7588109297238255,2.6295940318373634,28.84271439239381,13.796290827459307,1.0,synthetic
2.0,dense,fp16,4.0,128,256,2048,1,0.0671744,cpu,1.0297297975308257,67.32893620427575,16.0,cpu_modern,mlx,7.769028359850404,80.54336672640935,16.64797345409435,4.161993363523587,77.37439052622597,6.57687215257266,1.0,synthetic
3.0,moe,Q4_0,1.77,128,256,8192,1,0.40304639999999997,apple,15.246630412232765,390.7451762160135,64.0,apple_max,ollama,0.7870591517960644,7.415050463472001,8.510937041144519,4.8084390062963385,4.527898982636042,1.0510627127751977,1.0,synthetic
70.0,dense,Q4_0,41.3,128,256,2048,1,2.351104,gpu,56.3206453727601,736.4122105962654,24.0,consumer_flagship,vllm,5.523926600130587,84.67909562432267,105.40268421437725,2.55212310446434,87.20537106156934,5.780621291757879,1.0,synthetic
70.0,dense,Q4_0,41.3,128,256,512,1,0.587776,apple,7.510223237552692,159.7671572418197,32.0,apple_pro,vllm,41.42501511213279,374.54306024502966,95.01990577615457,2.3007241108027743,478.0905717639417,54.77025648331677,1.0,synthetic
0.5,dense,Q5_K_M,0.365,128,256,16384,1,0.1343488,gpu,9.587953471003823,210.78908751319818,6.0,consumer_low,transformers,0.34765848034349567,4.307181741721151,0.8929231708148224,2.4463648515474588,4.244294406819556,0.3253628763588803,1.0,synthetic
70.0,dense,Q4_0,41.3,128,256,16384,1,18.808832,apple,15.262730149066,450.08186818080986,64.0,apple_max,ollama,18.345341709204924,178.06784720582635,82.62984435276366,2.0007226235535995,233.6117070177544,16.558203781439243,1.0,synthetic
70.0,dense,Q4_0,41.3,128,256,2048,1,2.351104,cpu,0.13508315895566328,32.990479176815064,8.0,cpu_low,llama.cpp,3454.6620783412013,2405.713576059239,94.61236811391457,2.290856370796963,2824.5056189227353,3185.611819365769,1.0,synthetic
13.0,dense,Q6_K,10.66,128,256,512,1,0.10915839999999999,cpu,0.154788439953471,37.841233218655994,8.0,cpu_low,vllm,559.9039998899041,517.4326081515436,49.13959176581246,4.609717801670962,339.9013811785017,481.93702936507844,1.0,synthetic
3.8,dense,fp16,7.6,128,256,4096,1,0.25526271999999994,cpu,0.15472233659389897,39.71432530148008,8.0,cpu_low,llama.cpp,163.73416981043883,359.6257961359142,25.346425988938098,3.335056051176066,287.77478083041217,167.19411083601878,1.0,synthetic
1.0,dense,Q8_0,1.06,128,256,4096,1,0.0671744,apple,31.04599203663898,880.4550298030435,128.0,apple_ultra,vllm,0.1171282796205119,1.6002725321646283,2.1299268513133827,2.0093649540692287,1.5147492917736585,0.10640757653309402,1.0,synthetic
0.5,moe,Q3_K_M,0.245,128,256,8192,1,0.0671744,gpu,8.4694773371709,176.51644414078956,6.0,consumer_low,llama.cpp,0.39357013433449745,3.2155067531788046,1.1327613918529866,4.623515885114231,5.304692645858369,0.35887992398110025,1.0,synthetic
13.0,dense,fp32,52.0,128,256,8192,1,1.7465343999999998,apple,8.598121196218155,169.73635181003272,32.0,apple_pro,mlx,6.719814301197694,452.35309118993985,143.5461585125006,2.760503048317319,329.80212150424165,8.984205068680126,1.0,synthetic
3.8,dense,fp32,15.2,128,256,16384,1,1.0210508799999998,cpu,0.3797064505232553,41.892246781546916,16.0,cpu_older,vllm,50.03865479192415,595.7060031284908,53.766741942775525,3.537285654129969,292.14192674785346,58.91940675080086,1.0,synthetic
1.0,dense,fp32,4.0,128,256,4096,1,0.0671744,gpu,47.331633755255886,483.0695763456722,12.0,consumer_high,llama.cpp,0.09826753107125087,12.381526629715678,12.193689434391507,3.0484223585978767,10.428482571900249,0.0842861962935664,1.0,synthetic
1.0,dense,Q5_K_M,0.73,128,256,8192,1,0.1343488,cpu,0.42901677702954066,48.46551628650484,16.0,cpu_older,llama.cpp,11.654555876857273,27.437392325595766,2.747908878421788,3.7642587375640932,20.55375846763523,14.486562263548487,1.0,synthetic
1.5,dense,Q5_K_M,1.095,128,256,512,1,0.012595199999999999,gpu,714.844828931138,2488.199648582294,80.0,datacenter,vllm,0.008393429954541908,0.593518932792003,4.0475241625534455,3.6963690982223247,0.5250209678979312,0.020560012821813484,1.0,synthetic
70.0,dense,Q8_0,74.2,128,256,2048,1,2.351104,apple,28.74559823243114,706.3107666568255,128.0,apple_ultra,vllm,8.855110702071707,135.4770230290037,163.2313924461494,2.199883995231124,117.13026841472868,9.981246826112875,1.0,synthetic
3.8,dense,Q5_K_M,2.774,128,256,2048,1,0.12763135999999997,gpu,28.570597646661007,397.98413573139635,8.0,consumer_mid,mlx,0.6650193403364277,11.21664871879888,7.097930376530726,2.5587348148993243,10.970073996204373,0.540880775463411,1.0,synthetic
8.0,dense,Q4_K_M,5.04,128,256,2048,1,0.2686976,cpu,0.9956034691403254,84.4072836787105,16.0,cpu_modern,llama.cpp,32.14131026243919,83.85844394198853,15.431053688242674,3.061717001635451,86.88011091489818,37.066726532692336,1.0,synthetic
0.5,dense,Q6_K,0.41,128,256,2048,1,0.0167936,gpu,67.01484853006966,660.5202742827746,24.0,consumer_flagship,ollama,0.033160146907220245,0.9230680216730526,1.1808693009670632,2.880169026748935,0.5748489893532819,0.040054460532951405,1.0,synthetic
1.5,moe,Q5_K_M,1.095,128,256,8192,1,0.20152319999999999,cpu,0.34401015936460716,49.26358148884148,16.0,cpu_older,transformers,21.80168171153036,40.489363879783646,3.7375975161676216,3.4133310649932618,24.95768596433144,18.490173467009658,1.0,synthetic
70.0,dense,int8,70.0,128,256,8192,1,9.404416,cpu,0.1643432095704593,34.07555567279064,8.0,cpu_low,transformers,2839.585936567652,4236.8103059233845,185.5994848479111,2.6514212121130156,4099.300253587231,3374.309095276672,1.0,synthetic
13.0,dense,Q4_K_M,8.19,128,256,2048,1,0.43663359999999996,gpu,144.31383683100142,854.8862659824789,40.0,datacenter_low,transformers,0.5147511556546479,16.818287108803947,28.09065562369701,3.4298724815258868,18.53519839501369,0.36195561474003257,1.0,synthetic
7.0,dense,Q4_0,4.13,128,256,8192,1,0.9404416,apple,29.96217803782443,687.706299315694,128.0,apple_ultra,llama.cpp,0.8495559108690791,9.21621920041552,17.670038592243124,4.278459707564921,12.613166675321182,1.0439078689947952,1.0,synthetic
0.5,dense,bf16,1.0,128,256,2048,1,0.0167936,cpu,1.1158221901286574,82.07693743479155,16.0,cpu_modern,transformers,1.792400274607726,16.517731318582587,3.509628250254629,3.509628250254629,15.664735066273748,2.1090056051233996,1.0,synthetic
70.0,dense,int8,70.0,128,256,512,1,0.587776,apple,23.064045272591414,681.6698209527899,128.0,apple_ultra,transformers,11.036461797443154,129.43908808618187,194.64438726650823,2.7806341038072606,118.02879143878077,10.268841964988443,1.0,synthetic
0.5,dense,Q5_K_M,0.365,128,256,8192,1,0.0671744,apple,2.7093389650755575,58.381808506708424,16.0,apple_base,transformers,0.9227343024353839,11.388542241395161,1.728891436089562,4.7366888659988,9.586250516801712,1.0617230234090185,1.0,synthetic
7.0,dense,int8,7.0,128,256,16384,1,1.8808832,cpu,1.1178387818769657,80.34588241234769,16.0,cpu_modern,llama.cpp,25.048334745539183,147.37752881011644,21.240525501745267,3.0343607859636097,158.8255822621319,31.297575037085178,1.0,synthetic
2.0,moe,Q8_0,2.12,128,256,512,1,0.0167936,cpu,0.1677141892090716,35.99827501230173,8.0,cpu_low,transformers,79.50032967521949,107.92404001023992,10.10363780764429,4.76586689039825,86.04529239880215,82.95971617364563,1.0,synthetic
70.0,dense,Q5_K_M,51.1,128,256,2048,1,2.351104,gpu,8.030080235982275,183.49380834382444,6.0,consumer_low,vllm,58.11481989626493,529.6299985907193,197.14655520003464,3.858053917808897,776.6659595664858,64.29918105310958,1.0,synthetic
1.0,dense,Q4_0,0.59,128,256,16384,1,0.2686976,apple,24.830284693681264,680.2263302065977,128.0,apple_ultra,llama.cpp,0.1464487290912539,1.5779630283849737,2.7796680526764184,4.711301784197319,1.5105484643699836,0.22024175610017838,1.0,synthetic
70.0,dense,bf16,140.0,128,256,2048,1,2.351104,apple,2.918862905806515,68.50865531856672,16.0,apple_base,ollama,119.90970843602912,3196.7011678039194,605.5801231034404,4.325572307881718,1627.8966872700655,84.1952291718154,1.0,synthetic
3.0,dense,int8,3.0,128,256,2048,1,0.10076159999999999,cpu,0.4032122688723391,42.525681147340414,16.0,cpu_older,vllm,37.20124896484522,112.176979482357,7.3332052981474485,2.4444017660491495,78.18645409968333,42.512510456937996,1.0,synthetic
1.0,dense,fp32,4.0,128,256,8192,1,0.1343488,gpu,9.41534090233473,210.8725554692929,6.0,consumer_low,vllm,0.7080642895270555,35.64711302261634,18.728655262446637,4.682163815611659,35.856881206556,1.1631405263886774,1.0,synthetic
70.0,dense,int8,70.0,128,256,2048,1,2.351104,apple,16.963542390292023,436.8845127750987,64.0,apple_max,transformers,16.505986400590462,220.80924328010443,346.41843354024644,4.948834764860663,154.99892160065713,22.13333424328293,1.0,synthetic
13.0,dense,Q5_K_M,9.49,128,256,512,1,0.10915839999999999,cpu,0.37289634006303257,40.98586844687082,16.0,cpu_older,transformers,174.31117717329354,360.31775242589737,46.837737409205886,4.935483394015373,305.17662730278556,169.83466445804748,1.0,synthetic
3.0,dense,Q6_K,2.46,128,256,8192,1,0.40304639999999997,gpu,46.19385301162173,508.5428137496263,12.0,consumer_high,llama.cpp,0.3020637479316246,8.27926821322479,5.156628756157717,2.096190551283625,8.19433082366802,0.577307138520157,1.0,synthetic
1.5,dense,fp32,6.0,128,256,512,1,0.012595199999999999,cpu,0.4134773546608476,47.918347338911815,16.0,cpu_older,ollama,18.13884101621921,193.03976399926745,16.08602338809157,2.6810038980152613,280.29475324036963,15.693562124503352,1.0,synthetic
2.0,moe,Q8_0,2.12,128,256,8192,1,0.2686976,gpu,41.23723397939348,449.212548153136,12.0,consumer_high,transformers,0.22558073575070006,7.819885269629173,9.50552071526805,4.483736186447193,10.117153064440899,0.20127398129526639,1.0,synthetic
7.0,dense,bf16,14.0,128,256,4096,1,0.4702208,cpu,0.964847262389051,78.85329567698464,16.0,cpu_modern,vllm,29.020137270918312,244.6775060914121,35.061925607579376,2.504423257684241,193.2354034527001,36.95363874274458,1.0,synthetic
1.0,dense,fp16,2.0,128,256,512,1,0.0083968,gpu,28.54071994909233,362.3435178870099,8.0,consumer_mid,mlx,0.17518829268912722,8.527381002391053,5.567201027643478,2.783600513821739,6.66130760992282,0.2176248558244705,1.0,synthetic
3.8,dense,Q6_K,3.1159999999999997,128,256,4096,1,0.25526271999999994,cpu,0.15053559545713308,36.32200080585297,8.0,cpu_low,mlx,168.28799365627324,168.75635829044018,6.566175991466902,2.107245183397594,148.07854775348952,135.07180381666038,1.0,synthetic
2.0,dense,Q8_0,2.12,128,256,2048,1,0.0671744,gpu,47.75971888994606,498.8174985628792,12.0,consumer_high,mlx,0.19477345758317666,6.448115694503885,4.839177912575461,2.2826310908374814,6.843715420380901,0.1513515929340049,1.0,synthetic
1.5,dense,Q3_K_M,0.735,128,256,512,1,0.012595199999999999,cpu,1.0762846999105649,65.75257158114181,16.0,cpu_modern,ollama,5.574733154246806,15.159766014168879,3.0543615564595523,4.155593954366738,17.003853375322247,5.103217174317411,1.0,synthetic
2.0,dense,int8,2.0,128,256,8192,1,0.2686976,apple,6.97512399902165,164.45067470183307,32.0,apple_pro,ollama,1.2743700169539165,19.70801626265657,7.60443864670236,3.80221932335118,26.66450103892926,1.2651187653817009,1.0,synthetic
30.0,moe,Q6_K,24.599999999999998,128,256,4096,1,2.0152319999999997,gpu,738.1849367269003,2870.126170296781,80.0,datacenter,vllm,0.1625608895950627,12.364256445329206,83.171718586236,3.380964170172195,14.40301437015683,0.109456498324657,1.0,synthetic
13.0,dense,bf16,26.0,128,256,512,1,0.10915839999999999,gpu,7.756520272891267,170.8682384901719,6.0,consumer_low,llama.cpp,11.173395236207046,277.823412416343,96.2387208572446,3.701489263740177,301.48924173004093,8.697174266704577,1.0,synthetic
3.0,dense,Q4_0,1.77,128,256,4096,1,0.20152319999999999,gpu,711.2202078443827,2148.892571896195,80.0,datacenter,transformers,0.016872411480503998,1.223280137117521,5.651212826039533,3.1927756079319396,1.4940845949447252,0.016582228983395095,1.0,synthetic
1.0,dense,Q5_K_M,0.73,128,256,512,1,0.0083968,apple,15.562151114048053,433.57824107477717,64.0,apple_max,vllm,0.2570338747314422,2.2707068145905174,3.3389147604311167,4.573855836207009,2.3291932365499273,0.4028689873202299,1.0,synthetic
0.5,dense,bf16,1.0,128,256,16384,1,0.1343488,gpu,677.1893996063868,2791.5199110885987,80.0,datacenter,transformers,0.002953383501222096,0.5418070136841174,2.159361872597003,2.159361872597003,0.4434398013581788,0.0022228508958184604,1.0,synthetic
3.0,dense,fp32,12.0,128,256,16384,1,0.8060927999999999,cpu,0.16330118264440271,37.444476321400764,8.0,cpu_low,ollama,122.47308731101533,621.8221585222603,56.450397884252396,4.704199823687699,517.7138225918441,98.0837430470098,1.0,synthetic
2.0,moe,Q5_K_M,1.46,128,256,8192,1,0.2686976,apple,16.502624702074662,406.423706242862,64.0,apple_max,mlx,0.48477137088346095,5.671249235535495,4.635499457809183,3.1749996286364266,4.983028207940228,0.9782510446504927,1.0,synthetic
1.5,dense,Q4_K_M,0.9450000000000001,128,256,16384,1,0.40304639999999997,cpu,1.1246430643654994,68.17411668910776,16.0,cpu_modern,vllm,5.335026009683416,26.364774305717866,3.3022572919120057,3.494452160753445,16.76060979229352,4.011184370740532,1.0,synthetic
7.0,dense,Q3_K_M,3.4299999999999997,128,256,4096,1,0.4702208,gpu,64.17382155363092,703.966801646727,24.0,consumer_flagship,llama.cpp,0.4847944279757618,7.914782326334869,9.3544895948994,2.7272564416616327,7.997827440704702,0.3439609869258477,1.0,synthetic
30.0,moe,int8,30.0,128,256,16384,1,8.060927999999999,cpu,0.13579491070446859,33.38689020041692,8.0,cpu_low,ollama,1472.8092456665136,2072.720365907667,116.39793149805826,3.879931049935275,1868.4941916748703,2311.178385563185,1.0,synthetic
13.0,dense,Q4_K_M,8.19,128,256,16384,1,3.4930687999999996,apple,28.84350608076842,843.0359996752529,128.0,apple_ultra,mlx,1.6389383156247652,17.322909111385,25.617334979871107,3.1278797289219913,9.654487194473028,1.3626656711292253,1.0,synthetic
3.0,dense,Q8_0,3.18,128,256,16384,1,0.8060927999999999,gpu,9.378131751711152,199.68766129651237,6.0,consumer_low,ollama,2.1326209238157436,36.29388720109185,12.374024834383436,3.8912027781079983,34.503632339869945,2.018547374128158,1.0,synthetic
13.0,dense,int8,13.0,128,256,4096,1,0.8732671999999999,cpu,0.3761470897674735,38.500704703328836,16.0,cpu_older,ollama,172.80473986966555,554.3661645796994,62.24194541574656,4.787841955057427,519.4240138693855,193.12580385303002,1.0,synthetic
1.5,moe,Q8_0,1.59,128,256,512,1,0.012595199999999999,gpu,26.6307583815869,377.57861644070584,8.0,consumer_mid,llama.cpp,0.28162923085155794,6.5298482741547375,5.666447185740794,3.5638032614721973,5.579384912642851,0.22782536468946812,1.0,synthetic
13.0,dense,fp16,26.0,128,256,512,1,0.10915839999999999,gpu,8.114669602154628,188.32590156098192,6.0,consumer_low,transformers,10.680245889944146,252.06940042465382,68.00426100482254,2.6155485001854824,200.86035690822632,9.257664634334787,1.0,synthetic
3.8,dense,fp16,7.6,128,256,16384,1,1.0210508799999998,gpu,48.89544986711146,450.07937818209024,12.0,consumer_high,transformers,0.36147368830201726,28.16840009690648,37.452415122147855,4.92794935817735,28.730599407418666,0.33153800381023013,1.0,synthetic
30.0,dense,Q8_0,31.8,128,256,4096,1,2.0152319999999997,gpu,61.70866938515086,619.9176976712129,24.0,consumer_flagship,ollama,2.160690461515894,77.92562539702686,138.3994937956369,4.352185339485437,96.73421412254069,2.260011091030656,1.0,synthetic
3.8,dense,int8,3.8,128,256,4096,1,0.25526271999999994,cpu,0.4147019042095259,42.50326270420259,16.0,cpu_older,llama.cpp,45.816042335798755,146.78557188646232,15.339977836799635,4.0368362728420095,117.75596630753348,47.07430161693101,1.0,synthetic
13.0,moe,Q3_K_M,6.37,128,256,512,1,0.10915839999999999,cpu,0.42701152226771805,51.2779269092839,16.0,cpu_older,vllm,152.2207167966015,194.39038589906994,27.8446868641239,4.371222427648964,305.651048863614,171.59076593938755,1.0,synthetic
70.0,dense,Q3_K_M,34.3,128,256,16384,1,18.808832,gpu,22.70304199768608,324.9840512488875,8.0,consumer_mid,llama.cpp,15.416436265927377,251.4150927426322,157.1466319698481,4.581534459762335,149.75738236433776,16.145538905855872,1.0,synthetic
3.8,dense,Q8_0,4.028,128,256,2048,1,0.12763135999999997,gpu,8.929152415094544,217.97471864612015,6.0,consumer_low,mlx,2.837148718674335,34.66316382352935,12.076020369232433,2.9980189595909716,49.67495749495708,3.2228595372951587,1.0,synthetic
7.0,dense,bf16,14.0,128,256,8192,1,0.9404416,apple,29.684474637635518,745.8973557322452,128.0,apple_ultra,llama.cpp,0.8575036535183568,25.037697018869665,47.97211390830012,3.42657956487858,17.386481374980743,0.920176987725834,1.0,synthetic
3.8,dense,bf16,7.6,128,256,8192,1,0.5105254399999999,gpu,61.45441658541971,651.007720433815,24.0,consumer_flagship,ollama,0.27481977418846476,17.797738107567735,15.468244151567546,2.035295283100993,20.992738886034072,0.26293516366738834,1.0,synthetic
1.5,dense,bf16,3.0,128,256,2048,1,0.050380799999999996,gpu,153.9548561368402,900.3770492207376,40.0,datacenter_low,mlx,0.055674947750982286,5.646487773538982,12.02172015176055,4.00724005058685,7.533874349282336,0.07890955909963815,1.0,synthetic
1.5,dense,Q8_0,1.59,128,256,512,1,0.012595199999999999,apple,16.990505227207663,438.7705034808256,64.0,apple_max,transformers,0.3531384099392129,4.869957262506317,5.07823607808036,3.193859168604,4.825251815271608,0.29635900298030265,1.0,synthetic
7.0,dense,Q3_K_M,3.4299999999999997,128,256,2048,1,0.2351104,cpu,0.14145662494908606,37.8393990737752,8.0,cpu_low,ollama,329.9008914107997,176.1084280941316,16.93660459711293,4.937785596825927,131.8606820902537,182.0973326704857,1.0,synthetic
2.0,dense,Q4_K_M,1.26,128,256,8192,1,0.2686976,gpu,56.97834300761682,788.6684826661333,24.0,consumer_flagship,ollama,0.15600469265490277,2.769038908342181,5.658091613814882,4.490548899853081,4.949650864205919,0.13957039162805338,1.0,synthetic
0.5,dense,Q3_K_M,0.245,128,256,512,1,0.0041984,cpu,0.14372083631171648,37.598460381173375,8.0,cpu_low,vllm,23.19311116520125,12.050706209950928,1.1702640514104679,4.776587964940685,7.767171656996145,15.849857803076146,1.0,synthetic
0.5,dense,fp32,2.0,128,256,2048,1,0.0167936,cpu,1.0986789673579036,67.79135976644297,16.0,cpu_modern,llama.cpp,1.8203679686429128,39.66667939096908,4.591944260396854,2.295972130198427,37.99245231181027,1.3742296421721674,1.0,synthetic
1.5,moe,Q3_K_M,0.735,128,256,512,1,0.012595199999999999,gpu,25.8931982145334,312.587618762482,8.0,consumer_mid,ollama,0.2896513570034922,3.6794370362198956,2.1680949482498857,2.9497890452379396,3.4718631666359734,0.290569182020559,1.0,synthetic
13.0,dense,Q6_K,10.66,128,256,512,1,0.10915839999999999,cpu,1.0531572171017967,76.43225718284963,16.0,cpu_modern,llama.cpp,49.375344113483635,187.86410863564822,48.36312907767831,4.536878900345057,168.93008441262626,47.461731615329946,1.0,synthetic
30.0,dense,Q4_K_M,18.9,128,256,2048,1,1.0076159999999998,apple,30.33099791354884,876.9505744205687,128.0,apple_ultra,transformers,3.596680511529699,28.376194424003945,89.28557748823542,4.724104629007165,35.35020204174633,2.7076039734199666,1.0,synthetic
2.0,dense,fp32,8.0,128,256,16384,1,0.5373952,cpu,0.1381059201448819,43.103138549879795,8.0,cpu_low,transformers,96.5442561719716,360.12543980549685,28.77066721208809,3.596333401511011,369.26880412040634,90.54209562968592,1.0,synthetic
0.5,dense,fp32,2.0,128,256,512,1,0.0041984,cpu,0.9933631231368192,70.42930900045455,16.0,cpu_modern,mlx,2.0133624385858475,37.94250676683604,7.317050775908609,3.6585253879543047,30.233373781494457,2.413404523680528,1.0,synthetic
7.0,dense,bf16,14.0,128,256,512,1,0.0587776,gpu,648.1815262384526,2841.716034836017,80.0,datacenter,llama.cpp,0.043197775417158954,6.5963792899108915,37.77467015854225,2.6981907256101607,5.829729018626255,0.027693353446273102,1.0,synthetic
7.0,dense,bf16,14.0,128,256,4096,1,0.4702208,gpu,64.83130726024132,778.2177598842932,24.0,consumer_flagship,transformers,0.47987789273208786,26.562930153474667,31.738133475272544,2.267009533948039,31.07602883689815,0.7907044270711577,1.0,synthetic
7.0,moe,fp16,14.0,128,256,8192,1,0.9404416,apple,8.46558106013426,134.98864279399228,32.0,apple_pro,llama.cpp,3.675011897011793,158.11321277281485,45.51604658947784,3.251146184962703,133.1074638493128,4.656422304506535,1.0,synthetic
1.0,dense,Q8_0,1.06,128,256,4096,1,0.0671744,gpu,8.596269546258405,221.5288348804914,6.0,consumer_low,ollama,0.7755302030481798,9.251201998627392,2.571755918028938,2.4261848283291867,9.682092548900089,0.5683618921046193,1.0,synthetic
3.8,dense,fp16,7.6,128,256,512,1,0.03190783999999999,cpu,1.0614387508396559,86.13300006438485,16.0,cpu_modern,mlx,14.320185680027201,118.14144535071902,36.34524067180698,4.782268509448286,104.02574992488896,6.1912933588865355,1.0,synthetic
13.0,dense,Q6_K,10.66,128,256,16384,1,3.4930687999999996,gpu,65.40933207866246,697.3956719904078,24.0,consumer_flagship,llama.cpp,0.8833262157193895,28.991676499196583,24.738130335283262,2.320650125261094,44.856724666508505,1.097178342590161,1.0,synthetic
70.0,dense,Q8_0,74.2,128,256,16384,1,18.808832,cpu,0.1644499737483682,37.657017916261545,8.0,cpu_low,transformers,2837.7424211738266,4490.715851392505,289.47921420232757,3.9013371186297516,3669.1680862157127,2633.6072864838316,1.0,synthetic
3.0,dense,Q4_K_M,1.8900000000000001,128,256,4096,1,0.20152319999999999,cpu,1.1140394060300924,85.73384085689824,16.0,cpu_modern,transformers,10.771611789534719,32.52738442751826,7.190780031172934,3.804645519139118,28.91595611711222,15.078510405480985,1.0,synthetic
1.0,dense,fp32,4.0,128,256,2048,1,0.0335872,apple,15.478426263185392,383.8030364846587,64.0,apple_max,llama.cpp,0.2584242048892132,14.012698586040601,13.57741047125001,3.3943526178125025,14.038469100513796,0.3406471529401639,1.0,synthetic
8.0,dense,Q4_K_M,5.04,128,256,512,1,0.0671744,gpu,74.70151804040697,698.6350764552494,24.0,consumer_flagship,ollama,0.4759683134728684,10.443167934810623,22.38793304106134,4.44205020655979,10.584834987787968,0.31972863969888493,1.0,synthetic
3.0,moe,bf16,6.0,128,256,512,1,0.025190399999999998,apple,16.245871471042264,434.62981181301654,64.0,apple_max,transformers,0.7386492021304987,18.48374635529179,27.517513545124167,4.5862522575206945,14.349495235430966,0.9552396153361761,1.0,synthetic
7.0,dense,Q6_K,5.739999999999999,128,256,4096,1,0.4702208,cpu,0.1677049559419319,34.87663906504569,8.0,cpu_low,vllm,278.26647342983154,323.74996123898313,22.611037905385068,3.939205209997399,332.58529568206507,375.41965823936584,1.0,synthetic
7.0,dense,Q3_K_M,3.4299999999999997,128,256,4096,1,0.4702208,apple,15.204132834601387,346.1447619028395,64.0,apple_max,llama.cpp,1.8416045363848657,15.023466977841162,13.524926379591463,3.943127224370689,15.161638053209264,3.0540395855090785,1.0,synthetic
2.0,dense,Q5_K_M,1.46,128,256,8192,1,0.2686976,apple,8.006335531941284,149.63150950451052,32.0,apple_pro,mlx,1.1102318724248639,16.50433126136148,3.6157747907145263,2.4765580758318673,14.418740187483673,0.872950619434557,1.0,synthetic
8.0,dense,Q4_0,4.72,128,256,16384,1,2.1495808,gpu,636.0899220813219,2854.7330353152283,80.0,datacenter,llama.cpp,0.05030735260715058,3.2085105519000843,17.802749553578362,3.771768973215755,2.850591312367815,0.04064026148858742,1.0,synthetic
7.0,dense,Q4_0,4.13,128,256,16384,1,1.8808832,apple,3.0991607186129775,60.94107224677411,16.0,apple_base,llama.cpp,11.293380104425228,151.74515764897995,11.20036635508621,2.711953112611673,177.31689995941278,13.690185867183414,1.0,synthetic
3.8,dense,fp32,15.2,128,256,2048,1,0.12763135999999997,gpu,8.429399017223743,226.27927192756977,6.0,consumer_low,ollama,3.0053546262989657,123.15940570758916,34.149834900883384,2.2466996645318016,141.00251815881245,3.9263754987220705,1.0,synthetic
1.5,dense,fp16,3.0,128,256,512,1,0.012595199999999999,gpu,146.32188364061588,916.0115054607433,40.0,datacenter_low,transformers,0.05857926619152218,5.481363465488896,11.409232897398208,3.8030776324660693,5.187083993639122,0.03927457183679457,1.0,synthetic
1.5,dense,Q8_0,1.59,128,256,8192,1,0.20152319999999999,apple,25.60175110893473,867.4267565481168,128.0,apple_ultra,llama.cpp,0.2130536083776659,2.5816635042612712,7.180394626929021,4.5159714634773716,2.293149215865123,0.28034496440766765,1.0,synthetic
7.0,dense,int8,7.0,128,256,2048,1,0.2351104,gpu,616.7510788816331,2753.2968239669917,80.0,datacenter,llama.cpp,0.04539919095200117,3.5037318834252646,33.06570260866949,4.723671801238498,3.1445452143812727,0.08746279207212788,1.0,synthetic
1.0,dense,bf16,2.0,128,256,8192,1,0.1343488,cpu,0.1438435138240882,35.94799407480148,8.0,cpu_low,ollama,46.34666165635797,107.95134142236871,6.06656827730313,3.033284138651565,49.52697008249243,47.07522595362668,1.0,synthetic
3.8,dense,fp32,15.2,128,256,512,1,0.03190783999999999,gpu,68.7779553246174,754.5079851219208,24.0,consumer_flagship,mlx,0.24555671667145246,28.839811866723945,48.37817553860598,3.1827747064872356,36.244080815020375,0.18262120544601687,1.0,synthetic
1.5,dense,fp32,6.0,128,256,2048,1,0.050380799999999996,apple,3.1593737747559976,67.5100264831241,16.0,apple_base,transformers,2.3738881609787477,137.8799363406116,18.6657631581094,3.1109605263515667,91.60295561484197,2.189752491037704,1.0,synthetic
1.0,dense,fp32,4.0,128,256,16384,1,0.2686976,gpu,7.704637828127866,201.43959004788005,6.0,consumer_low,vllm,0.8652796945663291,38.529011907696955,19.688374699664767,4.922093674916192,89.63601956994057,1.0599797084150067,1.0,synthetic
8.0,dense,bf16,16.0,128,256,16384,1,2.1495808,cpu,0.16851543015546777,34.50293120636284,8.0,cpu_low,transformers,316.4893166407933,956.4183872034699,49.305580056879094,3.0815987535549434,727.1593049007737,179.51478002827378,1.0,synthetic
3.8,dense,Q4_K_M,2.3939999999999997,128,256,512,1,0.03190783999999999,apple,16.34323183621761,402.88452038411043,64.0,apple_max,transformers,0.9300486068071228,8.028463797970817,10.576175997829104,4.417784460246076,10.627186558773397,0.9962171935843426,1.0,synthetic
70.0,dense,fp32,280.0,128,256,16384,1,18.808832,cpu,0.35586538273843593,47.887846885129065,16.0,cpu_older,llama.cpp,983.5179733041159,9599.635926153342,602.0158095578365,2.150056462706559,6195.662791169478,833.747313091965,1.0,synthetic
7.0,dense,Q5_K_M,5.109999999999999,128,256,8192,1,0.9404416,cpu,0.3984699472414541,43.04839518978117,16.0,cpu_older,mlx,87.83598422490729,216.2303995601052,22.016210987547947,4.308456161946761,266.5243311527481,63.761814137639064,1.0,synthetic
30.0,dense,Q4_0,17.7,128,256,4096,1,2.0152319999999997,gpu,23.085921392720685,302.6919808513315,8.0,consumer_mid,llama.cpp,6.497466462278482,100.20459104512392,52.490056329190104,2.965539905603961,104.59193604412737,7.748828756692761,1.0,synthetic
3.0,moe,fp16,6.0,128,256,16384,1,0.8060927999999999,cpu,0.13859150593095312,32.743745252326754,8.0,cpu_low,vllm,144.30898824321946,377.9260462252356,23.01899197301662,3.836498662169437,330.8491591691178,128.43029249393598,1.0,synthetic
2.0,dense,Q5_K_M,1.46,128,256,16384,1,0.5373952,cpu,0.13499455148672104,38.729815728421855,8.0,cpu_low,ollama,98.76941836904348,93.76826530312069,3.0735844767019875,2.105194847056156,62.079960736909726,123.17568295123024,1.0,synthetic
13.0,dense,Q3_K_M,6.37,128,256,512,1,0.10915839999999999,cpu,0.12917642462763881,32.94352126687393,8.0,cpu_low,vllm,670.9170571680563,357.5904319568159,27.957296553842053,4.388900557902991,288.1026877242017,943.2503163249806,1.0,synthetic
70.0,dense,Q5_K_M,51.1,128,256,8192,1,9.404416,apple,7.836158777222837,147.88491453734835,32.0,apple_pro,llama.cpp,39.70199174822872,584.4739490191264,144.1279893316941,2.820508597489121,926.3130529164245,41.051140243964525,1.0,synthetic
70.0,dense,Q5_K_M,51.1,128,256,2048,1,2.351104,gpu,39.89142921870261,508.4086002787191,12.0,consumer_high,transformers,8.161687904533446,154.60903820822432,201.37693038810892,3.940840125011916,131.96044485121854,4.607014404501184,1.0,synthetic
3.8,dense,Q3_K_M,1.8619999999999999,128,256,4096,1,0.25526271999999994,cpu,0.9982377223423811,79.57122394600341,16.0,cpu_modern,ollama,15.226833909194447,35.477862724792104,7.667361946537109,4.11780985313486,53.81741958614375,16.696941742093777,1.0,synthetic
13.0,dense,fp16,26.0,128,256,512,1,0.10915839999999999,cpu,0.15153854513138784,40.46096280030382,8.0,cpu_low,llama.cpp,571.9116980536168,1173.2592060452064,84.1955196744059,3.238289218246381,1119.608075977409,779.6006960146859,1.0,synthetic
3.0,dense,int8,3.0,128,256,16384,1,0.8060927999999999,apple,29.140389528904276,819.8129208900784,128.0,apple_ultra,llama.cpp,0.3743632492719498,5.803294725868204,9.850565135643476,3.283521711881159,5.992679130120993,0.31351123260934366,1.0,synthetic
2.0,dense,Q8_0,2.12,128,256,512,1,0.0167936,cpu,0.379675954583145,39.46930056403748,16.0,cpu_older,mlx,26.338249444790964,83.28941030756611,4.904966353840515,2.313663374453073,66.46382561469247,59.17628585907797,1.0,synthetic
8.0,dense,fp32,32.0,128,256,512,1,0.0671744,apple,3.1012405563873746,72.85424365315994,16.0,apple_base,transformers,12.898064265803317,677.1618506727668,103.3091912213226,3.2284122256663315,727.328520857189,13.648411720953545,1.0,synthetic
0.5,dense,Q6_K,0.41,128,256,4096,1,0.0335872,gpu,28.398045764666023,388.370087533682,8.0,consumer_mid,vllm,0.08803422674635589,1.7571946657572084,1.3555289572374565,3.3061681883840404,1.4296013186563181,0.07593291071465577,1.0,synthetic
7.0,dense,Q6_K,5.739999999999999,128,256,2048,1,0.2351104,gpu,43.67563255740555,511.3578957996806,12.0,consumer_high,ollama,0.745453188161398,17.183516928162817,20.260304908100604,3.5296698446168304,25.11665852752116,0.8677719186904617,1.0,synthetic
13.0,dense,fp16,26.0,128,256,16384,1,3.4930687999999996,apple,13.221701884233445,442.99496026637274,64.0,apple_max,llama.cpp,3.9329278829080785,88.76871129569459,55.633235482750244,2.1397398262596248,85.28645215063882,3.6559686042767447,1.0,synthetic
7.0,dense,Q4_K_M,4.41,128,256,16384,1,1.8808832,apple,28.661416487775856,884.07169677723,128.0,apple_ultra,ollama,0.8881119139872887,8.894758229073227,16.629656719326583,3.7708972152667988,10.71942922674805,0.8580376990335519,1.0,synthetic
70.0,moe,Q4_K_M,44.1,128,256,512,1,0.587776,cpu,0.15585032109509353,42.379229203592864,8.0,cpu_low,ollama,2994.3259878298586,1917.2246250126107,208.05743890945146,4.7178557575839335,1504.27461858258,1995.4296563632327,1.0,synthetic
2.0,dense,bf16,4.0,128,256,2048,1,0.0671744,gpu,10.08260143930466,228.58896657205224,6.0,consumer_low,mlx,1.322410036100054,32.350041458031846,19.889616271351255,4.972404067837814,29.726863781864612,1.903716941876444,1.0,synthetic
30.0,dense,Q4_0,17.7,128,256,4096,1,2.0152319999999997,apple,14.875264339479605,406.46032990026646,64.0,apple_max,vllm,8.067083532862991,64.67291901881313,39.383672920213954,2.2250662666787546,39.32482442133581,8.912948177243369,1.0,synthetic
3.0,dense,Q6_K,2.46,128,256,16384,1,0.8060927999999999,gpu,50.34129161042589,545.401371878943,12.0,consumer_high,vllm,0.2771777982987468,8.806500853695894,9.538748395453503,3.8775399981518306,9.675325717904819,0.23927310994258888,1.0,synthetic
70.0,moe,Q5_K_M,51.1,128,256,2048,1,2.351104,apple,14.591147045629299,370.48253789146753,64.0,apple_max,llama.cpp,19.18971819860266,192.3657159991292,186.1685281216187,3.6432197284074106,214.13114315382992,24.179706423379688,1.0,synthetic
1.0,dense,bf16,2.0,128,256,16384,1,0.2686976,apple,3.0986116805086175,59.657750114476485,16.0,apple_base,vllm,1.6136258800842322,58.50545810565268,5.250302074052952,2.625151037026476,41.332696336790555,1.5573431480414412,1.0,synthetic
1.5,dense,Q8_0,1.59,128,256,16384,1,0.40304639999999997,cpu,0.419356475474424,50.55195804976289,16.0,cpu_older,ollama,17.88454558026114,60.654925131700466,6.274522890618841,3.9462408117099628,43.56649733291611,15.692243156401497,1.0,synthetic
3.8,dense,bf16,7.6,128,256,4096,1,0.25526271999999994,gpu,166.7034170857643,967.0460763030725,40.0,datacenter_low,llama.cpp,0.13025699229137164,13.53824275197231,32.34277837161755,4.255628733107573,13.908704348248358,0.18060478860451692,1.0,synthetic
3.8,dense,Q6_K,3.1159999999999997,128,256,512,1,0.03190783999999999,apple,2.676058103423043,64.90480215340911,16.0,apple_base,ollama,7.099995316131742,74.61597567179648,14.917005815680787,4.787229080770471,79.4205380110444,3.413994180987134,1.0,synthetic
8.0,dense,Q8_0,8.48,128,256,8192,1,1.0747904,apple,30.03180213779961,712.2861181494043,128.0,apple_ultra,transformers,0.9686701103525764,16.767823625470147,24.356523948258747,2.872231597672022,14.93350575507719,0.7037177175123085,1.0,synthetic
70.0,dense,bf16,140.0,128,256,512,1,0.587776,gpu,155.1646928920318,1008.749532896427,40.0,datacenter_low,mlx,2.5779060464375863,232.28061313418024,632.0268645884564,4.51447760420326,238.2673264146398,2.8260549250002827,1.0,synthetic
3.0,moe,Q5_K_M,2.19,128,256,8192,1,0.40304639999999997,gpu,45.34022970311576,456.249042029006,12.0,consumer_high,mlx,0.30775072079385923,8.35794309277549,9.257946196883065,4.227372692640669,16.226465370918888,0.4397100764367461,1.0,synthetic
8.0,moe,Q6_K,6.56,128,256,16384,1,2.1495808,cpu,0.1373947345368307,36.88293560163915,8.0,cpu_low,mlx,388.17596258782777,429.34764264918465,21.85683681922983,3.331834880980157,474.0180977304454,374.7679922420397,1.0,synthetic
1.0,dense,Q5_K_M,0.73,128,256,16384,1,0.2686976,gpu,48.44376855852497,537.6217072061659,12.0,consumer_high,vllm,0.09601158062421587,2.7317962081714597,3.4185233363678393,4.682908679955944,3.0914705154849322,0.05916152869777862,1.0,synthetic
0.5,dense,Q3_K_M,0.245,128,256,512,1,0.0041984,apple,7.940474526696678,170.03028783041455,32.0,apple_pro,llama.cpp,0.27986012860451687,2.093731174770348,0.7710379794687825,3.1470937937501327,2.219793116217591,0.39694082034251055,1.0,synthetic
0.5,dense,bf16,1.0,128,256,512,1,0.0041984,gpu,791.2571952340891,2449.0878817119205,80.0,datacenter,transformers,0.002527623144593726,0.5467060655512626,3.694454941880591,3.694454941880591,0.3072002835791919,0.00416025746866687,1.0,synthetic
7.0,moe,fp16,14.0,128,256,2048,1,0.2351104,apple,2.9734545710930944,58.778538195021305,16.0,apple_base,vllm,11.770820492856354,372.5878614655451,52.73563323730865,3.766830945522046,359.19043664383736,15.919534521245389,1.0,synthetic
1.0,dense,Q6_K,0.82,128,256,8192,1,0.1343488,apple,7.134050726619169,127.65245315921877,32.0,apple_pro,vllm,0.6229903058946527,10.680213304408168,1.884018544077681,2.2975835903386357,13.100520696220372,0.45914561370365237,1.0,synthetic
1.0,moe,fp16,2.0,128,256,2048,1,0.0335872,gpu,168.39993481739106,823.0560937261698,40.0,datacenter_low,ollama,0.03393282616458345,4.117959912860595,4.083890277828188,2.041945138914094,3.5890109596129305,0.029118208037869114,1.0,synthetic
7.0,dense,int8,7.0,128,256,8192,1,0.9404416,gpu,70.30020663532557,778.7572515615042,24.0,consumer_flagship,transformers,0.4425465101759446,14.56614108858044,19.990837935758474,2.855833990822639,10.786571992147202,0.5049861421883897,1.0,synthetic
30.0,dense,Q4_K_M,18.9,128,256,2048,1,1.0076159999999998,gpu,44.675010414427,568.1518927434951,12.0,consumer_high,vllm,3.1233318677832895,51.5283082856334,62.71671426070858,3.318344669878761,63.418515766697865,2.38014443863616,1.0,synthetic
0.5,dense,Q4_0,0.295,128,256,2048,1,0.0167936,gpu,140.903130676201,888.0973029959707,40.0,datacenter_low,vllm,0.020277355396088714,0.5851340818702585,0.6504883087316523,2.205045114344584,0.7172738482944125,0.01535209136876073,1.0,synthetic
3.8,dense,Q3_K_M,1.8619999999999999,128,256,512,1,0.03190783999999999,gpu,10.228766101647352,181.5808991243419,6.0,consumer_low,mlx,2.476675395799047,18.963827234063874,9.13046553591879,4.903579772244248,19.72608702876642,2.6258472932104513,1.0,synthetic
3.8,dense,Q5_K_M,2.774,128,256,8192,1,0.5105254399999999,cpu,0.39734687931349,48.069863466920346,16.0,cpu_older,llama.cpp,47.81716175253965,105.12024992573158,9.23527791387216,3.3292277988003462,78.96128060744672,41.5430536293203,1.0,synthetic
70.0,dense,Q5_K_M,51.1,128,256,4096,1,4.702208,cpu,0.3598898818466146,51.507602407616176,16.0,cpu_older,transformers,972.5197002042149,1666.7355255607204,198.2369090104468,3.8793915657621683,1746.9742255548344,753.3547164266852,1.0,synthetic
1.5,dense,fp16,3.0,128,256,4096,1,0.10076159999999999,cpu,1.0114238628622163,80.53676280680064,16.0,cpu_modern,vllm,5.93223100651459,51.33492650949822,8.584913140146254,2.8616377133820845,53.20468205746348,4.396955846672431,1.0,synthetic
8.0,dense,Q5_K_M,5.84,128,256,16384,1,2.1495808,apple,16.980792284854754,431.448598412767,64.0,apple_max,llama.cpp,1.884482152728583,24.690715045059637,11.87542836970327,2.0334637619354914,19.7864787677242,1.5623680914446159,1.0,synthetic
1.5,dense,fp32,6.0,128,256,512,1,0.012595199999999999,gpu,23.06744297684741,368.771478269645,8.0,consumer_mid,vllm,0.3251335662790056,25.08368191852075,27.980726069369975,4.663454344894996,25.416234554125158,0.20279323919635298,1.0,synthetic
3.0,moe,bf16,6.0,128,256,2048,1,0.10076159999999999,apple,28.569439154827506,774.7109767774476,128.0,apple_ultra,transformers,0.38184476950950397,9.843609073052695,15.186745939078314,2.531124323179719,8.159801866348351,0.19961778707319536,1.0,synthetic
8.0,dense,Q4_0,4.72,128,256,2048,1,0.2686976,gpu,156.03003453371946,863.3212611582435,40.0,datacenter_low,vllm,0.2929838851276192,9.630825017381316,18.084866403544986,3.8315394922764803,10.74034422276927,0.3506643442899758,1.0,synthetic
30.0,dense,Q5_K_M,21.9,128,256,512,1,0.25190399999999996,apple,14.388910001922822,365.1918198008181,64.0,apple_max,mlx,8.339756102718283,80.8776933067925,58.566077508252384,2.6742501145320725,79.36204935711548,13.22751814257106,1.0,synthetic
2.0,dense,fp16,4.0,128,256,16384,1,0.5373952,apple,2.7256571535360052,61.17417845182772,16.0,apple_base,mlx,3.66884000323627,114.11036775094506,14.31970716230237,3.5799267905755925,95.66075389421464,4.555367959484735,1.0,synthetic
3.8,moe,fp32,15.2,128,256,2048,1,0.12763135999999997,apple,7.883711266335335,153.58249046527277,32.0,apple_pro,vllm,2.142251069113484,142.57234768258022,49.84583754057222,3.2793314171429095,131.5532085992647,2.121477684515248,1.0,synthetic
3.8,dense,fp16,7.6,128,256,8192,1,0.5105254399999999,gpu,154.77870918408632,915.5964849564766,40.0,datacenter_low,transformers,0.14029245901294987,14.763646018849194,29.941000252200702,3.9396052963421977,11.581582294118205,0.15936051582586944,1.0,synthetic
8.0,dense,bf16,16.0,128,256,8192,1,1.0747904,cpu,0.36191819424925264,48.3820737394061,16.0,cpu_older,mlx,110.52221368139357,542.9471347007782,34.29754874749314,2.143596796718321,745.2183559485557,82.59076916344009,1.0,synthetic
2.0,dense,Q5_K_M,1.46,128,256,16384,1,0.5373952,gpu,8.751222069095466,212.30207133579998,6.0,consumer_low,llama.cpp,1.5235967306119884,17.10594538015345,5.682815230999602,3.892339199314796,20.300319699288917,1.2599068343328808,1.0,synthetic
3.8,moe,int8,3.8,128,256,2048,1,0.12763135999999997,gpu,9.236416784804454,191.21293125226023,6.0,consumer_low,mlx,2.7427663696392695,37.3465742118229,12.986068098629751,3.4173863417446713,69.86769711651284,2.3952190984240116,1.0,synthetic
3.8,dense,fp32,15.2,128,256,4096,1,0.25526271999999994,gpu,47.67722987319756,490.05453996604393,12.0,consumer_high,transformers,0.3707098472721271,46.379179613327565,30.664651859238113,2.0174113065288233,39.85624659968966,0.30677662197459377,1.0,synthetic
8.0,dense,Q4_K_M,5.04,128,256,8192,1,1.0747904,cpu,0.9402873146676017,82.53506243662508,16.0,cpu_modern,vllm,34.032151131712574,98.7829126915246,24.580745232695683,4.877131990614223,85.01604272124324,40.664990134182844,1.0,synthetic
7.0,moe,Q4_0,4.13,128,256,4096,1,0.4702208,gpu,700.5045866308266,2812.734061763877,80.0,datacenter,ollama,0.03997118724756659,2.1806639371682763,9.313690467982221,2.2551308639182133,2.82418383042024,0.05333586019182194,1.0,synthetic
7.0,dense,Q6_K,5.739999999999999,128,256,2048,1,0.2351104,gpu,137.39960071036188,767.3800049895076,40.0,datacenter_low,mlx,0.2911216611489282,12.97729582290784,25.026156326834688,4.3599575482290405,10.291909529511933,0.428491690635714,1.0,synthetic
7.0,dense,Q5_K_M,5.109999999999999,128,256,4096,1,0.4702208,gpu,666.1766061867754,2739.5003142241458,80.0,datacenter,vllm,0.04203089652197973,2.7159312088296534,15.445637351821745,3.0226296187518096,2.611329748455864,0.03984977934285824,1.0,synthetic
30.0,dense,fp16,60.0,128,256,512,1,0.25190399999999996,apple,14.588193249970228,381.8443373011574,64.0,apple_max,ollama,8.22583015893657,210.3890621183673,183.21906353492784,3.053651058915464,194.02388694746702,8.765670180089852,1.0,synthetic
30.0,dense,Q5_K_M,21.9,128,256,512,1,0.25190399999999996,cpu,0.44046879994185506,39.15176054303932,16.0,cpu_older,vllm,340.5462543994059,870.4551681712629,68.2667237585229,3.1172019981060686,816.3577046619787,292.59227202188544,1.0,synthetic
13.0,dense,fp16,26.0,128,256,8192,1,1.7465343999999998,apple,3.248752231787453,69.95690696718137,16.0,apple_base,mlx,20.00768152277258,610.189584568477,61.20236195608801,2.3539369983110774,837.4422199748437,24.756698538056813,1.0,synthetic
70.0,dense,Q8_0,74.2,128,256,8192,1,9.404416,cpu,0.4399851348292314,47.77586735643194,16.0,cpu_older,llama.cpp,795.4814203799027,2692.1997564576372,304.28819437453546,4.100919061651421,3405.7846878492646,841.2907238773994,1.0,synthetic
13.0,moe,Q5_K_M,9.49,128,256,512,1,0.10915839999999999,gpu,136.57649831839615,881.03125289043,40.0,datacenter_low,llama.cpp,0.5439128634894016,18.158944170080435,46.15853000536079,4.863912540080167,15.305328043946043,0.5424203991962379,1.0,synthetic
3.8,dense,Q4_K_M,2.3939999999999997,128,256,8192,1,0.5105254399999999,cpu,0.8885731782390636,81.34950759690379,16.0,cpu_modern,vllm,17.106075641538844,47.60570409173643,11.429536371657845,4.7742424275930855,42.45121646238383,17.137002967192256,1.0,synthetic
2.0,moe,Q4_0,1.18,128,256,4096,1,0.1343488,gpu,49.74979691905559,503.6386891855753,12.0,consumer_high,transformers,0.18698218198821012,3.8378026229052065,3.646409377189728,3.09017743829638,3.4422683522555153,0.17029131073760229,1.0,synthetic
3.0,moe,Q5_K_M,2.19,128,256,2048,1,0.10076159999999999,gpu,23.165712107845675,350.7025761056613,8.0,consumer_mid,ollama,0.64750869432241,10.049109574612343,10.226847037197944,4.669793167670294,10.240912486350357,0.7456914397932619,1.0,synthetic
0.5,dense,fp32,2.0,128,256,512,1,0.0041984,gpu,67.94213733116764,694.8017705833121,24.0,consumer_flagship,llama.cpp,0.032707570140022735,4.120802065637884,9.211769023062166,4.605884511531083,4.025189249851911,0.046363237260456984,1.0,synthetic
30.0,moe,Q6_K,24.599999999999998,128,256,4096,1,2.0152319999999997,gpu,656.2311216109107,2221.609805322241,80.0,datacenter,llama.cpp,0.18286240327253148,15.973541309992855,114.81501899077324,4.66727719474688,17.076070248556917,0.2532272557940703,1.0,synthetic
2.0,dense,Q4_0,1.18,128,256,8192,1,0.2686976,gpu,73.53763053635146,606.2619619780044,24.0,consumer_flagship,llama.cpp,0.12087537800792879,3.413653057249014,4.575538725628214,3.8775751912103513,1.8948927961816748,0.12153907539784889,1.0,synthetic
0.5,moe,Q3_K_M,0.245,128,256,8192,1,0.0671744,gpu,70.7250283454453,653.9239453546174,24.0,consumer_flagship,llama.cpp,0.03142059146824413,0.6819805754774532,0.5888068458842645,2.403293248507202,1.060626963620814,0.03629455886445716,1.0,synthetic
1.5,dense,Q5_K_M,1.095,128,256,4096,1,0.10076159999999999,gpu,71.12430466604971,722.2830159691242,24.0,consumer_flagship,mlx,0.09373260937971485,2.365043645461933,2.5452594205776973,2.3244378270115957,2.280922092465312,0.10586803584815087,1.0,synthetic
1.0,dense,bf16,2.0,128,256,16384,1,0.2686976,gpu,9.017553242799698,175.14864630256633,6.0,consumer_low,ollama,0.7392988416220154,23.550879863193593,6.211723914989732,3.105861957494866,24.523284390780532,1.207149634064816,1.0,synthetic
7.0,moe,Q8_0,7.42,128,256,16384,1,1.8808832,apple,23.4833215325201,829.3200618016659,128.0,apple_ultra,llama.cpp,1.0839414441136688,14.018838486485828,35.10153507339355,4.730665104230937,9.352173415532612,1.3093433310632232,1.0,synthetic
1.0,dense,fp16,2.0,128,256,512,1,0.0083968,gpu,8.47109701982566,196.98352463552635,6.0,consumer_low,vllm,0.7869897666222065,18.537745997849644,9.592970315281793,4.7964851576408964,14.700285316527488,0.8113373798548297,1.0,synthetic
30.0,dense,bf16,60.0,128,256,512,1,0.25190399999999996,apple,25.983742834853434,699.3870113298424,128.0,apple_ultra,mlx,4.198429371175095,107.68698700422429,212.45748092783933,3.5409580154639886,154.92409604941122,2.569701104372991,1.0,synthetic
30.0,moe,Q5_K_M,21.9,128,256,512,1,0.25190399999999996,cpu,1.0583625922111821,66.55835002524465,16.0,cpu_modern,llama.cpp,113.38269217290666,443.75907739295604,49.0490152878924,2.2396810633740825,548.404521188488,95.51499356395693,1.0,synthetic
70.0,dense,Q6_K,57.4,128,256,2048,1,2.351104,apple,8.853166291270298,131.63532414346977,32.0,apple_pro,llama.cpp,35.14122528319428,648.448435519992,220.22240069289256,3.8366271897716477,581.4452003531189,48.125393950006256,1.0,synthetic
3.0,dense,int8,3.0,128,256,16384,1,0.8060927999999999,gpu,8.062795212249595,173.97012330351086,6.0,consumer_low,llama.cpp,2.4805293292845283,39.77791471239977,8.811653079116684,2.9372176930388947,35.92308400080523,2.259414496506827,1.0,synthetic
7.0,dense,Q8_0,7.42,128,256,512,1,0.0587776,apple,27.11650429673926,821.3022712556021,128.0,apple_ultra,transformers,0.9387104316984671,11.38249865753824,28.39096031738385,3.8262749753886593,13.268507316540315,1.3205981889856282,1.0,synthetic
70.0,dense,fp32,280.0,128,256,16384,1,18.808832,cpu,0.14603019123685984,38.098273170740796,8.0,cpu_low,ollama,3195.6861982720884,14260.194498048466,753.2003801406559,2.6900013576451993,18992.8686240041,2932.593063524861,1.0,synthetic
1.0,dense,fp16,2.0,128,256,2048,1,0.0335872,apple,2.555148838387768,71.08692590341528,16.0,apple_base,transformers,1.9568331695130796,44.010845208842866,9.154277978239936,4.577138989119968,46.48434792197757,1.8613146041359874,1.0,synthetic
1.0,moe,fp16,2.0,128,256,8192,1,0.1343488,cpu,0.13095273173676925,33.865594430370166,8.0,cpu_low,transformers,50.908954538401446,114.58928293129519,5.6494500248934445,2.8247250124467222,212.13938090944276,49.27253782115453,1.0,synthetic
7.0,dense,fp16,14.0,128,256,8192,1,0.9404416,gpu,9.5853538350883,205.69496125513228,6.0,consumer_low,ollama,4.8685387591888265,132.061763238984,63.04789722543039,4.503421230387885,108.39320930718115,5.993277387851667,1.0,synthetic
70.0,dense,fp16,140.0,128,256,2048,1,2.351104,gpu,146.41306170244147,920.8109095105767,40.0,datacenter_low,vllm,2.731996690383601,257.6553313493023,605.5613526460097,4.325438233185784,189.4481264113693,2.321404642580525,1.0,synthetic
70.0,dense,Q4_K_M,44.1,128,256,2048,1,2.351104,gpu,44.09658274862877,453.8062990338506,12.0,consumer_high,llama.cpp,7.383370208181528,150.52776306599498,129.350817579039,2.933125115170952,219.86220148275905,10.414263425731034,1.0,synthetic
70.0,dense,Q3_K_M,34.3,128,256,16384,1,18.808832,cpu,0.14190049451611783,36.55096990149054,8.0,cpu_low,ollama,3288.68950216139,2641.831748583366,164.20607269193738,4.787349058073977,2390.2739564002104,3453.7043001245356,1.0,synthetic
3.8,dense,Q4_K_M,2.3939999999999997,128,256,16384,1,1.0210508799999998,gpu,41.25403409639553,574.9509807863138,12.0,consumer_high,mlx,0.4284288553054601,8.734890129573234,6.3925488976845655,2.670237634788875,9.920955093358348,0.3561326691898584,1.0,synthetic
13.0,dense,Q8_0,13.780000000000001,128,256,512,1,0.10915839999999999,cpu,0.1311381060739464,42.719231896519474,8.0,cpu_low,llama.cpp,660.880877887598,591.1392633158449,56.59705653262125,4.1071884276212804,550.7646362920232,906.3307362697551,1.0,synthetic
0.5,dense,Q4_0,0.295,128,256,16384,1,0.1343488,gpu,711.9838458636225,2764.7170852553118,80.0,datacenter,llama.cpp,0.0028090524969341672,0.2070609935894405,1.0195545485160271,3.4561171136136513,0.22053625837493174,0.0015554340871156242,1.0,synthetic
1.0,dense,int8,1.0,128,256,512,1,0.0083968,gpu,43.027728654467595,558.7182596834558,12.0,consumer_high,transformers,0.10809686999861522,2.654175776228253,3.7307286059682543,3.7307286059682543,2.487685752762455,0.10037577039949533,1.0,synthetic
1.5,dense,Q8_0,1.59,128,256,4096,1,0.10076159999999999,cpu,1.0472482689954825,69.76402761963797,16.0,cpu_modern,vllm,5.7293004702267805,32.3139141606185,4.356365106234515,2.739852268072022,37.19638341592037,5.4973772956632185,1.0,synthetic
3.8,dense,Q4_0,2.242,128,256,4096,1,0.25526271999999994,cpu,1.0505082106352182,82.33304203079248,16.0,cpu_modern,vllm,14.469187243009657,40.44164462454051,9.438753201081584,4.209970205656371,48.252745894709676,14.110201409974016,1.0,synthetic
7.0,dense,Q4_0,4.13,128,256,8192,1,0.9404416,gpu,148.1066060937404,918.7205044795453,40.0,datacenter_low,llama.cpp,0.2700757316299787,9.198375304344967,19.14706306360508,4.636092751478228,11.2248993025285,0.44492169087991545,1.0,synthetic
70.0,dense,Q8_0,74.2,128,256,8192,1,9.404416,gpu,8.613599388157082,187.99314440334828,6.0,consumer_low,ollama,54.177893077810296,808.5828319609814,285.21949149490564,3.843928456804658,1076.8857619705607,79.39096356659647,1.0,synthetic
30.0,moe,Q8_0,31.8,128,256,2048,1,1.0076159999999998,apple,29.82867507202225,795.2640621597506,128.0,apple_ultra,llama.cpp,3.6572495703381307,51.567173661321696,152.00789591394926,4.780122513017272,47.33779806631189,4.793873626351481,1.0,synthetic
7.0,dense,Q4_K_M,4.41,128,256,8192,1,0.9404416,gpu,158.93956410365578,834.4378267265953,40.0,datacenter_low,mlx,0.2516679860397324,10.686719107220515,10.64440141149232,2.413696465191002,14.699050013547257,0.5286350658778566,1.0,synthetic
30.0,dense,fp16,60.0,128,256,16384,1,8.060927999999999,gpu,46.23177922763329,472.21784355754363,12.0,consumer_high,vllm,3.0181595009332574,211.9564124175313,241.69008090238557,4.02816801503976,263.556994709763,3.329420865792061,1.0,synthetic
3.8,dense,Q6_K,3.1159999999999997,128,256,512,1,0.03190783999999999,apple,2.8712853229261017,68.25883667550775,16.0,apple_base,vllm,6.617245540975102,70.94957040484186,8.603302103869618,2.7610083773650893,75.09491192889806,6.79168065664957,1.0,synthetic
13.0,dense,Q8_0,13.780000000000001,128,256,16384,1,3.4930687999999996,cpu,0.44499724703489413,50.725050371472626,16.0,cpu_older,vllm,146.06831937300294,523.8822200351127,44.008300806314416,3.1936357624321055,595.2019339417675,155.18160086719158,1.0,synthetic
13.0,dense,Q6_K,10.66,128,256,8192,1,1.7465343999999998,apple,9.087238822497062,159.12522947246885,32.0,apple_pro,ollama,6.358122517341428,111.38158688088514,39.43560205922871,3.699399817938903,53.63945112246669,4.511216931183725,1.0,synthetic
3.8,dense,Q5_K_M,2.774,128,256,2048,1,0.12763135999999997,apple,24.160014828846943,792.5998516561757,128.0,apple_ultra,transformers,0.5719442606336057,4.5761290421908685,12.195379161891939,4.396315487343886,6.813184814069307,0.4794886144399825,1.0,synthetic
70.0,dense,Q6_K,57.4,128,256,4096,1,4.702208,gpu,10.202012355042918,206.51027677824717,6.0,consumer_low,llama.cpp,45.74260944077277,546.7674888441154,248.30937281820079,4.3259472616411285,581.4410410444956,43.831208537982945,1.0,synthetic
0.5,dense,Q6_K,0.41,128,256,512,1,0.0041984,cpu,1.0223285449009434,81.30755057016428,16.0,cpu_modern,transformers,1.9563182598934339,6.79229086918265,1.2731006443292228,3.105123522754202,7.149109065191686,2.2117997370336,1.0,synthetic
3.8,dense,int8,3.8,128,256,16384,1,1.0210508799999998,apple,3.1917253820601865,58.621674519801914,16.0,apple_base,ollama,5.952893098758994,126.52319154309986,9.501955872397515,2.500514703262504,89.00241382299458,3.568189813985375,1.0,synthetic
2.0,dense,Q4_0,1.18,128,256,2048,1,0.0671744,apple,2.5707769324965932,60.52097722740996,16.0,apple_base,ollama,3.889874642016709,31.703550306931476,5.858240364253489,4.964610478180923,41.81934141007716,4.610598042998554,1.0,synthetic
30.0,dense,fp16,60.0,128,256,16384,1,8.060927999999999,apple,14.308635763988224,411.9255066713322,64.0,apple_max,vllm,8.386543761356645,220.30173546015953,136.01559645648092,2.2669266076080152,280.1849020301047,10.728707241527946,1.0,synthetic
3.8,dense,Q6_K,3.1159999999999997,128,256,2048,1,0.12763135999999997,gpu,72.04436301106978,765.7520598932772,24.0,consumer_flagship,llama.cpp,0.23442346053214289,6.051252524688072,10.992833484875948,3.5278669720397784,5.845554506738477,0.20932794142611422,1.0,synthetic
8.0,dense,fp32,32.0,128,256,4096,1,0.5373952,gpu,151.45564775795827,837.2700251377495,40.0,datacenter_low,vllm,0.30183282294854963,64.76882053800759,68.37281497267384,2.1366504678960574,61.106993707692276,0.37543013044648316,1.0,synthetic
1.5,dense,Q3_K_M,0.735,128,256,4096,1,0.10076159999999999,gpu,141.01022001936238,908.399544086922,40.0,datacenter_low,mlx,0.06078586765024275,1.5333957497745223,1.75956776573032,2.3939697492929524,1.0357619314468824,0.050213936380417476,1.0,synthetic
0.5,moe,Q8_0,0.53,128,256,512,1,0.0041984,apple,3.287248050086607,78.12136293933351,16.0,apple_base,mlx,0.7605145586546577,10.520089017723732,2.0426796642363616,3.8541125740308706,8.05136714153439,0.47908207814902354,1.0,synthetic
3.0,moe,bf16,6.0,128,256,8192,1,0.40304639999999997,gpu,159.82986636309934,870.8479743969696,40.0,datacenter_low,ollama,0.10725690719100166,12.254428228290699,20.107021375306758,3.351170229217793,12.662782646456172,0.1398652883481571,1.0,synthetic
0.5,dense,Q6_K,0.41,128,256,512,1,0.0041984,gpu,730.80127816358,2839.6028861868795,80.0,datacenter,ollama,0.002736722088152023,0.19448653754361192,1.2068566138171994,2.943552716627316,0.17778584169096787,0.0014820021982407756,1.0,synthetic
7.0,dense,Q8_0,7.42,128,256,4096,1,0.4702208,apple,28.6215192427267,878.3045959670194,128.0,apple_ultra,transformers,0.8893499062253295,11.229334385004572,31.90502052678406,4.299867995523458,13.109016661245152,0.7945993768807456,1.0,synthetic
1.0,dense,Q4_0,0.59,128,256,4096,1,0.0671744,gpu,62.312485772383845,749.1661541679633,24.0,consumer_flagship,vllm,0.07132510265565702,1.2531540115706927,2.1222251665791716,3.596991807761308,1.3057652013682117,0.06666744247656636,1.0,synthetic
3.0,dense,Q4_K_M,1.8900000000000001,128,256,8192,1,0.40304639999999997,gpu,60.94965836783043,732.7132333746778,24.0,consumer_flagship,ollama,0.218759771430823,4.470753935125776,3.952353341981353,2.0911922444345783,3.322338054267053,0.2602511533170308,1.0,synthetic
1.0,dense,fp32,4.0,128,256,2048,1,0.0335872,apple,2.9402603282115063,69.41804213462618,16.0,apple_base,ollama,1.7005296952876912,89.39345706691164,13.271639267935964,3.317909816983991,134.31723357795556,1.7974908447948121,1.0,synthetic
1.0,dense,Q6_K,0.82,128,256,8192,1,0.1343488,cpu,0.16107369704578015,34.999313567299204,8.0,cpu_low,llama.cpp,41.38892189686237,49.577533371536205,1.684668595393414,2.0544738968212366,70.9514602337913,27.380322849045278,1.0,synthetic
3.8,dense,Q4_0,2.242,128,256,512,1,0.03190783999999999,gpu,9.600645537915174,220.13213007609,6.0,consumer_low,ollama,2.6387114526086943,18.78134686417661,10.209724159368388,4.5538466366495935,14.20525261476196,1.3785740691901196,1.0,synthetic
0.5,dense,fp16,1.0,128,256,512,1,0.0041984,apple,29.23280254614087,749.15587736801,128.0,apple_ultra,transformers,0.062196630491107074,1.675549826038915,3.689594277344484,3.689594277344484,2.252472814538812,0.043855573809240246,1.0,synthetic
30.0,moe,Q5_K_M,21.9,128,256,4096,1,2.0152319999999997,gpu,40.4400992098027,471.4894863843749,12.0,consumer_high,llama.cpp,3.4504090357697956,74.59224402483923,108.57851267193861,4.957922953056558,80.37885549548264,4.1748093999853095,1.0,synthetic
8.0,moe,fp16,16.0,128,256,2048,1,0.2686976,apple,3.2403112769826925,77.01627841572925,16.0,apple_base,transformers,12.34449303810316,324.980199683991,32.97044096709428,2.0606525604433923,385.1326080282253,9.975868969618766,1.0,synthetic
30.0,dense,Q5_K_M,21.9,128,256,8192,1,4.030463999999999,apple,28.38315617586342,792.6277467488578,128.0,apple_ultra,ollama,3.8435087491671642,40.89319372549041,99.92538740759977,4.5628030779725925,51.23305438293444,3.428094180841064,1.0,synthetic
30.0,dense,Q4_K_M,18.9,128,256,8192,1,4.030463999999999,gpu,7.710214603226338,206.57030734696585,6.0,consumer_low,transformers,25.939615210750425,201.82839084053433,84.9767099137046,4.496122217656328,151.07357504797673,15.04546553131053,1.0,synthetic
8.0,dense,int8,8.0,128,256,512,1,0.0671744,apple,14.144278971874552,453.1658572765144,64.0,apple_max,transformers,2.262398816060612,23.735752287203,32.130521608330355,4.016315201041294,27.034995788298453,1.663528275735971,1.0,synthetic
1.0,dense,Q6_K,0.82,128,256,16384,1,0.2686976,apple,13.884878226425633,378.9700730760642,64.0,apple_max,llama.cpp,0.28808318911916847,3.8303731696213537,2.4495758655743085,2.987287640944279,4.336731203930168,0.3485491638580259,1.0,synthetic
2.0,dense,fp16,4.0,128,256,512,1,0.0167936,apple,15.152804461207202,347.40163555037145,64.0,apple_max,vllm,0.5279550739588077,15.4165215472149,9.031684823350538,2.2579212058376346,15.143721407362948,0.33999788917473645,1.0,synthetic
70.0,dense,int8,70.0,128,256,8192,1,9.404416,cpu,0.44119988258703247,47.94308383645325,16.0,cpu_older,vllm,793.2912355908388,2548.0346741299077,337.484288175059,4.821204116786557,2641.6024629638537,876.0520913410542,1.0,synthetic
3.8,dense,int8,3.8,128,256,16384,1,1.0210508799999998,cpu,1.0163537667072895,79.10903679886776,16.0,cpu_modern,mlx,14.95542250927438,81.25579706327558,7.9509668850125115,2.09235970658224,82.04799798090542,15.55132227665836,1.0,synthetic
3.0,dense,Q4_K_M,1.8900000000000001,128,256,2048,1,0.10076159999999999,gpu,48.02133748451206,560.8203038206124,12.0,consumer_high,mlx,0.290568507730409,5.220193649001217,7.586290919240239,4.013910539280549,5.741618293736224,0.4346999112580498,1.0,synthetic
2.0,moe,Q6_K,1.64,128,256,8192,1,0.2686976,cpu,0.1720586305163252,33.684427259627576,8.0,cpu_low,vllm,77.49296442335825,103.02562801436339,6.4292447512039566,3.9202711897585103,75.77186562332177,103.01469185705008,1.0,synthetic
2.0,dense,Q5_K_M,1.46,128,256,2048,1,0.0671744,gpu,722.6009509356271,2240.0926240811214,80.0,datacenter,ollama,0.01107111745375032,0.9089947939847304,3.4816471691905306,2.3846898419113223,1.0342569590538504,0.007620365381723336,1.0,synthetic
70.0,dense,Q8_0,74.2,128,256,16384,1,18.808832,cpu,0.13943313938086452,42.26202870994178,8.0,cpu_low,ollama,3346.8848850340864,4001.3925605267104,357.89783860346404,4.82342100543752,3862.0132553384205,1807.4458018852267,1.0,synthetic
1.0,dense,int8,1.0,128,256,512,1,0.0083968,cpu,0.9181447266510838,74.25698343992855,16.0,cpu_modern,vllm,4.356611636370148,18.106432612554837,4.704960160138116,4.704960160138116,25.824237858249422,5.203485958859976,1.0,synthetic
8.0,dense,Q4_0,4.72,128,256,8192,1,1.0747904,cpu,0.4498567585088218,48.73464100403041,16.0,cpu_older,transformers,88.91719251388237,182.93070329806818,19.4990890877263,4.131162942314894,142.04758636292703,80.58285857848252,1.0,synthetic
1.0,dense,Q6_K,0.82,128,256,8192,1,0.1343488,gpu,733.8374232334005,2157.978731216091,80.0,datacenter,llama.cpp,0.005450798601106203,0.5896559814329548,2.703278605707964,3.296681226473127,0.5204409777346624,0.006662452722013079,1.0,synthetic
7.0,dense,Q4_0,4.13,128,256,4096,1,0.4702208,gpu,735.2660844457059,2447.06409013919,80.0,datacenter,ollama,0.038081451861210654,2.506525169508106,13.233885575331447,3.2043306477800115,2.094073635591589,0.03698699020478318,1.0,synthetic
1.0,dense,fp32,4.0,128,256,8192,1,0.1343488,gpu,48.57544655846977,562.2764505779896,12.0,consumer_high,vllm,0.09575131306511236,10.813052368870366,16.431525275883825,4.107881318970956,7.242379013429739,0.05555031533104905,1.0,synthetic
7.0,dense,bf16,14.0,128,256,16384,1,1.8808832,gpu,10.195484402984246,186.0236564143616,6.0,consumer_low,transformers,4.5771897461789255,155.21860846876623,53.60712991370961,3.8290807081221154,219.8308334095532,4.206481728247849,1.0,synthetic
13.0,dense,Q5_K_M,9.49,128,256,512,1,0.10915839999999999,gpu,132.47638547837795,934.4878386018117,40.0,datacenter_low,ollama,0.5607468381437595,17.120177141385344,34.043570030292685,3.5873098029813155,17.31192826670492,0.372201476250866,1.0,synthetic
2.0,dense,fp16,4.0,128,256,512,1,0.0167936,cpu,1.1128610086674953,75.93586807324657,16.0,cpu_modern,ollama,7.18867849416249,70.52957891827813,18.491022520212034,4.622755630053009,55.87693866505317,5.716775749387732,1.0,synthetic
1.0,dense,Q4_0,0.59,128,256,512,1,0.0083968,gpu,8.111729306929217,195.55211365298862,6.0,consumer_low,transformers,0.8218551697690223,5.563704536320434,2.0196395727550756,3.423117919923857,6.410257339377387,0.676561550378016,1.0,synthetic
7.0,dense,Q5_K_M,5.109999999999999,128,256,8192,1,0.9404416,apple,2.8660293215011308,65.16643266877992,16.0,apple_base,ollama,12.21201741985953,142.83997621320108,21.224914157842267,4.153603553393791,149.2543939215577,17.247780734770995,1.0,synthetic
3.0,dense,Q4_K_M,1.8900000000000001,128,256,2048,1,0.10076159999999999,apple,16.78667332312808,448.20900112487703,64.0,apple_max,llama.cpp,0.7148527745200609,5.922122923320013,3.921046251022813,2.074627646043816,6.445514916160162,0.6878406047535103,1.0,synthetic
70.0,dense,Q8_0,74.2,128,256,16384,1,18.808832,gpu,43.33728007371823,559.3698286263262,12.0,consumer_high,transformers,7.512732566395763,244.52104335612663,215.76372065922843,2.907866855245666,192.89485439348388,5.663050066249277,1.0,synthetic
1.5,dense,Q4_0,0.885,128,256,16384,1,0.40304639999999997,cpu,1.0336940154540766,75.3791871501547,16.0,cpu_modern,vllm,5.804425594322849,22.783413630860245,3.559999340473295,4.022598124828582,26.01357518624856,6.35961805051566,1.0,synthetic
2.0,dense,bf16,4.0,128,256,4096,1,0.1343488,apple,13.67010024088909,451.9218282832602,64.0,apple_max,ollama,0.5852188249557186,12.197828743097375,9.079607346331532,2.269901836582883,10.281401004913654,0.5097989764774664,1.0,synthetic
8.0,dense,bf16,16.0,128,256,512,1,0.0671744,gpu,45.85568049899323,442.06436937209776,12.0,consumer_high,vllm,0.8114436841995689,53.44967675322939,45.519344464854264,2.8449590290533915,48.075957364437734,0.6449234581836126,1.0,synthetic
1.5,dense,Q8_0,1.59,128,256,512,1,0.012595199999999999,cpu,0.41250874123985704,49.27606127288119,16.0,cpu_older,llama.cpp,18.18143290117349,50.03506800735246,4.350131075393125,2.73593149395794,41.03528699718158,23.623187242505537,1.0,synthetic
30.0,dense,Q6_K,24.599999999999998,128,256,8192,1,4.030463999999999,cpu,0.4558949836128361,38.36118926149146,16.0,cpu_older,mlx,329.02314215281183,1148.214342158671,119.10958304402484,4.841852969269303,1085.9460790912517,358.0737433932471,1.0,synthetic
8.0,dense,fp16,16.0,128,256,512,1,0.0671744,gpu,8.574229669034303,196.42110643359513,6.0,consumer_low,ollama,6.220189497133,148.72660527198758,47.2610878259275,2.9538179891204686,177.0287244374342,10.19267838963326,1.0,synthetic
2.0,dense,Q4_0,1.18,128,256,16384,1,0.5373952,gpu,25.403731869008674,374.224222858103,8.0,consumer_mid,llama.cpp,0.39364295181368675,7.060329877524526,4.711778791785089,3.9930328743941432,5.379280377708746,0.3792807044005395,1.0,synthetic
1.0,dense,fp16,2.0,128,256,4096,1,0.0671744,apple,24.683824895442214,783.884265630961,128.0,apple_ultra,transformers,0.1473176726770201,3.2963641615132087,4.696320756307413,2.3481603781537066,3.4842847535914006,0.09729255963078388,1.0,synthetic
3.8,dense,Q4_0,2.242,128,256,4096,1,0.25526271999999994,apple,12.853980837543661,346.13579657280366,64.0,apple_max,vllm,1.1825130433992972,9.619587629002497,5.211486529133835,2.3244810567055465,8.77771372951233,1.246912508510425,1.0,synthetic
0.5,moe,Q6_K,0.41,128,256,4096,1,0.0335872,gpu,150.39943131342005,890.5151511416728,40.0,datacenter_low,transformers,0.018997032317155552,0.8302070987250191,1.3796011903934033,3.364880952179033,0.9393472235602909,0.02850744802844684,1.0,synthetic
70.0,dense,Q3_K_M,34.3,128,256,8192,1,9.404416,apple,25.83504612806021,907.3010112741333,128.0,apple_ultra,ollama,9.852719181677216,60.21212290205841,92.46262543002133,2.695703365306745,85.77047566671699,17.120766791885135,1.0,synthetic
70.0,moe,fp32,280.0,128,256,2048,1,2.351104,gpu,604.8065417558737,2833.891434819658,80.0,datacenter,vllm,0.46295795542671264,132.84494036752827,656.2975526119938,2.3439198307571205,115.15031467760087,0.265366699698668,1.0,synthetic
1.5,dense,Q6_K,1.23,128,256,8192,1,0.20152319999999999,apple,8.8086183917823,128.74343247851687,32.0,apple_pro,ollama,0.7568345420532812,15.884562835454878,5.731421575608951,4.659692337893456,15.113405150601631,0.799984833233895,1.0,synthetic
7.0,dense,Q6_K,5.739999999999999,128,256,2048,1,0.2351104,apple,16.033976868012708,359.7604315008766,64.0,apple_max,ollama,1.7462916549330405,22.144775158930322,14.549173963257465,2.5346992967347504,14.073267362622945,2.1140595092475056,1.0,synthetic
70.0,moe,fp16,140.0,128,256,4096,1,4.702208,gpu,72.0040528885166,679.7397809665182,24.0,consumer_flagship,mlx,4.320744439105427,304.1126116027366,440.8875839560271,3.149197028257336,227.38925280398706,3.881428270395893,1.0,synthetic
13.0,moe,bf16,26.0,128,256,4096,1,0.8732671999999999,gpu,166.72275808479824,863.0447518322017,40.0,datacenter_low,transformers,0.4455643317028814,51.89624126858113,119.28857748588736,4.588022210995668,48.472230193194385,0.4071607858015142,1.0,synthetic
30.0,dense,Q5_K_M,21.9,128,256,4096,1,2.0152319999999997,gpu,62.90883791903202,595.918536279432,24.0,consumer_flagship,transformers,2.1194690244468113,57.331019364091446,96.3117739635699,4.397797897879904,67.735349686336,1.3332888040412223,1.0,synthetic
13.0,dense,Q6_K,10.66,128,256,16384,1,3.4930687999999996,apple,2.6700497553839337,60.0550438341014,16.0,apple_base,ollama,24.344115636396996,362.56658241977624,40.18115163288295,3.7693388023342353,375.1612795896742,26.079744680141086,1.0,synthetic
30.0,moe,Q6_K,24.599999999999998,128,256,4096,1,2.0152319999999997,gpu,162.11340554981675,880.7906775527923,40.0,datacenter_low,ollama,1.0574607994148404,50.3623858999589,67.21417944995405,2.7322837174778067,42.71237232540264,1.5753295454595115,1.0,synthetic
70.0,dense,bf16,140.0,128,256,8192,1,9.404416,gpu,160.30560395818355,878.3115188824625,40.0,datacenter_low,llama.cpp,2.495234041252493,283.5068818371295,461.89129216071734,3.2992235154336953,340.8150086886994,2.060905752026828,1.0,synthetic
30.0,dense,Q4_0,17.7,128,256,2048,1,1.0076159999999998,gpu,28.13143545422761,344.7630486267001,8.0,consumer_mid,transformers,5.332113259704204,83.48037240925697,47.49622012835266,2.6834022671385687,78.90729418024975,8.791159562449561,1.0,synthetic
3.0,dense,fp32,12.0,128,256,8192,1,0.40304639999999997,cpu,0.9098050386834059,75.0819347156662,16.0,cpu_modern,ollama,13.189638977341124,220.25797900156394,48.79065443641956,4.06588786970163,255.00354078707645,20.22353943495739,1.0,synthetic
1.0,dense,fp32,4.0,128,256,8192,1,0.1343488,apple,2.804093715658748,67.62128105753516,16.0,apple_base,transformers,1.7831073091740022,94.0611670750927,8.13156383757852,2.03289095939463,93.60798672900111,1.8383097544894103,1.0,synthetic
70.0,dense,fp32,280.0,128,256,512,1,0.587776,gpu,40.54220063393779,522.8790316625627,12.0,consumer_high,transformers,8.03067890390473,789.1482682733188,773.2625692072972,2.7616520328832044,1090.377504534845,9.340239528304927,1.0,synthetic
13.0,dense,Q4_0,7.67,128,256,2048,1,0.43663359999999996,gpu,26.977239366603506,369.73832225998535,8.0,consumer_mid,ollama,2.409438531374222,33.73127222455011,18.728770333546496,2.44182142549498,38.21002226997535,1.3453368644538473,1.0,synthetic
2.0,dense,Q5_K_M,1.46,128,256,16384,1,0.5373952,cpu,0.1478654026546012,42.79139335168097,8.0,cpu_low,ollama,90.17209633871329,84.86817913399342,5.505309739837462,3.7707600957790834,113.70626322172595,83.11727271550423,1.0,synthetic
8.0,dense,Q6_K,6.56,128,256,2048,1,0.2686976,cpu,0.36302520557228285,46.0949343034216,16.0,cpu_older,vllm,110.18518655458898,227.91416831685956,15.474327049676262,2.3588913185482108,121.35951658081629,115.21559275835784,1.0,synthetic
3.0,dense,Q8_0,3.18,128,256,16384,1,0.8060927999999999,cpu,0.9750125991541689,66.956445148561,16.0,cpu_modern,transformers,12.307533267170182,79.3768305382357,9.273339337979143,2.916144445905391,75.83090374971641,9.473719427160288,1.0,synthetic
70.0,dense,Q6_K,57.4,128,256,16384,1,18.808832,gpu,73.29811435431336,673.8982191298568,24.0,consumer_flagship,llama.cpp,4.244462682999474,161.55222986131878,236.04355214021015,4.112257005927006,169.35316454108298,6.875988461669497,1.0,synthetic
3.0,dense,bf16,6.0,128,256,8192,1,0.40304639999999997,gpu,8.352313154141576,226.51429837029974,6.0,consumer_low,mlx,2.394546232989696,51.395883744268815,18.570822482570044,3.0951370804283407,70.62551251955094,2.4789368736665085,1.0,synthetic
1.0,dense,Q8_0,1.06,128,256,16384,1,0.2686976,gpu,22.001585117878932,368.23972301068903,8.0,consumer_mid,vllm,0.2272563532677879,5.551139722606237,2.7331100504793406,2.578405707999378,5.5344780116329835,0.21149723648996072,1.0,synthetic
7.0,dense,fp16,14.0,128,256,2048,1,0.2351104,gpu,67.48382233648957,800.6781733589489,24.0,consumer_flagship,mlx,0.46101584104089555,25.398309428978656,49.326935851947084,3.5233525608533633,35.41806214776402,0.4408445219874288,1.0,synthetic
13.0,dense,Q6_K,10.66,128,256,8192,1,1.7465343999999998,gpu,44.943840419904326,564.5635239768167,12.0,consumer_high,transformers,1.3453482326866644,32.31683017863721,30.79425899107076,2.8887672599503524,34.115793414757455,1.4701325312622149,1.0,synthetic
7.0,dense,Q4_K_M,4.41,128,256,512,1,0.0587776,gpu,65.87766410661683,642.0184189941939,24.0,consumer_flagship,mlx,0.4722558325802307,9.943590107588072,19.822597731440247,4.4949201205079925,8.15223140063267,0.2024980727974864,1.0,synthetic
7.0,moe,fp16,14.0,128,256,2048,1,0.2351104,apple,30.20782975913244,779.5088149751546,128.0,apple_ultra,mlx,0.8426472758060358,22.827051674286903,29.048777818233507,2.0749127013023934,25.36898865390095,0.6006173847175517,1.0,synthetic
2.0,dense,Q3_K_M,0.98,128,256,16384,1,0.5373952,apple,26.18600244961057,916.6304725076837,128.0,apple_ultra,transformers,0.2777333915981296,2.0692569763810686,2.863020853558459,2.9214498505698563,1.9827715450747392,0.21242002772579135,1.0,synthetic
30.0,dense,Q8_0,31.8,128,256,512,1,0.25190399999999996,gpu,785.0685059115355,2777.005080930516,80.0,datacenter,vllm,0.1528529027675988,15.389194745614258,123.42900279343061,3.8814151821833525,14.699015852820779,0.14767158084226126,1.0,synthetic
0.5,dense,Q4_K_M,0.315,128,256,16384,1,0.1343488,apple,7.607284908520903,157.74379757727283,32.0,apple_pro,vllm,0.29211765418869956,4.069426925191154,1.4404203535954694,4.572763027287205,3.1444328780312216,0.356973959582216,1.0,synthetic
0.5,dense,Q8_0,0.53,128,256,512,1,0.0041984,cpu,0.8675772663130406,70.24470488337964,16.0,cpu_modern,transformers,2.3052701789887116,10.139761203578773,2.029691288627005,3.829606204956613,8.103678243831421,2.7380120610034115,1.0,synthetic
30.0,dense,Q4_K_M,18.9,128,256,4096,1,2.0152319999999997,gpu,26.695795512770637,330.5200467659836,8.0,consumer_mid,ollama,5.618862338387464,97.35348979537787,59.86327464517221,3.1673690288450906,106.6752675107974,7.965328130525265,1.0,synthetic
70.0,dense,Q4_0,41.3,128,256,512,1,0.587776,apple,3.051878154008843,69.56592128769284,16.0,apple_base,llama.cpp,114.6834776284407,926.3549035911798,125.15104985561518,3.030291764058479,851.7652338128014,81.10832959595652,1.0,synthetic
8.0,dense,bf16,16.0,128,256,2048,1,0.2686976,gpu,679.1895717416164,2695.832941363943,80.0,datacenter,llama.cpp,0.04711497545220517,8.04634310500904,46.09646784120494,2.881029240075309,9.609885999367657,0.04671850877158767,1.0,synthetic
0.5,dense,Q4_K_M,0.315,128,256,16384,1,0.1343488,gpu,24.36777683713697,380.1304651002993,8.0,consumer_mid,llama.cpp,0.10259450489508551,1.8186015319015318,0.6804064540398984,2.1600204890155505,3.02511976018011,0.18649654156493164,1.0,synthetic
1.5,dense,Q3_K_M,0.735,128,256,512,1,0.012595199999999999,cpu,0.3878319595262147,41.90490538769339,16.0,cpu_older,mlx,19.338272196964347,27.446582945304435,2.2217206822685593,3.0227492275762713,29.88815034177011,24.17214395287466,1.0,synthetic
1.0,dense,Q4_K_M,0.63,128,256,512,1,0.0083968,gpu,9.117542821610135,220.43215279695164,6.0,consumer_low,mlx,0.73119115501882,5.265663106845573,1.3394646645835355,2.1261343882278343,3.8400711514169923,0.5056360027022075,1.0,synthetic
1.0,moe,Q8_0,1.06,128,256,8192,1,0.1343488,cpu,0.4117885311822276,49.790070715394535,16.0,cpu_older,vllm,12.14215458027743,36.90413903629123,4.116087315250353,3.88310124080222,52.60345000192391,9.843685201881213,1.0,synthetic
13.0,moe,Q8_0,13.780000000000001,128,256,16384,1,3.4930687999999996,gpu,8.664251585831103,178.4635879695378,6.0,consumer_low,vllm,10.002787408481435,175.97752008507356,55.91322471587767,4.057563477204475,212.74657826344085,11.44195996976055,1.0,synthetic
1.0,dense,Q5_K_M,0.73,128,256,2048,1,0.0335872,apple,2.5660906356313364,62.211151045576216,16.0,apple_base,ollama,1.9484892429646576,18.883263188634956,3.116686116660503,4.269433036521237,19.454408206947225,1.5657162651444838,1.0,synthetic
70.0,dense,int8,70.0,128,256,2048,1,2.351104,apple,13.247606341808966,440.60053847120616,64.0,apple_max,mlx,21.13589374378752,218.9469377440876,343.9943882078157,4.914205545825938,347.5319777520483,24.85298984556392,1.0,synthetic
2.0,dense,Q4_K_M,1.26,128,256,8192,1,0.2686976,gpu,612.5730075320164,2800.9180172333413,80.0,datacenter,transformers,0.013059667830012698,0.7277126478268005,5.738438272131612,4.5543160889933425,0.6792088756093576,0.009780596850695331,1.0,synthetic
30.0,dense,Q4_K_M,18.9,128,256,4096,1,2.0152319999999997,cpu,1.1218762710213603,76.94680335848015,16.0,cpu_modern,transformers,106.96366711700885,362.41890218726854,85.0174165012689,4.498276005358143,542.4225302365697,133.1212413317735,1.0,synthetic
1.0,dense,Q4_K_M,0.63,128,256,8192,1,0.1343488,apple,13.296800262919497,437.2083169875073,64.0,apple_max,vllm,0.3008242525199626,2.3309980476937127,2.0611705312743265,3.2716992559909945,1.1564356934306572,0.21866914702521795,1.0,synthetic
8.0,dense,fp16,16.0,128,256,16384,1,2.1495808,gpu,25.069086889345314,396.7303081064333,8.0,consumer_mid,vllm,1.595590624283987,70.38139368094124,40.65392626955075,2.540870391846922,81.88430584795255,1.6267208202497931,1.0,synthetic
0.5,moe,Q3_K_M,0.245,128,256,8192,1,0.0671744,gpu,26.681019841244748,382.7851515539184,8.0,consumer_mid,ollama,0.09369956676601189,1.2546680709600564,0.9051373940983439,3.694438343258547,1.594354640440978,0.15168059793451755,1.0,synthetic
1.5,dense,Q4_K_M,0.9450000000000001,128,256,8192,1,0.20152319999999999,gpu,49.87256151481239,548.246989574675,12.0,consumer_high,transformers,0.13989143477169072,3.0753721615868743,4.355793890319481,4.609305704041778,2.101460976740904,0.11927636977626467,1.0,synthetic
3.8,dense,Q4_0,2.242,128,256,16384,1,1.0210508799999998,cpu,0.14694111598351836,41.95236123083693,8.0,cpu_low,llama.cpp,172.40466130783187,141.418018146194,9.557932676860544,4.263127866574729,111.63976019021482,171.8499361270518,1.0,synthetic
13.0,dense,Q5_K_M,9.49,128,256,16384,1,3.4930687999999996,apple,13.992338112312346,393.2374775924174,64.0,apple_max,ollama,3.7163195730843146,44.02113070703359,41.22902722557154,4.344470729775716,41.37518107604839,3.217946337254602,1.0,synthetic
3.8,dense,Q3_K_M,1.8619999999999999,128,256,4096,1,0.25526271999999994,cpu,0.13432145603560436,40.095278144182544,8.0,cpu_low,vllm,188.6022835146923,96.01052193665151,8.254367156386378,4.43306506787668,102.05925446790178,223.59011513428197,1.0,synthetic
1.5,dense,Q8_0,1.59,128,256,4096,1,0.10076159999999999,apple,23.83267019736172,740.1756382404931,128.0,apple_ultra,vllm,0.2288684150527654,2.855338504552768,6.2306717518197745,3.9186614791319334,3.087605775964504,0.27185731857961104,1.0,synthetic
8.0,dense,Q5_K_M,5.84,128,256,8192,1,1.0747904,apple,8.39304016669208,146.13902494370896,32.0,apple_pro,mlx,4.236314237677353,67.59503153798238,27.44378846125187,4.6992788461047725,62.65619395860958,7.705983403938044,1.0,synthetic
13.0,dense,Q4_0,7.67,128,256,4096,1,0.8732671999999999,apple,2.852543698486589,63.80416358231721,16.0,apple_base,llama.cpp,22.786679844549138,205.99734033097815,27.189685443018412,3.5449394319450342,220.52733076895768,25.250446070453904,1.0,synthetic
30.0,dense,Q6_K,24.599999999999998,128,256,16384,1,8.060927999999999,apple,2.6676612655120646,62.18745801788707,16.0,apple_base,mlx,56.22902800262653,808.0018566446108,110.93172154494866,4.509419574997914,605.586588486199,89.990022411189,1.0,synthetic
0.5,dense,fp32,2.0,128,256,2048,1,0.0167936,cpu,1.134986502799661,83.84187475833411,16.0,cpu_modern,llama.cpp,1.7621354924191766,32.072972379068055,6.1086500408241005,3.0543250204120502,43.922071950822996,1.5015391586242108,1.0,synthetic
8.0,moe,Q4_K_M,5.04,128,256,4096,1,0.5373952,cpu,0.9001300263296901,66.04937944010935,16.0,cpu_modern,llama.cpp,35.550419454932594,112.59041335999905,13.693477206865827,2.7169597632670293,137.74681860819126,33.19576736779857,1.0,synthetic
2.0,dense,fp16,4.0,128,256,2048,1,0.0671744,apple,24.62275663593125,912.7569884578495,128.0,apple_ultra,vllm,0.29536608675709364,5.56990312239584,19.013630482515005,4.753407620628751,5.336568367509994,0.2895655918681436,1.0,synthetic
1.0,dense,fp32,4.0,128,256,16384,1,0.2686976,gpu,57.973025439086875,710.8736495823961,24.0,consumer_flagship,transformers,0.07666400728239187,8.578373149931483,8.599069827960548,2.149767456990137,8.054338845166269,0.0737091026782903,1.0,synthetic
1.0,dense,Q4_K_M,0.63,128,256,4096,1,0.0671744,apple,13.270005144763525,348.5640416667256,64.0,apple_max,mlx,0.30143168419029887,2.6668438379982335,1.9080660526495714,3.028676274046939,2.608029266010292,0.4886425781563409,1.0,synthetic
1.5,dense,Q6_K,1.23,128,256,512,1,0.012595199999999999,cpu,0.3902042692158409,50.79078093023041,16.0,cpu_older,vllm,19.220702057084328,37.638423510418946,5.724477972686028,4.654047132265063,40.11005897727082,22.227758029819363,1.0,synthetic
30.0,dense,Q4_0,17.7,128,256,2048,1,1.0076159999999998,apple,7.567155266210299,144.64991967037273,32.0,apple_pro,llama.cpp,17.62000760427213,184.75755655576475,60.978261398455295,3.4450995140370226,271.34569714849596,26.930734187435228,1.0,synthetic
70.0,dense,Q8_0,74.2,128,256,2048,1,2.351104,gpu,145.5296031797079,1031.2686841343477,40.0,datacenter_low,llama.cpp,2.7485816717720186,123.71671446653981,310.295305433528,4.181877431718705,115.98765739818671,4.028586484597995,1.0,synthetic
13.0,dense,int8,13.0,128,256,512,1,0.10915839999999999,gpu,60.50645301842296,616.0355585098392,24.0,consumer_flagship,mlx,0.9549027400463492,30.39981845878793,26.644947857866164,2.0496113736820125,22.970536964501854,0.5725939170039348,1.0,synthetic
1.0,moe,int8,1.0,128,256,512,1,0.0083968,apple,8.75550080392615,143.66370310751316,32.0,apple_pro,llama.cpp,0.5076173875115702,10.027354341999558,2.524990486251752,2.524990486251752,8.329436184648934,0.529403258046379,1.0,synthetic
7.0,dense,Q3_K_M,3.4299999999999997,128,256,16384,1,1.8808832,gpu,50.26086529192206,516.3031291824201,12.0,consumer_high,ollama,0.6477831081057108,15.127009525022082,15.692483807587106,4.5750681654772904,10.524178050187793,0.49091716646861905,1.0,synthetic
70.0,dense,Q4_0,41.3,128,256,8192,1,9.404416,apple,9.196667424889888,155.83385554046058,32.0,apple_pro,llama.cpp,33.82867910055321,464.82120171372566,126.62658984840186,3.066019124658641,543.1087516448324,41.13985652987932,1.0,synthetic
8.0,dense,Q4_0,4.72,128,256,4096,1,0.5373952,apple,3.0668433422313788,74.79436160178994,16.0,apple_base,transformers,13.042726848544126,108.14050864896669,12.738886523025034,2.6989166362341175,86.34849113302991,11.521283197631869,1.0,synthetic
1.5,dense,fp16,3.0,128,256,8192,1,0.20152319999999999,gpu,785.1527902731783,2152.669966683076,80.0,datacenter,vllm,0.007641824717851948,1.9829781926940653,11.551956647697553,3.8506522158991845,1.664051765588789,0.005607105962284845,1.0,synthetic
30.0,dense,fp16,60.0,128,256,2048,1,1.0076159999999998,cpu,1.0102305070257596,70.308928884942,16.0,cpu_modern,mlx,118.78477156000216,1156.9439229136267,210.455332806298,3.507588880104967,1023.1599984090577,98.41553117828153,1.0,synthetic
8.0,dense,int8,8.0,128,256,512,1,0.0671744,cpu,0.931353335713361,87.11276163704191,16.0,cpu_modern,mlx,34.35860352128327,123.47481966132031,33.5023937400792,4.1877992175099,103.76722425786282,33.77641404681064,1.0,synthetic
2.0,dense,Q8_0,2.12,128,256,4096,1,0.1343488,cpu,0.37946143458507875,47.072100582786334,16.0,cpu_older,vllm,26.35313918246917,73.67907699333075,9.150889930575476,4.316457514422394,84.25232534161695,15.962516459800408,1.0,synthetic
1.5,dense,Q8_0,1.59,128,256,512,1,0.012595199999999999,cpu,1.128402622532366,71.29636940773808,16.0,cpu_modern,mlx,5.317251023871935,29.970580798860222,7.602623976000666,4.781524513207966,26.844887066614746,2.8867635203464097,1.0,synthetic
30.0,dense,Q4_0,17.7,128,256,4096,1,2.0152319999999997,gpu,784.291239930238,2192.4087100754787,80.0,datacenter,vllm,0.1530043864963657,11.989997977655822,41.06148338596799,2.3198578184162706,11.94959025161565,0.10977652348182373,1.0,synthetic
1.0,dense,Q3_K_M,0.49,128,256,8192,1,0.1343488,gpu,667.5719834032265,2236.289033663108,80.0,datacenter,transformers,0.005991863198944228,0.3722528949234546,2.4451986423327403,4.990201310883144,0.4196278462893064,0.006258306786147767,1.0,synthetic
3.8,dense,Q5_K_M,2.774,128,256,4096,1,0.25526271999999994,cpu,0.3850289358996298,46.33667060104726,16.0,cpu_older,llama.cpp,49.346940524368705,100.57701868010462,7.263548345851525,2.618438480840492,82.21138786011852,81.61686515976633,1.0,synthetic
0.5,dense,bf16,1.0,128,256,2048,1,0.0167936,apple,26.21230431185428,698.23046887158,128.0,apple_ultra,mlx,0.06936367732307921,1.8203044075891843,2.934216935134634,2.934216935134634,1.3944417462765906,0.08930968799282404,1.0,synthetic
70.0,dense,fp32,280.0,128,256,2048,1,2.351104,gpu,39.884597526259746,554.6988670834837,12.0,consumer_high,vllm,8.16308589135133,748.5542812587244,1038.323453799678,3.708298049284564,1495.5317716643794,7.569724706375027,1.0,synthetic
30.0,moe,fp32,120.0,128,256,4096,1,2.0152319999999997,apple,2.919443803087207,61.727610274938044,16.0,apple_base,ollama,51.379649726903594,3041.0336752446055,277.39456450037176,2.3116213708364315,2641.5103867656453,57.41668340053816,1.0,synthetic
30.0,moe,fp16,60.0,128,256,16384,1,8.060927999999999,apple,3.1891305338368525,62.060275217220465,16.0,apple_base,vllm,47.034763365278295,1687.2164945047703,200.88323701131833,3.3480539501886386,1586.2147927394512,26.39286289834637,1.0,synthetic
0.5,dense,fp16,1.0,128,256,512,1,0.0041984,gpu,26.564343437987493,362.9603383115529,8.0,consumer_mid,vllm,0.09411111574566358,4.25644471947375,2.877838182270396,2.877838182270396,5.96195612280871,0.12362420376773682,1.0,synthetic
3.8,dense,Q5_K_M,2.774,128,256,8192,1,0.5105254399999999,apple,7.573599948321136,147.20989865529992,32.0,apple_pro,transformers,2.2299684435580343,31.874073977776426,5.594554565248918,2.0167824676456085,28.664040985845666,2.512501034267712,1.0,synthetic
0.5,dense,fp32,2.0,128,256,512,1,0.0041984,gpu,7.765514824267623,184.6438070625755,6.0,consumer_low,llama.cpp,0.4292482093932136,19.735279232377103,9.14797133636415,4.573985668182075,20.169759191191133,0.31725315351919364,1.0,synthetic
70.0,dense,fp32,280.0,128,256,16384,1,18.808832,gpu,69.61662930780793,640.27790324726,24.0,consumer_flagship,vllm,4.468919483813878,666.6945053625459,1240.572913582802,4.430617548510007,700.4694966963706,2.0973302213592495,1.0,synthetic
7.0,dense,bf16,14.0,128,256,8192,1,0.9404416,apple,29.74688498515993,898.3323948578661,128.0,apple_ultra,vllm,0.8557045709910187,20.789133406410038,32.69561559182536,2.335401113701811,33.775372743902864,0.8797510186108382,1.0,synthetic
8.0,dense,fp16,16.0,128,256,16384,1,2.1495808,cpu,1.0195866879861946,71.00985929021495,16.0,cpu_modern,transformers,31.38526657620827,340.7898749350333,44.33532501698149,2.7709578135613433,555.3124946424284,23.28668317757746,1.0,synthetic
7.0,dense,fp32,28.0,128,256,2048,1,0.2351104,gpu,38.954498280256274,426.5350784613136,12.0,consumer_high,llama.cpp,0.8357992265911306,97.34772888142801,74.58260719131313,2.6636645425468974,90.7078186071817,0.7362656683845841,1.0,synthetic
2.0,dense,Q5_K_M,1.46,128,256,16384,1,0.5373952,cpu,0.45841559130158754,42.38108242032073,16.0,cpu_older,mlx,21.814266769607077,72.50677700563641,6.677853654641086,4.573872366192525,74.90192490672817,15.85767028404591,1.0,synthetic
0.5,dense,int8,0.5,128,256,512,1,0.0041984,apple,28.44228905198017,751.059701392508,128.0,apple_ultra,ollama,0.0639252985179558,0.8391450091537115,2.0921567385516138,4.1843134771032275,1.2916079250234682,0.07415270821603741,1.0,synthetic
1.5,dense,Q8_0,1.59,128,256,512,1,0.012595199999999999,gpu,157.49423048839597,1000.1188146894167,40.0,datacenter_low,transformers,0.054423762348933195,2.6706746846168143,5.230414880660483,3.289569107333637,2.821809821893832,0.07418171459781854,1.0,synthetic
2.0,dense,Q8_0,2.12,128,256,2048,1,0.0671744,apple,8.339768709356239,164.31954006167084,32.0,apple_pro,mlx,1.065843574164905,19.014992714622903,9.786109113600633,4.6160892045286,18.427841084616116,0.7136189441787711,1.0,synthetic
1.0,moe,fp16,2.0,128,256,512,1,0.0083968,apple,7.340096957706078,148.95578507551724,32.0,apple_pro,transformers,0.6055021439162869,19.261677445153925,5.062812728758015,2.5314063643790075,17.93797806662443,0.4489352268100005,1.0,synthetic
8.0,dense,Q6_K,6.56,128,256,2048,1,0.2686976,gpu,8.631794921682124,192.40785300756332,6.0,consumer_low,vllm,6.17870718862491,64.52862304790526,14.138351039887908,2.1552364390073033,70.25498358548298,5.192326119162871,1.0,synthetic
13.0,moe,Q8_0,13.780000000000001,128,256,2048,1,0.43663359999999996,gpu,38.65759220705205,440.80008413674466,12.0,consumer_high,mlx,1.5641200816443894,47.42924257510205,37.50372047656926,2.7216052595478413,42.39421327720948,1.384709417287066,1.0,synthetic
13.0,dense,Q4_0,7.67,128,256,512,1,0.10915839999999999,gpu,45.20988442001441,510.4556948053115,12.0,consumer_high,ollama,1.3374313395126014,22.41122773229637,22.462818427954993,2.9286595082079523,26.795874956168657,1.0598487429740413,1.0,synthetic
30.0,dense,Q4_K_M,18.9,128,256,4096,1,2.0152319999999997,gpu,73.2315608478235,732.9117683559134,24.0,consumer_flagship,ollama,1.8207086096444456,40.767394040032926,84.17575929684588,4.453743878139994,58.00653498338622,1.659161787797435,1.0,synthetic
13.0,dense,int8,13.0,128,256,4096,1,0.8732671999999999,cpu,0.14057167225240244,36.553511544991686,8.0,cpu_low,mlx,616.5300965549657,690.0601642819244,57.247186109501534,4.403629700730887,680.2027536380969,519.0773629796468,1.0,synthetic
1.5,dense,fp32,6.0,128,256,2048,1,0.050380799999999996,gpu,48.66751943519507,562.9295943369248,12.0,consumer_high,vllm,0.1433552452850332,15.805917672546462,22.59640153804829,3.7660669230080486,12.512597445012899,0.14673106174852113,1.0,synthetic
1.0,dense,fp32,4.0,128,256,8192,1,0.1343488,gpu,162.52780264589452,790.1985924728531,40.0,datacenter_low,ollama,0.03515881972966585,8.720062777851703,16.047959792025196,4.011989948006299,10.999586732835196,0.037613414561908004,1.0,synthetic
7.0,dense,Q8_0,7.42,128,256,512,1,0.0587776,apple,3.4338360788318836,59.08588651099513,16.0,apple_base,ollama,10.192682235404268,194.73028792022285,34.445463325671454,4.642245731222568,226.76747879056137,9.226784162428595,1.0,synthetic
7.0,dense,Q4_K_M,4.41,128,256,512,1,0.0587776,apple,3.231891854942675,69.29479766578217,16.0,apple_base,vllm,10.829570286045602,99.21440992868882,13.540414462314784,3.0703887669648036,101.4029955219556,7.933400576340092,1.0,synthetic
2.0,dense,int8,2.0,128,256,8192,1,0.2686976,cpu,0.43506604397864224,48.4847442877074,16.0,cpu_older,llama.cpp,22.985016041589557,71.98767470626665,4.487674629045326,2.243837314522663,65.21785014445523,25.21796349519863,1.0,synthetic
0.5,dense,Q8_0,0.53,128,256,512,1,0.0041984,gpu,599.3775003596171,2596.558919371053,80.0,datacenter,mlx,0.0033367952564119126,0.2743109459291069,2.052835634223184,3.8732747815531776,0.18149466677801063,0.0024703989724723504,1.0,synthetic
30.0,dense,Q6_K,24.599999999999998,128,256,4096,1,2.0152319999999997,cpu,0.43907304070091124,50.89644831856052,16.0,cpu_older,mlx,341.628809094151,804.5062498849985,96.05667056603032,3.9047427059361923,742.0820372523766,509.99245463474483,1.0,synthetic
3.8,dense,Q3_K_M,1.8619999999999999,128,256,8192,1,0.5105254399999999,cpu,0.442755919205934,44.87323079220848,16.0,cpu_older,vllm,42.91303441877362,81.34112641373059,3.7248811612130246,2.00047323373417,70.61170126115725,37.09809049526044,1.0,synthetic
0.5,moe,fp16,1.0,128,256,16384,1,0.1343488,apple,15.982070977415777,353.33166506151883,64.0,apple_max,vllm,0.1251402276229529,4.280581720303303,3.681139580410305,3.681139580410305,3.496464255309992,0.09199349895527024,1.0,synthetic
3.0,dense,Q4_0,1.77,128,256,8192,1,0.40304639999999997,apple,7.755097465509846,157.86032964104226,32.0,apple_pro,vllm,1.7192992599554333,19.66518128436048,5.1107689562097205,2.8874400882540794,11.58321077223628,1.7140259866466339,1.0,synthetic
13.0,dense,Q8_0,13.780000000000001,128,256,2048,1,0.43663359999999996,apple,2.61032527113377,76.07267116485923,16.0,apple_base,vllm,24.901111259505168,287.51118719889735,30.248999892853394,2.1951378732114217,239.95938066026642,27.796060595976265,1.0,synthetic
1.5,dense,fp32,6.0,128,256,4096,1,0.10076159999999999,gpu,10.282155840264355,210.87035302637028,6.0,consumer_low,transformers,0.9725586886011346,52.6024339552117,25.613972156642866,4.268995359440478,80.19211794080653,0.7906759168356812,1.0,synthetic
13.0,dense,Q8_0,13.780000000000001,128,256,4096,1,0.8732671999999999,gpu,9.755897946449704,198.67263833918344,6.0,consumer_low,mlx,8.883515094395364,134.1015261221577,65.86387113996359,4.779671345425514,126.98840244030242,8.800591176677983,1.0,synthetic
3.0,dense,Q6_K,2.46,128,256,4096,1,0.20152319999999999,apple,3.0929770905500487,61.94434031867535,16.0,apple_base,transformers,4.849696444836075,66.10210159407568,6.624339851049015,2.6928210776622015,71.92738148042677,5.399435571400489,1.0,synthetic
30.0,dense,fp32,120.0,128,256,512,1,0.25190399999999996,apple,23.747344146908024,915.0609232826238,128.0,apple_ultra,transformers,4.593815140591755,164.26761997525932,241.48577568285742,2.012381464023812,196.42998805348122,4.08248359178777,1.0,synthetic
3.0,dense,bf16,6.0,128,256,8192,1,0.40304639999999997,gpu,38.53383489746463,494.8806963044552,12.0,consumer_high,vllm,0.3621100367825343,19.027302491688605,22.18015786022318,3.696692976703863,23.107806149241654,0.2627095493589736,1.0,synthetic
8.0,dense,fp32,32.0,128,256,4096,1,0.5373952,cpu,0.34929829569405896,40.44548200026218,16.0,cpu_older,vllm,114.51530251677761,1237.6544573408369,140.05334533541713,4.3766670417317854,917.3451667314589,100.7595599987228,1.0,synthetic
2.0,moe,Q5_K_M,1.46,128,256,512,1,0.0167936,gpu,682.3747494661887,2195.0739001318743,80.0,datacenter,mlx,0.011723763234583748,0.8970350078942844,3.4847453977387994,2.3868119162594517,0.7175068643816559,0.011604157383816642,1.0,synthetic
30.0,dense,Q4_0,17.7,128,256,4096,1,2.0152319999999997,gpu,23.047073740211538,387.7504090509864,8.0,consumer_mid,ollama,6.508418452199703,78.22332471055581,64.5601671809617,3.6474670723707177,57.597032927175555,4.9791763870482875,1.0,synthetic
3.0,dense,Q8_0,3.18,128,256,8192,1,0.40304639999999997,gpu,26.66389870399834,401.80414275681835,8.0,consumer_mid,llama.cpp,0.5625583927736232,13.719069791321944,14.434167359925677,4.5390463395992695,17.107780703084174,0.6568541838788569,1.0,synthetic
1.5,dense,Q3_K_M,0.735,128,256,512,1,0.012595199999999999,cpu,0.15803085970847222,43.63026206345303,8.0,cpu_low,llama.cpp,63.27877997023822,31.154156214399404,3.6040257620663083,4.903436410974569,38.71190775877501,63.71890798672906,1.0,synthetic
1.5,dense,Q4_0,0.885,128,256,8192,1,0.20152319999999999,cpu,0.4416588948403729,42.43174060399137,16.0,cpu_older,mlx,16.98143089071193,39.39442808737655,2.9727541622594003,3.359044251140565,41.60218857924186,11.234978030504612,1.0,synthetic
2.0,dense,fp32,8.0,128,256,4096,1,0.1343488,gpu,779.3292518604738,2200.023753300365,80.0,datacenter,transformers,0.010265237678300659,4.929855136213724,18.279679479455492,2.2849599349319365,6.11655024096037,0.008002404475086355,1.0,synthetic
13.0,dense,fp32,52.0,128,256,16384,1,3.4930687999999996,gpu,42.580319589292955,483.0733091080974,12.0,consumer_high,llama.cpp,1.420024951956303,168.9338917695942,238.2543004945547,4.581813471049129,129.46247627523383,1.5923163794864164,1.0,synthetic
13.0,dense,Q4_K_M,8.19,128,256,512,1,0.10915839999999999,cpu,0.9842626706398823,86.40818024172802,16.0,cpu_modern,mlx,52.831425544356065,128.06130741762328,19.864734320856172,2.4254864860630247,82.51308561592475,48.99757681016309,1.0,synthetic
3.8,dense,Q3_K_M,1.8619999999999999,128,256,4096,1,0.25526271999999994,gpu,7.660111755720469,201.9294490990901,6.0,consumer_low,vllm,3.307175422658127,19.063928510641034,7.015672058270366,3.76781528371126,17.952093396861684,2.5458386207048207,1.0,synthetic
3.0,dense,bf16,6.0,128,256,512,1,0.025190399999999998,gpu,60.62587498960265,631.7971013968842,24.0,consumer_flagship,transformers,0.21992809729542057,13.62370108712453,28.89459944719134,4.81576657453189,12.383974145319456,0.274606279721807,1.0,synthetic
3.8,moe,Q5_K_M,2.774,128,256,4096,1,0.25526271999999994,gpu,42.5287613965804,523.1459482301084,12.0,consumer_high,vllm,0.4155874289363222,8.5154021219478,11.986559521400325,4.321038039437752,8.249849458576922,0.3906175664592338,1.0,synthetic
30.0,dense,fp32,120.0,128,256,2048,1,1.0076159999999998,gpu,25.215143902591148,394.93675148763964,8.0,consumer_mid,transformers,5.948806026230362,471.3807017849781,401.6239574921655,3.3468663124347127,612.1829107885202,5.599988597271508,1.0,synthetic
30.0,dense,fp32,120.0,128,256,512,1,0.25190399999999996,cpu,0.17156617254158932,43.697292073715055,8.0,cpu_low,mlx,1165.7309657095602,5003.509716018819,545.1400947176337,4.542834122646948,6039.683996942277,1054.802800274534,1.0,synthetic
13.0,moe,Q4_0,7.67,128,256,16384,1,3.4930687999999996,gpu,41.094185363922094,518.6435601174904,12.0,consumer_high,transformers,1.4713788761987243,31.65233102159791,35.01163921646033,4.564750875679313,45.296066570881784,0.8422326975692332,1.0,synthetic
30.0,dense,fp32,120.0,128,256,2048,1,1.0076159999999998,gpu,74.24772924767385,687.2934276396713,24.0,consumer_flagship,vllm,1.7957900488587755,251.51997080899295,351.3367963651883,2.927806636376569,165.62489453298122,3.361880571075519,1.0,synthetic
1.0,dense,fp16,2.0,128,256,2048,1,0.0335872,apple,8.005756466824485,142.7405822005664,32.0,apple_pro,mlx,0.5551560883549275,20.352478087461826,9.26108664492467,4.630543322462335,21.782863309343284,0.894699615800491,1.0,synthetic
70.0,dense,Q4_0,41.3,128,256,8192,1,9.404416,apple,3.039189523184498,62.66055323213457,16.0,apple_base,mlx,115.16228169714994,1244.91071052576,108.22760462598724,2.620523114430684,1304.7235391322092,162.6944203670621,1.0,synthetic
0.5,dense,Q3_K_M,0.245,128,256,8192,1,0.0671744,gpu,725.9366400908066,2393.2875737068202,80.0,datacenter,mlx,0.002755061378014784,0.17391663998349166,1.0239343982089513,4.17932407432225,0.16701115028389943,0.003943201451777478,1.0,synthetic
3.0,moe,int8,3.0,128,256,16384,1,0.8060927999999999,gpu,39.5397388030892,484.4036519453519,12.0,consumer_high,transformers,0.35289783884467263,11.554816466885546,8.968342279707251,2.989447426569084,10.200664357370158,0.28070278408261207,1.0,synthetic
2.0,dense,Q6_K,1.64,128,256,2048,1,0.0671744,gpu,47.02993506668851,538.5492139234483,12.0,consumer_high,vllm,0.1977958414827628,4.661692048430237,7.2692370461637035,4.4324616135144534,4.739119622964516,0.3259611198147525,1.0,synthetic
2.0,dense,Q4_K_M,1.26,128,256,8192,1,0.2686976,cpu,0.9811234248272425,68.13420822440973,16.0,cpu_modern,transformers,8.153918046966059,29.915420165350056,5.517516002263693,4.378980954177534,34.71072456741283,8.363839025295636,1.0,synthetic
13.0,dense,fp16,26.0,128,256,4096,1,0.8732671999999999,gpu,716.527136015371,2610.104245261823,80.0,datacenter,vllm,0.07257226891527593,13.72781297849622,77.84874283752572,2.994182416827912,13.31869465637131,0.09026359796696826,1.0,synthetic
7.0,moe,int8,7.0,128,256,16384,1,1.8808832,gpu,171.4758704250202,998.1296460477898,40.0,datacenter_low,llama.cpp,0.23326897190173743,14.829207867543207,22.71664070916378,3.2452343870233973,13.40234860975144,0.12890274686733255,1.0,synthetic
7.0,dense,Q3_K_M,3.4299999999999997,128,256,2048,1,0.2351104,gpu,8.052558332412872,227.46915942879556,6.0,consumer_low,mlx,5.795259685214034,29.29556300134421,8.808475582834042,2.5680686830419948,37.4217096234076,5.3770700543686765,1.0,synthetic
3.8,dense,Q6_K,3.1159999999999997,128,256,512,1,0.03190783999999999,gpu,25.35903107977915,300.0159454380483,8.0,consumer_mid,ollama,0.7492399824041491,16.142259143561354,12.080011426275247,3.876768750409258,18.068748205269415,1.1654335132285292,1.0,synthetic
1.5,moe,Q3_K_M,0.735,128,256,8192,1,0.20152319999999999,gpu,605.8613853364772,2283.2787476564613,80.0,datacenter,llama.cpp,0.009903255340605311,0.5468879352911479,2.853503011939143,3.882317023046453,0.5201267882131214,0.008771034587151293,1.0,synthetic
0.5,dense,bf16,1.0,128,256,512,1,0.0041984,gpu,152.9783692942819,930.2804518356153,40.0,datacenter_low,vllm,0.018676776790884864,1.7990961722323109,2.7335224920332757,2.7335224920332757,1.1728213906189922,0.02087798849078758,1.0,synthetic
8.0,dense,fp16,16.0,128,256,2048,1,0.2686976,gpu,623.782533542682,2761.8031561776193,80.0,datacenter,ollama,0.05129992950950496,7.854142954207326,40.50605023141949,2.5316281394637183,5.834600970777488,0.05856970439123266,1.0,synthetic
1.5,moe,fp16,3.0,128,256,2048,1,0.050380799999999996,cpu,0.4447642721831364,48.276866660804814,16.0,cpu_older,mlx,16.862865272846815,97.20791474380462,8.357780078506657,2.7859266928355524,75.57074917243347,28.28172266143292,1.0,synthetic
7.0,dense,Q6_K,5.739999999999999,128,256,2048,1,0.2351104,gpu,74.34928988070007,762.420310754788,24.0,consumer_flagship,vllm,0.4184453027195231,11.195756303435276,24.548808155144812,4.2767958458440445,13.743564848616241,0.3636618956331459,1.0,synthetic
3.0,dense,fp16,6.0,128,256,4096,1,0.20152319999999999,gpu,8.452117484670595,195.59317125449837,6.0,consumer_low,transformers,2.366270941722417,57.647701373998785,25.00971659111454,4.16828609851909,57.34008824044546,2.3540358376135075,1.0,synthetic
1.0,moe,fp32,4.0,128,256,512,1,0.0083968,apple,2.79076067161848,74.52921106122356,16.0,apple_base,transformers,1.791626222502372,82.74291676892288,17.4674107584948,4.3668526896237,117.6710813358415,1.725298057225943,1.0,synthetic
70.0,dense,Q4_K_M,44.1,128,256,8192,1,9.404416,gpu,70.06994458745388,668.2889364134013,24.0,consumer_flagship,transformers,4.44000795123814,114.37400177565956,217.05233920674195,4.921821750719772,200.39387136271327,3.201588262227569,1.0,synthetic
1.5,dense,bf16,3.0,128,256,16384,1,0.40304639999999997,apple,14.223962719223216,450.7772665260229,64.0,apple_max,mlx,0.4218233778053424,10.065714349279549,11.520513852572444,3.8401712841908147,9.038815214505599,0.7705685305110754,1.0,synthetic
30.0,dense,Q3_K_M,14.7,128,256,4096,1,2.0152319999999997,cpu,0.3727037402848248,41.951347076404794,16.0,cpu_older,vllm,402.4644343128088,612.9896494533582,56.211528491078965,3.8239135027944875,831.893101734004,325.46578715206937,1.0,synthetic
1.5,moe,Q4_0,0.885,128,256,16384,1,0.40304639999999997,gpu,132.11630521489593,995.1038617434959,40.0,datacenter_low,transformers,0.06487790100916442,2.1573064707424057,3.549342415976756,4.010556402233623,2.4262912443293705,0.06692159138559299,1.0,synthetic
2.0,dense,Q8_0,2.12,128,256,8192,1,0.2686976,cpu,0.9025524591112543,76.19596866757222,16.0,cpu_modern,transformers,8.863750709712344,41.79919474780282,4.334829280024579,2.044730792464424,39.76455377711062,9.032417746286262,1.0,synthetic
13.0,dense,Q3_K_M,6.37,128,256,16384,1,3.4930687999999996,gpu,622.1746301256993,2313.748326284103,80.0,datacenter,vllm,0.0835778212131445,5.683746261686212,15.377707606803208,2.4140828268136905,5.029180306077456,0.03667841087011813,1.0,synthetic
3.8,dense,bf16,7.6,128,256,2048,1,0.12763135999999997,gpu,68.3811357927587,720.1889929562722,24.0,consumer_flagship,ollama,0.24698169594716443,15.328578302916187,18.710615206577593,2.4619230534970518,14.640055565261404,0.19918856665464058,1.0,synthetic
2.0,dense,Q5_K_M,1.46,128,256,16384,1,0.5373952,apple,14.445688227665869,415.38191254124257,64.0,apple_max,transformers,0.5537984673294197,6.411433718206438,4.425942511713336,3.0314674737762575,4.370744480464358,0.6003979588175352,1.0,synthetic
3.8,dense,fp16,7.6,128,256,4096,1,0.25526271999999994,apple,3.1026280786037854,75.36144257208635,16.0,apple_base,transformers,6.123840666249044,160.36077809512398,23.460280361615883,3.0868789949494584,174.36632398507868,9.861533047178318,1.0,synthetic
3.0,moe,Q4_K_M,1.8900000000000001,128,256,8192,1,0.40304639999999997,gpu,23.98788458156354,389.8388175777616,8.0,consumer_mid,llama.cpp,0.6253156650390341,9.049287893461265,3.995447737517888,2.1139935119142264,12.376167647846017,0.8793590225395903,1.0,synthetic
3.0,dense,Q3_K_M,1.47,128,256,512,1,0.025190399999999998,gpu,25.791469561684536,348.4016963094969,8.0,consumer_mid,llama.cpp,0.5815876433145865,6.602415968243438,6.8662867519022015,4.670943368640954,6.1096844273510085,0.49301721647633767,1.0,synthetic
1.0,dense,int8,1.0,128,256,16384,1,0.2686976,cpu,0.15224947871396788,37.402558946003424,8.0,cpu_low,mlx,43.78777991871734,61.67286341079048,4.108552470188098,4.108552470188098,64.67662313607413,39.07439652470466,1.0,synthetic
30.0,dense,fp32,120.0,128,256,16384,1,8.060927999999999,cpu,0.4136852328367076,45.13854572397876,16.0,cpu_older,mlx,362.59452379149565,4364.713331981183,324.0223626222264,2.70018635518522,7161.470053103994,237.80484094774005,1.0,synthetic
8.0,dense,fp32,32.0,128,256,4096,1,0.5373952,cpu,0.4529510877013177,46.1987261439331,16.0,cpu_older,llama.cpp,88.30975592308668,1083.5262193370395,141.34573973218167,4.417054366630677,956.3884087106145,50.34395508519594,1.0,synthetic
7.0,dense,Q4_K_M,4.41,128,256,16384,1,1.8808832,apple,2.6954544546572676,63.7738466981893,16.0,apple_base,llama.cpp,12.984823371630785,151.75941780580467,19.304797251027196,4.377505045584398,113.32882042572075,18.25947423161492,1.0,synthetic
1.0,dense,fp16,2.0,128,256,8192,1,0.1343488,gpu,22.228401153830205,377.5820478977339,8.0,consumer_mid,vllm,0.22493745570802975,8.696423881229883,6.110961382520869,3.0554806912604344,9.101639389145591,0.29394294365449364,1.0,synthetic
1.5,dense,Q8_0,1.59,128,256,512,1,0.012595199999999999,cpu,0.919778391089155,79.4930484463292,16.0,cpu_modern,transformers,6.523310460572033,26.88025735285124,7.869940256338368,4.949647959961237,28.67854536972187,6.532599790446573,1.0,synthetic
2.0,dense,fp16,4.0,128,256,4096,1,0.1343488,apple,15.60761054763724,393.1444607327069,64.0,apple_max,llama.cpp,0.5125704524457833,14.021474590772653,9.218894530824576,2.304723632706144,23.143081478672833,0.4978231156843445,1.0,synthetic
8.0,moe,Q4_0,4.72,128,256,512,1,0.0671744,gpu,23.712640553580385,305.4035853053784,8.0,consumer_mid,transformers,1.6868640128718342,24.11524961288001,16.314621818908755,3.4564876734976178,35.05904362568998,1.648092878351043,1.0,synthetic
7.0,dense,fp16,14.0,128,256,16384,1,1.8808832,cpu,0.3802571932673044,39.361765369546234,16.0,cpu_older,transformers,92.04296623363679,620.7071194754611,53.827235472520194,3.844802533751442,405.68387563172524,102.9737517881709,1.0,synthetic
70.0,dense,fp32,280.0,128,256,512,1,0.587776,gpu,800.2094252178077,2208.4857411081625,80.0,datacenter,llama.cpp,0.34990840044627974,169.3997962961464,1373.635604890581,4.905841446037789,163.66576090908967,0.22487478514244896,1.0,synthetic
2.0,dense,int8,2.0,128,256,4096,1,0.1343488,gpu,70.30029063726491,783.6281305641943,24.0,consumer_flagship,vllm,0.12644170896467177,3.8909651087824706,8.656836422149134,4.328418211074567,5.152664958867646,0.1549154729683351,1.0,synthetic
8.0,dense,Q8_0,8.48,128,256,2048,1,0.2686976,cpu,0.15157831874006464,41.82707302325395,8.0,cpu_low,llama.cpp,351.85331105824207,380.29729931729844,31.234641167068116,3.683330326305202,251.080144679577,455.1372121622966,1.0,synthetic
13.0,dense,int8,13.0,128,256,512,1,0.10915839999999999,cpu,1.010052575840354,84.25235835861473,16.0,cpu_modern,vllm,51.4824685801494,207.45861845515293,55.772236459213026,4.290172035324079,204.78142645708144,56.0164746720821,1.0,synthetic
30.0,dense,int8,30.0,128,256,2048,1,1.0076159999999998,gpu,615.950230848008,2707.6235270862167,80.0,datacenter,ollama,0.1948209351830103,15.269289687584966,92.69215607059596,3.0897385356865317,13.793698673445983,0.18829977454072938,1.0,synthetic
30.0,dense,Q5_K_M,21.9,128,256,16384,1,8.060927999999999,gpu,25.829820631912337,310.021267606554,8.0,consumer_mid,llama.cpp,5.807241255662355,148.6792688142694,65.46208992471317,2.9891365262426106,155.79923177748609,6.524948205303331,1.0,synthetic
13.0,moe,bf16,26.0,128,256,4096,1,0.8732671999999999,gpu,145.08376564690917,965.0185284778407,40.0,datacenter_low,llama.cpp,0.5120194802946022,46.41235100150219,82.35484008805145,3.16749384954044,70.12312989089138,0.6861712943388902,1.0,synthetic
8.0,dense,Q4_K_M,5.04,128,256,8192,1,1.0747904,apple,7.970752356338237,172.0440367817052,32.0,apple_pro,mlx,4.460752757834992,50.77429604971791,14.492366596118385,2.875469562721902,45.97064631074142,2.944568025637418,1.0,synthetic
3.0,moe,fp16,6.0,128,256,2048,1,0.10076159999999999,gpu,161.93001796979323,971.2834089297446,40.0,datacenter_low,ollama,0.10586583857512454,10.468557278461114,12.205788180099672,2.034298030016612,9.316284791076821,0.09876964681117004,1.0,synthetic
3.0,dense,Q5_K_M,2.19,128,256,8192,1,0.40304639999999997,apple,26.41234931926413,778.481022640585,128.0,apple_ultra,transformers,0.41302993449106956,4.1636313612444615,6.064668688110514,2.769255108726262,4.14479800833185,0.4510171654503092,1.0,synthetic
1.0,dense,bf16,2.0,128,256,8192,1,0.1343488,gpu,72.62897410011361,698.1242694272514,24.0,consumer_flagship,transformers,0.061193821054364765,4.367517142452594,6.297498443978644,3.148749221989322,3.547943554126384,0.06505400861523175,1.0,synthetic
7.0,dense,bf16,14.0,128,256,8192,1,0.9404416,gpu,50.99701960539612,513.4258076263137,12.0,consumer_high,vllm,0.6384322022504755,42.79340329352927,66.23726576228087,4.731233268734348,57.81674708615408,0.40839310682263286,1.0,synthetic
2.0,dense,fp32,8.0,128,256,4096,1,0.1343488,apple,7.457577441134216,150.23025233118034,32.0,apple_pro,transformers,1.1919271317063236,77.3512531956418,32.312203147375236,4.0390253934219045,93.88033482379119,1.8617003720766394,1.0,synthetic
7.0,dense,fp32,28.0,128,256,16384,1,1.8808832,apple,25.794879008407314,755.3310496361036,128.0,apple_ultra,transformers,0.9868061581622097,49.44997828170135,91.25099856815643,3.2589642345770153,38.06256226552944,1.2093818211649472,1.0,synthetic
7.0,dense,Q5_K_M,5.109999999999999,128,256,8192,1,0.9404416,gpu,40.79035772171439,426.2457261684994,12.0,consumer_high,vllm,0.7981822507418629,20.874598122719384,25.080129589055918,4.9080488432594755,20.53741685717481,0.9130879662148879,1.0,synthetic
3.0,dense,Q4_K_M,1.8900000000000001,128,256,2048,1,0.10076159999999999,cpu,0.35683882237213915,46.17945152267606,16.0,cpu_older,transformers,42.035784952672095,66.32192572365727,8.22359594627473,4.351108966282926,76.95602390611762,34.97234864247776,1.0,synthetic
3.0,dense,Q4_K_M,1.8900000000000001,128,256,8192,1,0.40304639999999997,cpu,0.3535128578847174,50.56287011383125,16.0,cpu_older,llama.cpp,42.43127135390245,69.7698466160189,9.368542625897282,4.9569008602631115,78.16543659321249,29.351346407487156,1.0,synthetic
13.0,dense,int8,13.0,128,256,512,1,0.10915839999999999,cpu,0.16720784406448636,43.65961645702466,8.0,cpu_low,mlx,518.3169913562325,545.9240229012714,33.34552805828855,2.56504061986835,452.51599400044944,473.77010057852186,1.0,synthetic
30.0,dense,Q4_0,17.7,128,256,512,1,0.25190399999999996,cpu,0.15002227027844758,41.77800589370867,8.0,cpu_low,ollama,1333.1354046888614,781.2681518976153,52.581970774498075,2.9707328121185355,868.9657911963127,1007.9570613306456,1.0,synthetic
3.8,dense,Q6_K,3.1159999999999997,128,256,16384,1,1.0210508799999998,cpu,0.952360621717646,80.53058450283862,16.0,cpu_modern,ollama,15.96034070852886,68.49655784884517,7.689526228328106,2.467755528988481,96.17682284589506,15.287453553879406,1.0,synthetic
2.0,moe,Q6_K,1.64,128,256,16384,1,0.5373952,gpu,760.889136651078,2173.1764360430657,80.0,datacenter,llama.cpp,0.010514015267993728,1.3359217189406647,7.48623423003447,4.564776969533214,1.535561280777535,0.007578008405881267,1.0,synthetic
7.0,moe,int8,7.0,128,256,4096,1,0.4702208,gpu,648.0627218252633,2370.3937043716846,80.0,datacenter,llama.cpp,0.04320569453700134,4.201957835793423,31.034281493337616,4.433468784762517,2.9167645153293322,0.04571172536268968,1.0,synthetic
7.0,moe,int8,7.0,128,256,16384,1,1.8808832,gpu,48.69409470757777,446.7937567948672,12.0,consumer_high,llama.cpp,0.6686260362864294,29.230762861660498,21.08392015317171,3.0119885933102446,42.77507865093535,0.6296061887563932,1.0,synthetic
0.5,dense,Q4_0,0.295,128,256,512,1,0.0041984,cpu,0.4159728187261278,38.92787713967723,16.0,cpu_older,mlx,6.010008076143008,11.824565442333478,1.3250662427262894,4.491749975343354,9.036451496289423,6.648564761050166,1.0,synthetic
0.5,dense,bf16,1.0,128,256,4096,1,0.0335872,gpu,143.49522586112153,841.0195429366128,40.0,datacenter_low,transformers,0.019911065612092736,2.0482821687095663,2.8544011227486523,2.8544011227486523,1.3582555674283983,0.013453042241235577,1.0,synthetic
2.0,dense,fp32,8.0,128,256,4096,1,0.1343488,apple,8.988210396803545,161.29177770825248,32.0,apple_pro,ollama,0.9889498016256967,72.04643938349825,28.655179195091055,3.581897399386382,74.77232862994504,0.9033622695899266,1.0,synthetic
70.0,moe,Q5_K_M,51.1,128,256,2048,1,2.351104,gpu,72.81692394083079,660.7185796431553,24.0,consumer_flagship,transformers,4.272511035537731,115.56920351965925,177.24968692469196,3.468682718682817,116.38496883710914,9.786531256037563,1.0,synthetic
1.0,dense,Q4_0,0.59,128,256,8192,1,0.1343488,cpu,0.9868316198551638,70.01770311626375,16.0,cpu_modern,ollama,4.053376401322726,13.793631567666546,2.876573806754612,4.875548825007817,12.790244664775344,6.52584465494359,1.0,synthetic
30.0,dense,bf16,60.0,128,256,512,1,0.25190399999999996,gpu,649.7697697104829,2637.05787972028,80.0,datacenter,mlx,0.1846807986365205,30.464205058905055,276.829123371131,4.613818722852184,31.809435748635973,0.21239216294565444,1.0,synthetic
30.0,dense,Q8_0,31.8,128,256,4096,1,2.0152319999999997,gpu,9.884198591343916,191.60706292934023,6.0,consumer_low,vllm,20.234316232289174,320.876689303844,114.6891692091602,3.6065776480867986,243.13561446420002,22.29481505482833,1.0,synthetic
3.0,dense,Q8_0,3.18,128,256,8192,1,0.40304639999999997,cpu,0.36765063661772046,48.290447001858006,16.0,cpu_older,llama.cpp,40.79960295457573,114.1505084165194,8.924324297432966,2.8063912885009326,61.52271230300985,51.578894842166704,1.0,synthetic
30.0,dense,Q4_K_M,18.9,128,256,8192,1,4.030463999999999,apple,9.196876356419088,130.72697343982196,32.0,apple_pro,transformers,14.497675968022717,250.58184131651484,49.9316301386731,2.6418851925223863,307.80183580081166,16.031948866497956,1.0,synthetic
7.0,dense,Q4_0,4.13,128,256,4096,1,0.4702208,gpu,10.274513654276884,178.56709100837386,6.0,consumer_low,vllm,4.5419830307239035,46.839749535873814,12.803006333866705,3.1000015336238995,66.91909933273047,5.077322386589062,1.0,synthetic
13.0,dense,Q4_0,7.67,128,256,2048,1,0.43663359999999996,apple,17.150531945037567,392.13041657419956,64.0,apple_max,vllm,3.0319759274315676,27.564413121609334,30.964645176370343,4.03711149626732,26.781958724647414,2.1260990606255143,1.0,synthetic
7.0,dense,Q6_K,5.739999999999999,128,256,16384,1,1.8808832,gpu,164.950160122697,888.86743828828,40.0,datacenter_low,ollama,0.24249749118307182,14.28950083317218,22.602682584702947,3.9377495792165416,9.720167928401155,0.2920802461145697,1.0,synthetic
0.5,dense,Q5_K_M,0.365,128,256,2048,1,0.0167936,apple,3.4373747495553095,58.80069288079099,16.0,apple_base,vllm,0.7272992275059397,9.989249113468404,1.0060480322207184,2.7562959786868997,10.390023510785392,0.974856189079974,1.0,synthetic
1.0,dense,Q8_0,1.06,128,256,4096,1,0.0671744,apple,3.409400739008332,67.66042778240153,16.0,apple_base,llama.cpp,1.4665333830643545,25.629670375650573,2.8973580286161855,2.733356630769986,19.898255943804,1.2490602237259811,1.0,synthetic
1.0,moe,Q4_0,0.59,128,256,2048,1,0.0335872,cpu,1.0998547124774327,79.4360066146675,16.0,cpu_modern,llama.cpp,3.636843989139224,10.46691085609629,1.3944152757125556,2.3634157215467044,10.123902938478794,3.8680952324222,1.0,synthetic
30.0,dense,int8,30.0,128,256,512,1,0.25190399999999996,gpu,127.77393889390154,902.1227501563181,40.0,datacenter_low,llama.cpp,1.3416552147689442,55.89022113815813,130.35500393891635,4.345166797963879,67.08442282543447,1.2002385008246015,1.0,synthetic
13.0,dense,Q3_K_M,6.37,128,256,2048,1,0.43663359999999996,gpu,128.19368247344426,985.552329746076,40.0,datacenter_low,ollama,0.5794803055220981,11.51069201597461,17.065182347375497,2.678992519211224,9.408833073275762,0.5049026091515105,1.0,synthetic
7.0,dense,Q8_0,7.42,128,256,4096,1,0.4702208,gpu,24.76434853281354,342.1111323421411,8.0,consumer_mid,llama.cpp,1.413322056650265,35.48204101885046,31.807257377434684,4.2866923689265075,28.77105399258423,1.2019002235891625,1.0,synthetic
30.0,dense,Q3_K_M,14.7,128,256,8192,1,4.030463999999999,apple,17.205494026807127,433.3349896503628,64.0,apple_max,ollama,6.974516384884575,57.63197663809766,38.99906513450787,2.6529976281978147,44.67331145928626,5.4622308878823,1.0,synthetic
13.0,dense,Q4_K_M,8.19,128,256,16384,1,3.4930687999999996,gpu,8.019076701120397,203.07983298153806,6.0,consumer_low,vllm,10.80756175515292,104.59897943021438,33.09284252384022,4.040640112801004,154.64494832930095,13.747996288125314,1.0,synthetic
2.0,dense,Q6_K,1.64,128,256,8192,1,0.2686976,apple,7.501599947080118,142.3639952428581,32.0,apple_pro,vllm,1.1849324079656838,19.153093115231652,4.32610609292702,2.637869568857939,14.523189532952504,1.7683334922576621,1.0,synthetic
1.0,dense,fp16,2.0,128,256,8192,1,0.1343488,apple,14.434512691635327,372.6500989093573,64.0,apple_max,ollama,0.2771136155027918,7.63665005947632,4.3886331971512105,2.1943165985756052,6.909711507792975,0.3223614059180549,1.0,synthetic
0.5,dense,bf16,1.0,128,256,16384,1,0.1343488,apple,28.93450224254455,730.7668702072193,128.0,apple_ultra,ollama,0.06283784676649491,1.9403397414525976,2.6788087542753054,2.6788087542753054,1.6537818553656463,0.05995981851465192,1.0,synthetic
1.0,dense,fp32,4.0,128,256,8192,1,0.1343488,gpu,163.1806025248336,982.1870406671045,40.0,datacenter_low,vllm,0.03501816775934558,7.01554902277394,9.610861029124923,2.4027152572812307,6.012958118413988,0.025166669075842713,1.0,synthetic
13.0,dense,Q4_K_M,8.19,128,256,2048,1,0.43663359999999996,apple,23.55079830530787,918.1212114676182,128.0,apple_ultra,mlx,2.00726644846145,11.744954658832999,35.18829815495821,4.296495501215899,13.495540562210344,3.717314700824316,1.0,synthetic
3.0,dense,fp16,6.0,128,256,8192,1,0.40304639999999997,cpu,0.4408092591625269,49.14064936860381,16.0,cpu_older,transformers,34.028323335353264,200.4621579477613,29.684687719099927,4.947447953183321,148.41383673973127,53.35545342568987,1.0,synthetic
3.0,moe,Q4_0,1.77,128,256,4096,1,0.20152319999999999,apple,8.396971502331809,170.5447008928143,32.0,apple_pro,mlx,1.5878740721736064,16.51450733761487,5.246380743878847,2.964056917445676,18.15896079416788,1.4462238260712583,1.0,synthetic
70.0,dense,bf16,140.0,128,256,2048,1,2.351104,apple,3.440608327414026,61.016848910292204,16.0,apple_base,transformers,101.72619685050327,3589.20039911464,461.709841853695,3.2979274418121074,5168.268004012364,104.24018097713335,1.0,synthetic
30.0,dense,Q6_K,24.599999999999998,128,256,16384,1,8.060927999999999,gpu,8.913826962506647,229.1813477303444,6.0,consumer_low,mlx,22.437052103573507,259.11142439225154,53.22502695782612,2.163618982025452,416.2512308378229,14.916428815577373,1.0,synthetic
2.0,dense,Q6_K,1.64,128,256,2048,1,0.0671744,gpu,165.3994536094617,940.0053732244767,40.0,datacenter_low,llama.cpp,0.06909679070377327,3.0268876622550973,6.191010597320039,3.775006461780512,2.858776024196522,0.06816326500401455,1.0,synthetic
0.5,dense,Q6_K,0.41,128,256,8192,1,0.0671744,gpu,128.0696022817873,765.3249757554348,40.0,datacenter_low,llama.cpp,0.02230929749322076,1.0391542048940103,1.0560216861532572,2.575662649154286,0.7699775167977856,0.02551617078073338,1.0,synthetic
0.5,dense,Q8_0,0.53,128,256,2048,1,0.0167936,cpu,1.045981469749823,66.51718321012318,16.0,cpu_modern,llama.cpp,1.9120797622527272,10.960448084975113,1.9824804279764892,3.740529109389602,8.868136263479606,1.670116443226045,1.0,synthetic
8.0,dense,Q6_K,6.56,128,256,512,1,0.0671744,gpu,733.9706824927531,2665.8518901992825,80.0,datacenter,ollama,0.0435984716600938,3.3145999467632805,14.668494368616546,2.2360509708256933,3.026912269498005,0.04085774839786637,1.0,synthetic
1.5,moe,fp16,3.0,128,256,4096,1,0.10076159999999999,apple,2.9335363936056513,77.09522594487937,16.0,apple_base,mlx,2.5566411980938963,61.87675570143794,6.90799921895273,2.302666406317577,51.8394456603949,1.9981867239373063,1.0,synthetic
70.0,dense,fp32,280.0,128,256,2048,1,2.351104,gpu,46.42519869756805,526.9809310920763,12.0,consumer_high,transformers,7.013031812094162,787.9264452780674,968.5977014219002,3.459277505078215,995.3241059876217,7.83615115416861,1.0,synthetic
30.0,dense,Q8_0,31.8,128,256,4096,1,2.0152319999999997,gpu,57.87191229495776,655.7750774479266,24.0,consumer_flagship,mlx,2.3039386128070003,73.66469990551029,114.25769857747864,3.5930093892288877,96.98850917902665,3.7009153665343635,1.0,synthetic
13.0,dense,Q4_0,7.67,128,256,2048,1,0.43663359999999996,gpu,26.372233140165154,364.4260392891964,8.0,consumer_mid,ollama,2.464713536185315,34.222977107579396,33.255617263699804,4.335804076101669,36.14295153622379,3.2951614751534,1.0,synthetic
2.0,dense,Q8_0,2.12,128,256,2048,1,0.0671744,cpu,0.9246121467899403,80.90532674893211,16.0,cpu_modern,transformers,8.652276554849863,36.045000379061264,9.195102631473794,4.33731256201594,34.020982769096335,11.04428739482774,1.0,synthetic
13.0,dense,Q3_K_M,6.37,128,256,8192,1,1.7465343999999998,cpu,0.16011551855379458,33.32574178796339,8.0,cpu_low,transformers,541.2758703807274,442.8209090324686,31.225469381326597,4.901957516691773,342.3257184608918,579.4090233268602,1.0,synthetic
30.0,dense,Q8_0,31.8,128,256,16384,1,8.060927999999999,apple,3.28026675243059,60.03836554544125,16.0,apple_base,vllm,45.72798839876482,1021.4219534169349,96.50242721612169,3.03466752251955,1085.0552752118883,34.20428470458464,1.0,synthetic
2.0,dense,int8,2.0,128,256,512,1,0.0167936,cpu,0.34418870308877314,45.562160355746215,16.0,cpu_older,mlx,29.053829803997957,68.09947904992327,8.811522353535896,4.405761176767948,55.278064173191375,27.079489616781665,1.0,synthetic
8.0,moe,fp32,32.0,128,256,4096,1,0.5373952,cpu,0.16867845443754625,41.35596211984277,8.0,cpu_low,ollama,316.183436178449,1430.4805723586746,89.30300328818569,2.790718852755803,1257.5135202756,376.9820795846437,1.0,synthetic
1.5,dense,Q4_0,0.885,128,256,8192,1,0.20152319999999999,cpu,0.36502330483590256,48.57835632343511,16.0,cpu_older,vllm,20.546633326252,34.409854106977164,4.1102942607552215,4.644400294638668,34.929104568974466,21.323793007048284,1.0,synthetic
3.0,dense,Q4_0,1.77,128,256,512,1,0.025190399999999998,gpu,46.87243778092282,483.1489850838198,12.0,consumer_high,llama.cpp,0.2976906905783364,5.464123828998501,3.7070377067563984,2.0943715857380782,4.52030455644841,0.2860815557101853,1.0,synthetic
7.0,dense,Q4_K_M,4.41,128,256,4096,1,0.4702208,gpu,68.81177428168701,687.0700673223479,24.0,consumer_flagship,transformers,0.4521190077697323,10.147064079170715,12.489682010399578,2.8321274399999044,16.822679317094405,0.7831298958954789,1.0,synthetic
13.0,moe,fp16,26.0,128,256,16384,1,3.4930687999999996,gpu,44.67454889619812,495.6140332501553,12.0,consumer_high,llama.cpp,1.3534577913603834,87.51196917402139,87.19079228763248,3.3534920110627877,117.39743175615132,1.1972181224634686,1.0,synthetic
3.0,dense,bf16,6.0,128,256,8192,1,0.40304639999999997,apple,8.24874685881437,167.79840541713716,32.0,apple_pro,mlx,1.6164071417812664,54.51308741652049,28.368485881049423,4.728080980174904,43.64023806662181,1.2116365968016196,1.0,synthetic
3.0,dense,fp16,6.0,128,256,16384,1,0.8060927999999999,apple,15.671592297770866,349.80447515226746,64.0,apple_max,vllm,0.7657167039565524,25.942465132985525,27.473590390177133,4.578931731696189,36.60199247118584,0.9626162807452456,1.0,synthetic
0.5,dense,Q6_K,0.41,128,256,8192,1,0.0671744,cpu,0.16982864478628093,34.963636501091806,8.0,cpu_low,transformers,19.627627232897787,24.814061264900918,1.2612767279833494,3.0762847023984135,18.98679765612452,15.512433061033542,1.0,synthetic
30.0,dense,Q4_0,17.7,128,256,2048,1,1.0076159999999998,gpu,10.119595790044123,204.5067540163617,6.0,consumer_low,vllm,19.763635242898168,166.3213884369118,36.932355198148215,2.0865737400083737,163.38134232928277,33.107958218967205,1.0,synthetic
0.5,dense,int8,0.5,128,256,8192,1,0.0671744,apple,13.038879686990164,404.5507637521463,64.0,apple_max,transformers,0.1533874111895936,1.8693143137820147,2.082864360988456,4.165728721976912,1.487987650464852,0.18930960347732367,1.0,synthetic
30.0,moe,Q8_0,31.8,128,256,4096,1,2.0152319999999997,cpu,0.4372798928180215,43.810615957888494,16.0,cpu_older,ollama,343.02972184093545,1187.4618219510915,128.3146500500089,4.03505188836506,1027.3677536057962,535.9447289451866,1.0,synthetic
13.0,dense,fp32,52.0,128,256,16384,1,3.4930687999999996,gpu,26.979977869896572,401.6522949223516,8.0,consumer_mid,transformers,2.4091939701894636,212.55686343459013,129.83672926798673,2.4968601782305138,165.0152929843401,1.4209200363242656,1.0,synthetic
70.0,moe,Q4_K_M,44.1,128,256,8192,1,9.404416,gpu,22.78054793801355,370.3064752728297,8.0,consumer_mid,ollama,15.363985139969367,222.28746092867948,111.99342031634211,2.539533340506624,211.9715571949232,19.252971799694237,1.0,synthetic
3.0,dense,Q8_0,3.18,128,256,512,1,0.025190399999999998,apple,14.032947747223472,394.6062045769766,64.0,apple_max,mlx,0.8551303843039174,10.830005079573812,13.381292022742539,4.207953466271238,8.47468808354293,0.6785850791329745,1.0,synthetic
8.0,dense,Q3_K_M,3.92,128,256,8192,1,1.0747904,apple,12.785302145582804,404.707663280378,64.0,apple_max,vllm,2.5028739747895346,16.45563239241046,14.934708164797325,3.8098745318360523,13.929542218958584,3.2179719802237847,1.0,synthetic
70.0,dense,Q4_0,41.3,128,256,512,1,0.587776,apple,15.760050475283778,418.6029635686108,64.0,apple_max,ollama,17.76644056052481,133.42086143842096,186.17099264814607,4.50777221908344,80.95733294032378,14.378244978214848,1.0,synthetic
1.5,dense,bf16,3.0,128,256,2048,1,0.050380799999999996,apple,3.232601361299878,64.35360553764382,16.0,apple_base,ollama,2.3201128632155674,72.92355260058301,6.4649595824609065,2.154986527486969,76.16133873565788,1.7974812471637427,1.0,synthetic
0.5,dense,Q4_K_M,0.315,128,256,512,1,0.0041984,cpu,0.9510780624892115,82.63372113210384,16.0,cpu_modern,transformers,2.102876807783259,5.150413908944959,1.3344663511056671,4.236401114621166,6.614619046440056,1.6633018516042852,1.0,synthetic
3.0,dense,int8,3.0,128,256,16384,1,0.8060927999999999,gpu,646.6236978529754,2671.6166350695594,80.0,datacenter,ollama,0.0185579341429093,1.8995204376947856,7.893784353673665,2.631261451224555,1.6334259765086077,0.028745886279896694,1.0,synthetic
3.8,dense,bf16,7.6,128,256,16384,1,1.0210508799999998,apple,8.051049936540485,168.9628914600088,32.0,apple_pro,transformers,2.0977250199675197,72.89048420637113,30.766857883924256,4.04827077420056,55.730907582432884,2.406922150747373,1.0,synthetic
7.0,dense,Q5_K_M,5.109999999999999,128,256,512,1,0.0587776,apple,7.825287265476403,154.11879588099177,32.0,apple_pro,ollama,3.9757148914349885,47.910885611264376,22.698374330208818,4.441951923719926,49.2577562810803,6.693724426266165,1.0,synthetic
13.0,dense,bf16,26.0,128,256,4096,1,0.8732671999999999,apple,28.799460192464682,827.6176016044426,128.0,apple_ultra,ollama,1.641444907536707,40.58829093880847,125.00063565494565,4.807716755959448,43.157417147619185,1.5204718946360332,1.0,synthetic
3.0,dense,Q3_K_M,1.47,128,256,2048,1,0.10076159999999999,cpu,0.3564358148571154,44.84125524735131,16.0,cpu_older,mlx,42.08331310929867,53.89136174628049,6.122386694780727,4.1648889080141,66.90261623307524,32.91094500334185,1.0,synthetic
0.5,dense,Q8_0,0.53,128,256,4096,1,0.0335872,apple,7.138124289368957,166.96622720677365,32.0,apple_pro,mlx,0.3113173898543419,4.822080398519709,1.7865987718085279,3.3709410788840146,5.470099023694404,0.264653972727704,1.0,synthetic
8.0,moe,Q3_K_M,3.92,128,256,512,1,0.0671744,gpu,42.68167596303504,448.735889401132,12.0,consumer_high,mlx,0.8717863459205992,13.066687784948744,14.313061362258136,3.6512911638413614,14.736965006824882,0.6481803837824771,1.0,synthetic
1.0,dense,fp16,2.0,128,256,2048,1,0.0335872,cpu,0.8866256264953698,67.876558704499,16.0,cpu_modern,ollama,4.511487013759228,39.946774729760705,8.271292511375735,4.135646255687868,41.19966959323616,4.227485099930085,1.0,synthetic
70.0,dense,fp32,280.0,128,256,2048,1,2.351104,apple,2.6025878917691174,69.22950954217823,16.0,apple_base,ollama,134.48152936809615,6274.583146967161,1337.998694009138,4.7785667643183505,6722.249539755403,159.37634484289066,1.0,synthetic
8.0,dense,fp16,16.0,128,256,2048,1,0.2686976,gpu,49.20461591058482,549.2807863890574,12.0,consumer_high,transformers,0.7562156849918015,43.55614812488963,42.454357525588236,2.6533973453492647,27.968439023718165,0.915424306387084,1.0,synthetic
2.0,dense,bf16,4.0,128,256,4096,1,0.1343488,apple,7.585280052893429,155.78229435400777,32.0,apple_pro,ollama,1.1718603435740245,37.91324679046637,13.616730353545574,3.4041825883863934,33.13049438531356,0.9409459639306235,1.0,synthetic
1.5,dense,Q8_0,1.59,128,256,2048,1,0.050380799999999996,gpu,22.997875738934614,359.30758532018643,8.0,consumer_mid,mlx,0.3261170764264439,7.023683530037031,6.358854949490316,3.999279842446739,7.273540245821995,0.3503056729918454,1.0,synthetic
2.0,moe,Q8_0,2.12,128,256,2048,1,0.0671744,gpu,9.223347985156202,199.2768745554239,6.0,consumer_low,llama.cpp,1.4456066663419425,19.955555486026615,9.010096539894503,4.250045537686086,18.304624247228393,1.3563126950494382,1.0,synthetic
8.0,dense,Q8_0,8.48,128,256,512,1,0.0671744,gpu,22.567116507483746,336.54907995182344,8.0,consumer_mid,vllm,1.772490516754107,39.071564476733705,26.457143937949542,3.119946219097823,50.01686991304504,2.0342900407113778,1.0,synthetic
3.8,dense,Q4_0,2.242,128,256,8192,1,0.5105254399999999,gpu,50.0567824356957,457.00198618401896,12.0,consumer_high,llama.cpp,0.3530873888539719,8.857360912610655,8.657881148388185,3.861677586256996,7.091351335194978,0.30898989640423186,1.0,synthetic
7.0,dense,bf16,14.0,128,256,16384,1,1.8808832,apple,2.9278826317832762,70.31098027557474,16.0,apple_base,mlx,11.954031087196505,347.4866643053681,54.360474905875094,3.882891064705364,372.0920678872078,19.12745931599426,1.0,synthetic
7.0,dense,Q6_K,5.739999999999999,128,256,4096,1,0.4702208,apple,16.958626414774496,375.88771715306115,64.0,apple_max,llama.cpp,1.6510771164583333,22.028637867483898,22.006681003693757,3.83391655116616,30.955166538397435,1.2678632716650262,1.0,synthetic
13.0,dense,Q8_0,13.780000000000001,128,256,512,1,0.10915839999999999,gpu,632.49190995334,2407.110482507868,80.0,datacenter,mlx,0.08221449030681852,7.69340584956143,34.92988057603317,2.5348244249661223,4.161273765948198,0.061258469323338866,1.0,synthetic
2.0,moe,Q4_K_M,1.26,128,256,4096,1,0.1343488,gpu,28.183225688381963,377.54346997786746,8.0,consumer_mid,ollama,0.3548209885755668,5.681867574416674,5.911728500672273,4.691848016406565,9.379993425037492,0.3333942847175474,1.0,synthetic
70.0,dense,bf16,140.0,128,256,8192,1,9.404416,gpu,623.5965698959299,2312.7797880302332,80.0,datacenter,llama.cpp,0.4490082426956395,86.13266556158433,295.22705608544146,2.108764686324582,122.40076619470452,0.47687900846562215,1.0,synthetic
3.8,moe,Q3_K_M,1.8619999999999999,128,256,8192,1,0.5105254399999999,gpu,51.53424502765087,493.23599043235953,12.0,consumer_high,mlx,0.34296453931105214,7.073709274421792,4.6979565689377685,2.523070122952615,5.0156855999484495,0.25915581159768875,1.0,synthetic
1.0,dense,Q6_K,0.82,128,256,512,1,0.0083968,gpu,48.93624777055537,568.3121247119145,12.0,consumer_high,llama.cpp,0.09504534987041344,2.1435942244815425,3.6665421339701836,4.471392846305102,2.4675151432735527,0.09203055856536321,1.0,synthetic
3.8,dense,fp16,7.6,128,256,2048,1,0.12763135999999997,gpu,44.74419022093029,526.1039268689199,12.0,consumer_high,transformers,0.3950103581578169,21.60060623827522,16.523456484021885,2.1741390110555114,33.6166305244102,0.2194841212502509,1.0,synthetic
13.0,dense,bf16,26.0,128,256,512,1,0.10915839999999999,gpu,158.831856388524,779.2626540107169,40.0,datacenter_low,vllm,0.4677003466105784,55.841587911386746,70.49202842938473,2.7112318626686434,62.40634130106543,0.5327106348923235,1.0,synthetic
30.0,dense,Q3_K_M,14.7,128,256,8192,1,4.030463999999999,gpu,142.064825146611,894.9538022107391,40.0,datacenter_low,vllm,1.206692587356913,34.881621736100605,55.528650444267896,3.777459213895775,23.449936350517106,1.4985400073465165,1.0,synthetic
3.0,dense,Q6_K,2.46,128,256,16384,1,0.8060927999999999,gpu,8.454025097719105,173.32944326426363,6.0,consumer_low,transformers,2.36573700324074,34.26048358328103,6.003739487761885,2.4405445072202783,38.55926372830174,1.0453516754953942,1.0,synthetic
3.0,dense,fp32,12.0,128,256,2048,1,0.10076159999999999,gpu,65.99511137726306,625.3775294214652,24.0,consumer_flagship,mlx,0.20203516677338312,27.642186475273988,31.045147414909422,2.5870956179091187,32.4909730287415,0.21234780797975597,1.0,synthetic
3.0,dense,Q3_K_M,1.47,128,256,8192,1,0.40304639999999997,gpu,70.15899250211349,599.9355087918481,24.0,consumer_flagship,mlx,0.19004453823836875,4.460113682580761,4.4944166974370345,3.0574263247870985,3.6013312943718896,0.17506724781766234,1.0,synthetic
1.5,dense,Q8_0,1.59,128,256,16384,1,0.40304639999999997,gpu,631.4427531241655,2404.9787425921654,80.0,datacenter,mlx,0.009502049030278716,1.104955795632427,6.3120866989868265,3.9698658484193876,0.7234431334502344,0.007700555465118284,1.0,synthetic
1.5,moe,bf16,3.0,128,256,4096,1,0.10076159999999999,apple,3.3769668461330187,65.97214563174755,16.0,apple_base,ollama,2.2209279337723693,72.30934231192894,13.68600741146732,4.562002470489107,62.00514162987088,1.7339036762968103,1.0,synthetic
1.5,dense,Q6_K,1.23,128,256,8192,1,0.20152319999999999,gpu,25.537297924526108,345.2761583922305,8.0,consumer_mid,vllm,0.2936880801628184,6.378498286329815,3.4876354923887565,2.83547601007216,6.117741446184838,0.20715029286486555,1.0,synthetic
70.0,dense,bf16,140.0,128,256,2048,1,2.351104,cpu,0.45317957534240194,50.184946477112376,16.0,cpu_older,llama.cpp,772.3207731406603,4363.89223930761,374.52450511616223,2.675175036544016,4401.368633826265,597.6543521771135,1.0,synthetic
1.5,dense,int8,1.5,128,256,2048,1,0.050380799999999996,cpu,0.9732331268572871,85.48257787971353,16.0,cpu_modern,vllm,6.165018261734351,24.18240595070514,3.935497593472487,2.6236650623149913,14.44828475036588,6.830976133906946,1.0,synthetic
1.5,dense,Q4_0,0.885,128,256,4096,1,0.10076159999999999,gpu,9.810877120397521,207.47108092186082,6.0,consumer_low,ollama,1.0192768574391047,8.638764545969876,2.657424123387184,3.002739122471394,5.947447448001888,0.9689502513000796,1.0,synthetic
1.0,dense,Q4_K_M,0.63,128,256,16384,1,0.2686976,gpu,51.20788626097,503.0134906408751,12.0,consumer_high,vllm,0.0908290329929656,2.6273929869420165,2.7322882761502605,4.336965517698826,3.001465072698601,0.043317584227633085,1.0,synthetic
70.0,dense,Q5_K_M,51.1,128,256,8192,1,9.404416,gpu,142.8049021426291,813.2506526518043,40.0,datacenter_low,llama.cpp,2.8010242925729014,123.99706413332395,211.45966985354565,4.138154008875649,193.00887183289672,3.6802251461191173,1.0,synthetic
7.0,dense,bf16,14.0,128,256,4096,1,0.4702208,cpu,1.1145962772298388,73.83185174067715,16.0,cpu_modern,llama.cpp,25.121203589150486,261.3184862422141,55.984823571388276,3.998915969384877,430.81504807535896,18.309099843440492,1.0,synthetic
3.0,dense,Q5_K_M,2.19,128,256,16384,1,0.8060927999999999,gpu,45.62793506746625,455.7886294604405,12.0,consumer_high,vllm,0.3058102092821241,9.666802852772406,8.013049600134579,3.6589267580523193,11.621867650301121,0.36819871449444397,1.0,synthetic
8.0,moe,Q3_K_M,3.92,128,256,512,1,0.0671744,gpu,44.84557566789535,442.0907274691978,12.0,consumer_high,llama.cpp,0.8297206975585616,13.263096012603915,11.495550788884543,2.9325384665521796,12.479842431397746,0.6865407923272213,1.0,synthetic
2.0,dense,Q6_K,1.64,128,256,4096,1,0.1343488,cpu,0.17041454029334716,41.66733399294831,8.0,cpu_low,transformers,78.24058504856262,77.42488943061976,4.103448251175124,2.5021025921799533,82.0810413282726,147.6477574515986,1.0,synthetic
30.0,dense,Q3_K_M,14.7,128,256,8192,1,4.030463999999999,cpu,0.45741480066211404,43.313049426242834,16.0,cpu_older,ollama,327.9299222125585,665.2983071674271,67.94331231213697,4.62199403483925,662.7300952115281,244.3498622797836,1.0,synthetic
8.0,dense,int8,8.0,128,256,512,1,0.0671744,cpu,0.16742809507997983,32.76632735297027,8.0,cpu_low,llama.cpp,318.54470605937536,447.64216813735146,16.935336735242153,2.116917091905269,411.71988106709983,377.4555072380214,1.0,synthetic
3.8,dense,Q5_K_M,2.774,128,256,2048,1,0.12763135999999997,cpu,1.1043370811088622,85.18349005796831,16.0,cpu_modern,vllm,13.763913446370664,45.417742460429174,12.314786908755455,4.439360817864259,65.33907279712248,24.198207093427065,1.0,synthetic
7.0,moe,Q4_K_M,4.41,128,256,512,1,0.0587776,gpu,27.147321645327093,390.96107471148395,8.0,consumer_mid,transformers,1.2892616243055637,17.58497944229361,21.999022573248066,4.988440492800015,19.8723185564497,1.310778009887542,1.0,synthetic
1.5,dense,bf16,3.0,128,256,8192,1,0.20152319999999999,gpu,57.52261989497333,773.4041895063657,24.0,consumer_flagship,mlx,0.11589643654685555,5.9136020123549216,11.517650788944435,3.839216929648145,3.2106351930144843,0.11576222701038956,1.0,synthetic
1.0,dense,Q6_K,0.82,128,256,512,1,0.0083968,gpu,130.01845007679032,901.7445020671115,40.0,datacenter_low,vllm,0.043949806438323136,1.531100361763646,2.6889191411327857,3.2791696843082754,1.4165775706496164,0.049590688433357774,1.0,synthetic
1.5,dense,Q6_K,1.23,128,256,2048,1,0.050380799999999996,cpu,0.45273770652578504,44.03561181037691,16.0,cpu_older,mlx,16.565883273901438,44.73235489192026,4.3767807084497825,3.5583582995526686,36.249479809624845,9.08244472235381,1.0,synthetic
8.0,dense,fp32,32.0,128,256,8192,1,1.0747904,apple,8.316779225915525,163.53117604125288,32.0,apple_pro,vllm,4.275159240101332,288.93390064967934,115.23718348979975,3.601161984056242,401.5138244744599,4.027921937797804,1.0,synthetic
3.0,dense,Q5_K_M,2.19,128,256,4096,1,0.20152319999999999,cpu,0.3806176612441573,47.13233617961209,16.0,cpu_older,ollama,39.40962684434617,78.06246750675584,4.751960373495132,2.16984491940417,87.57609089869769,66.12823554379379,1.0,synthetic
8.0,dense,Q4_0,4.72,128,256,4096,1,0.5373952,apple,24.32605128880268,748.4714530136547,128.0,apple_ultra,vllm,1.195874691931595,8.780219971702929,9.699817049298636,2.0550459850208975,11.148986577363761,0.8349513527796596,1.0,synthetic
3.8,dense,fp16,7.6,128,256,2048,1,0.12763135999999997,gpu,753.6931731803992,2324.0068561052,80.0,datacenter,vllm,0.020167357939385004,4.4335103629029895,20.12310370140823,2.6477768028168724,4.7601924850437465,0.011283411683099478,1.0,synthetic
70.0,dense,fp16,140.0,128,256,2048,1,2.351104,gpu,72.49719061472278,612.9274436585787,24.0,consumer_flagship,ollama,4.291354030040585,331.782696474067,538.6544356569191,3.847531683263708,443.5701611720009,4.05982261180476,1.0,synthetic
30.0,dense,Q8_0,31.8,128,256,2048,1,1.0076159999999998,apple,14.06548282129185,390.49122493317526,64.0,apple_max,mlx,8.531523697028591,112.0216926961312,158.8280776840616,4.994593637863573,103.8465113867287,10.704390582902935,1.0,synthetic
8.0,dense,Q5_K_M,5.84,128,256,512,1,0.0671744,apple,12.765770985889763,343.31557069700983,64.0,apple_max,vllm,2.506703279838733,22.9416700132265,12.74467758230214,2.1823078051887226,20.354791557699762,2.92608878184197,1.0,synthetic
8.0,moe,Q4_K_M,5.04,128,256,4096,1,0.5373952,cpu,0.9211444219709506,75.09734754771901,16.0,cpu_modern,ollama,34.73939507936266,99.02516102326983,13.672832809513558,2.7128636526812615,119.8432551448362,53.116031382735514,1.0,synthetic
3.8,dense,Q8_0,4.028,128,256,8192,1,0.5105254399999999,apple,8.007849075441403,169.1796347429356,32.0,apple_pro,transformers,2.109041857530008,38.32380759823875,19.92568495942223,4.946793684067089,33.332669978032094,2.8421118008533894,1.0,synthetic
0.5,dense,Q4_0,0.295,128,256,4096,1,0.0335872,apple,28.689825243524563,694.9878453600277,128.0,apple_ultra,llama.cpp,0.06337375019710832,0.5909945083819783,1.0426657907498176,3.5344603076265004,0.48269182110669284,0.07549462112523117,1.0,synthetic
0.5,dense,Q4_K_M,0.315,128,256,4096,1,0.0335872,gpu,57.06857234352622,788.386093144341,24.0,consumer_flagship,transformers,0.03893950962791709,0.6316470047050181,1.5229074816054644,4.834626925731633,0.7497976089332716,0.03599353489335552,1.0,synthetic
1.0,dense,Q6_K,0.82,128,256,512,1,0.0083968,apple,2.5555157825823125,67.26835781885413,16.0,apple_base,mlx,1.9565521896122164,18.945855922580705,1.9112807515603545,2.3308301848297006,15.500447782953213,1.9770672141785735,1.0,synthetic
1.5,dense,fp16,3.0,128,256,16384,1,0.40304639999999997,gpu,8.685474366130395,226.41405157237332,6.0,consumer_low,ollama,1.1513475923659031,27.327619677046854,9.298109817059817,3.099369939019939,33.07623133796676,1.2984279349460772,1.0,synthetic
70.0,dense,Q4_K_M,44.1,128,256,8192,1,9.404416,cpu,0.12944461647974992,43.86413918059485,8.0,cpu_low,transformers,3605.1454232526626,2217.7742041880215,172.51542853646734,3.9119144792849734,2369.0704418174732,2452.7404321486724,1.0,synthetic
30.0,dense,int8,30.0,128,256,16384,1,8.060927999999999,gpu,160.77380611496395,813.8835973274797,40.0,datacenter_low,mlx,1.0662717738111434,77.9409736334518,136.23422269834992,4.541140756611664,80.28150802640943,1.199174727500331,1.0,synthetic
3.8,dense,Q6_K,3.1159999999999997,128,256,512,1,0.03190783999999999,cpu,1.0120197145852514,74.82493856847088,16.0,cpu_modern,llama.cpp,15.019470254321384,56.093737377312316,14.335534252006724,4.600620748397537,56.95269972355478,16.698403748138624,1.0,synthetic
70.0,moe,fp16,140.0,128,256,8192,1,9.404416,apple,17.0398157836483,421.0425552410391,64.0,apple_max,mlx,16.432102527111404,473.1253065048455,296.8082491103825,2.120058922217018,462.18165950074115,16.477651208106806,1.0,synthetic
3.8,dense,Q8_0,4.028,128,256,8192,1,0.5105254399999999,cpu,0.9102553648153349,69.56563426996212,16.0,cpu_modern,vllm,16.69861072786278,86.98788298040812,12.407031424066998,3.0801964806521847,70.31676177268596,12.113769255169068,1.0,synthetic
3.0,dense,fp16,6.0,128,256,8192,1,0.40304639999999997,apple,14.642419605309945,351.86396061472175,64.0,apple_max,ollama,0.8195366833804097,24.263340823779725,21.6720268471754,3.612004474529233,24.896967248108794,0.755477644820808,1.0,synthetic
3.0,dense,Q8_0,3.18,128,256,16384,1,0.8060927999999999,apple,2.9497297819981076,70.74257479983439,16.0,apple_base,mlx,5.085211564646848,86.68684280845287,12.476279696595883,3.923358395155938,80.98496518788828,7.362056344892731,1.0,synthetic
2.0,dense,fp32,8.0,128,256,4096,1,0.1343488,apple,30.673935013064785,881.5098790067746,128.0,apple_ultra,mlx,0.2370979553040599,11.534681847759368,20.249702125982555,2.5312127657478194,18.490638739469407,0.1774890907101341,1.0,synthetic
7.0,dense,Q8_0,7.42,128,256,2048,1,0.2351104,apple,27.490229697650225,915.5187898732262,128.0,apple_ultra,transformers,0.9259488092498995,10.451875052531717,23.907275330402584,3.2220047615097824,12.726848378142401,0.9353680984637581,1.0,synthetic
30.0,dense,Q5_K_M,21.9,128,256,2048,1,1.0076159999999998,cpu,0.45986137926215576,46.06947047557203,16.0,cpu_older,transformers,326.1852522616139,764.9857007263238,61.839426106149496,2.82371808703879,784.1581752629033,278.8686994968958,1.0,synthetic
2.0,dense,fp32,8.0,128,256,8192,1,0.2686976,gpu,55.88338577969995,767.3791939858793,24.0,consumer_flagship,llama.cpp,0.15906138765339167,15.393204865904282,22.917221990940806,2.864652748867601,19.12475335090295,0.1306217646450531,1.0,synthetic
30.0,dense,Q6_K,24.599999999999998,128,256,512,1,0.25190399999999996,gpu,136.24468592431984,1027.9626050081954,40.0,datacenter_low,llama.cpp,1.2582404243186063,40.29313887314975,94.216634169708,3.829944478443415,54.69975067532525,0.762692836325428,1.0,synthetic
3.8,dense,int8,3.8,128,256,512,1,0.03190783999999999,apple,15.272130669780756,449.7634892225458,64.0,apple_max,mlx,0.9952769740293355,11.35977147047893,17.43113638357672,4.587141153572822,9.01010994889176,1.6473319107406459,1.0,synthetic
30.0,dense,Q4_K_M,18.9,128,256,16384,1,8.060927999999999,apple,13.564783046021839,405.30841091325004,64.0,apple_max,vllm,8.846437100606083,88.69271653899649,84.12211114192547,4.450905351424629,91.82058680772556,10.272273672358441,1.0,synthetic
13.0,dense,Q5_K_M,9.49,128,256,8192,1,1.7465343999999998,gpu,47.0730697948601,550.9056295306835,12.0,consumer_high,mlx,1.2844948617664178,29.994820180354132,23.810250983378786,2.5089832437701567,29.71196392771474,1.3134026610297267,1.0,synthetic
3.8,dense,Q6_K,3.1159999999999997,128,256,8192,1,0.5105254399999999,gpu,44.78387512948929,530.2793640236323,12.0,consumer_high,llama.cpp,0.39466032257250794,10.057200051294373,12.728555821743452,4.08490238181754,10.572933031767699,0.38680567671344124,1.0,synthetic
8.0,dense,int8,8.0,128,256,16384,1,2.1495808,apple,14.555964497735507,363.10913168162085,64.0,apple_max,llama.cpp,2.1984115174901864,37.26916571149669,18.551339711510835,2.3189174639388543,28.663955739472655,1.9163443325059595,1.0,synthetic
7.0,dense,fp32,28.0,128,256,16384,1,1.8808832,gpu,28.05056779429415,402.2532855294247,8.0,consumer_mid,ollama,1.2477465788453472,114.2826949889482,73.20498475437178,2.6144637412275635,102.10381502966891,0.6844274613831223,1.0,synthetic
3.8,dense,fp16,7.6,128,256,2048,1,0.12763135999999997,gpu,658.2992314776973,2275.6530517687434,80.0,datacenter,mlx,0.023089803653393703,4.527715009979942,29.676894559350384,3.9048545472829455,5.448538664427126,0.030753660220603874,1.0,synthetic
3.8,dense,Q4_K_M,2.3939999999999997,128,256,8192,1,0.5105254399999999,gpu,24.154133928094033,392.9492988379948,8.0,consumer_mid,ollama,0.7866148319191364,11.371697799530498,5.443361588585085,2.2737517078467357,11.780036109357932,0.49782232363250123,1.0,synthetic
1.5,dense,Q3_K_M,0.735,128,256,4096,1,0.10076159999999999,apple,2.9428035589408013,69.66854180146528,16.0,apple_base,mlx,2.548590094372274,18.45577707923311,2.6660930024002414,3.627337418231621,11.035925177163032,2.7623823006008115,1.0,synthetic
0.5,moe,Q8_0,0.53,128,256,16384,1,0.1343488,apple,30.716287729496663,729.4441770299303,128.0,apple_ultra,vllm,0.05919275904020879,1.1384503792754601,1.1656020831254816,2.199249213444305,1.0401453604440238,0.06140839170360611,1.0,synthetic
13.0,moe,bf16,26.0,128,256,8192,1,1.7465343999999998,gpu,66.0106503723599,617.0372278688693,24.0,consumer_flagship,mlx,0.875279632178425,64.2390839570834,67.79332800302764,2.60743569242414,99.69635833004757,1.0356117697489486,1.0,synthetic
1.0,moe,Q5_K_M,0.73,128,256,2048,1,0.0335872,cpu,1.0504778311624523,69.48425466852625,16.0,cpu_modern,llama.cpp,3.8077909702993207,14.652474456602828,2.8918209254406206,3.96139852800085,10.404550748625047,6.465607583924385,1.0,synthetic
3.0,dense,bf16,6.0,128,256,2048,1,0.10076159999999999,apple,3.445547477231322,76.93146609074427,16.0,apple_base,vllm,4.353444582935565,122.00192656996946,13.649487693163103,2.2749146155271838,99.97465276825532,2.7983912457534057,1.0,synthetic
2.0,dense,Q5_K_M,1.46,128,256,16384,1,0.5373952,gpu,39.76568223744028,534.011084784398,12.0,consumer_high,transformers,0.2339284794826681,5.5005335395591395,6.055423068007432,4.147550046580433,5.70131348918933,0.2780003694812127,1.0,synthetic
70.0,dense,fp16,140.0,128,256,4096,1,4.702208,gpu,48.536591552061566,464.42214118294123,12.0,consumer_high,mlx,6.707957541674728,458.1981474092964,306.17344452065794,2.186953175147557,335.76879357304625,5.4075093222179484,1.0,synthetic
2.0,dense,Q5_K_M,1.46,128,256,8192,1,0.2686976,gpu,58.7508017036265,621.144768636269,24.0,consumer_flagship,vllm,0.1512981717888661,3.9758332110273864,5.300483824763816,3.6304683731259018,7.152854290279617,0.201183868354005,1.0,synthetic
1.5,dense,bf16,3.0,128,256,8192,1,0.20152319999999999,gpu,131.95753953971945,851.0755576726488,40.0,datacenter_low,transformers,0.064955959328482,6.269563203755347,7.697390381444327,2.565796793814776,6.069700635015163,0.054954072608604534,1.0,synthetic
8.0,dense,bf16,16.0,128,256,512,1,0.0671744,gpu,45.83203919933913,528.9212590773651,12.0,consumer_high,vllm,0.8118622469261183,44.672429480855364,50.592004201121235,3.162000262570077,23.964322675736405,1.1695188768793399,1.0,synthetic
7.0,dense,Q5_K_M,5.109999999999999,128,256,2048,1,0.2351104,gpu,71.66298947789157,641.0672936637067,24.0,consumer_flagship,ollama,0.43413080221428746,11.911186353558776,16.646336111460357,3.257600021812203,14.880825607166464,0.5535356863383701,1.0,synthetic
30.0,dense,Q3_K_M,14.7,128,256,16384,1,8.060927999999999,cpu,0.14087852696515377,38.06063791924963,8.0,cpu_low,ollama,1419.662771243128,1087.304567578339,51.6341977769077,3.5125304610141295,1070.232542351846,1386.5835452717859,1.0,synthetic
7.0,dense,fp32,28.0,128,256,4096,1,0.4702208,apple,16.571114862725047,368.2770798399624,64.0,apple_max,mlx,1.6896871593704905,103.07536493038322,103.78077346838558,3.706456195299485,88.09164652786866,1.5911760523438707,1.0,synthetic
70.0,dense,Q4_K_M,44.1,128,256,512,1,0.587776,apple,3.05281329954351,75.13950564903574,16.0,apple_base,transformers,114.6483474938791,914.9704143184882,133.87049330656345,3.035612093119352,915.6399524056419,120.93365786624035,1.0,synthetic
70.0,moe,Q5_K_M,51.1,128,256,16384,1,18.808832,apple,2.7173115404006403,57.897916426274364,16.0,apple_base,mlx,128.80378079445245,1857.6151935920368,228.66306895600704,4.474815439452192,3851.842879916248,148.70198874454024,1.0,synthetic
8.0,dense,Q6_K,6.56,128,256,2048,1,0.2686976,cpu,0.15020596355517601,43.197715376632964,8.0,cpu_low,llama.cpp,355.0680150841154,287.4182977023347,16.038578141016462,2.4449052044232413,374.28246219933686,400.0412592374628,1.0,synthetic
2.0,dense,Q6_K,1.64,128,256,2048,1,0.0671744,apple,16.599012586360413,421.01726253326177,64.0,apple_max,transformers,0.4819563789338702,5.40650642122662,7.838383045697569,4.779501857132664,4.8533682603091854,0.41997025337885896,1.0,synthetic
2.0,dense,Q3_K_M,0.98,128,256,8192,1,0.2686976,cpu,0.34386584325404473,44.49422173449203,16.0,cpu_older,vllm,29.081108799201374,43.17579127988231,4.428510399452836,4.518888162706976,56.93415324479358,19.9858390134464,1.0,synthetic
8.0,dense,int8,8.0,128,256,2048,1,0.2686976,apple,2.874340309400912,66.50880258138588,16.0,apple_base,vllm,13.916236664522526,191.26901608554195,21.617828895618764,2.7022286119523455,184.5786600771922,18.360279705614992,1.0,synthetic
30.0,dense,Q6_K,24.599999999999998,128,256,2048,1,1.0076159999999998,cpu,0.9735590396159355,81.77875778683807,16.0,cpu_modern,llama.cpp,123.25908868078453,417.51047489615013,52.64172945406536,2.139907701384771,385.57448078969213,104.77365147396488,1.0,synthetic
0.5,moe,fp32,2.0,128,256,8192,1,0.0671744,cpu,0.9797043215014394,84.34434975697029,16.0,cpu_modern,mlx,2.0414322526769233,32.678330454560836,8.045419369769194,4.022709684884597,42.539594781667674,2.709771436609623,1.0,synthetic
1.0,dense,Q5_K_M,0.73,128,256,4096,1,0.0671744,gpu,61.80352856097364,630.6531573492056,24.0,consumer_flagship,mlx,0.0719124708237278,1.8057795448378027,3.0561467821978443,4.18650244136691,1.5809240253644463,0.15840666537355466,1.0,synthetic
30.0,dense,Q4_0,17.7,128,256,512,1,0.25190399999999996,apple,26.52501663735353,761.2735267247524,128.0,apple_ultra,vllm,4.112755538757444,29.476763886094524,49.511132575511716,2.7972391285599842,23.231026344643062,3.3520472246180892,1.0,synthetic
0.5,dense,Q8_0,0.53,128,256,8192,1,0.0671744,apple,13.176736974798455,381.6228413114667,64.0,apple_max,ollama,0.15178264572064823,2.0864383552017984,2.1224968569939766,4.004711050932031,1.6999912055349005,0.21486096274981759,1.0,synthetic
13.0,dense,Q4_K_M,8.19,128,256,8192,1,1.7465343999999998,apple,15.975978790187746,409.7422411278536,64.0,apple_max,ollama,3.254886644687947,32.334260916973115,24.409974924605056,2.9804609187551963,30.931907008365503,3.4493888187700024,1.0,synthetic
30.0,dense,fp16,60.0,128,256,2048,1,1.0076159999999998,gpu,22.543388799073487,360.6373782005439,8.0,consumer_mid,transformers,6.6538354697659665,260.25552658337625,217.1111833171732,3.6185197219528864,202.99547956613912,9.403363342151836,1.0,synthetic
1.5,dense,int8,1.5,128,256,8192,1,0.20152319999999999,gpu,47.577427695961134,488.20097249165724,12.0,consumer_high,llama.cpp,0.14663979378268846,5.125430183453311,3.290994947327568,2.193996631551712,5.67983651936935,0.17220021082583453,1.0,synthetic
70.0,dense,fp16,140.0,128,256,8192,1,9.404416,gpu,46.635191537726186,460.29883264396244,12.0,consumer_high,vllm,6.981452946010816,477.32551309886554,649.206041911945,4.63718601365675,550.3316003974851,7.133183437687814,1.0,synthetic
3.0,dense,Q6_K,2.46,128,256,4096,1,0.20152319999999999,apple,26.226582865232565,749.9633260026447,128.0,apple_ultra,vllm,0.41595548170145386,4.436088918817701,5.7631535850444555,2.342745359774169,4.654405419381168,0.2597387457714285,1.0,synthetic
3.0,dense,Q3_K_M,1.47,128,256,4096,1,0.20152319999999999,gpu,152.21737536577118,765.3600826625137,40.0,datacenter_low,mlx,0.1126208956215653,3.6399494344003216,7.223074863727049,4.9136563698823466,2.7731851600651964,0.09172129878717727,1.0,synthetic
1.5,dense,Q4_0,0.885,128,256,4096,1,0.10076159999999999,cpu,0.16022590438064904,36.668006942924976,8.0,cpu_low,ollama,62.41188051741605,48.878953824013,2.3367041249206424,2.640343643978127,49.336808818771196,47.589589847189586,1.0,synthetic
30.0,moe,Q6_K,24.599999999999998,128,256,4096,1,2.0152319999999997,gpu,45.49179886962783,550.3043531268339,12.0,consumer_high,transformers,3.0672535970893287,71.12436388414785,89.12803533283548,3.6230908671884343,104.55991276128879,4.576717431703807,1.0,synthetic
30.0,dense,Q8_0,31.8,128,256,8192,1,4.030463999999999,cpu,0.1692269534684134,43.37551892452535,8.0,cpu_low,vllm,1181.8448296850681,1501.9139781399413,107.44460036089895,3.3787610176383316,925.0962570960162,1227.7305166101462,1.0,synthetic
1.5,moe,bf16,3.0,128,256,16384,1,0.40304639999999997,cpu,0.1358951060488027,39.97068651246439,8.0,cpu_low,transformers,73.58616723407827,154.79736854105911,7.778830030076539,2.5929433433588462,121.70275713028501,73.59111124255747,1.0,synthetic
70.0,dense,int8,70.0,128,256,512,1,0.587776,gpu,24.84723967149645,390.6968440254801,8.0,consumer_mid,llama.cpp,14.08607171771692,277.9561189761136,211.19599544622105,3.017085649231729,439.32964217622396,17.22035018128099,1.0,synthetic
30.0,dense,fp32,120.0,128,256,4096,1,2.0152319999999997,cpu,0.15321351268699052,37.793815556790534,8.0,cpu_low,transformers,1305.367891463937,5869.89890000076,417.58807784602527,3.4799006487168773,5296.373297836772,1363.6569287337923,1.0,synthetic
13.0,moe,Q5_K_M,9.49,128,256,8192,1,1.7465343999999998,apple,14.08196681314785,379.14220735334914,64.0,apple_max,mlx,3.6926659954523804,39.51563707784148,43.550377213819786,4.589080844448871,40.54882824645228,2.044962907403106,1.0,synthetic
70.0,dense,bf16,140.0,128,256,16384,1,18.808832,gpu,43.875046123286,536.5797921332256,12.0,consumer_high,mlx,7.420650782542196,435.2426301250169,444.9550770862582,3.17825055061613,390.41292952539027,9.477731868412997,1.0,synthetic
7.0,dense,Q4_K_M,4.41,128,256,2048,1,0.2351104,gpu,43.063509019792804,549.9283712926881,12.0,consumer_high,mlx,0.7560493855695639,12.421699011136614,17.80857521698357,4.03822567278539,12.166365927125728,0.7125344973162683,1.0,synthetic
7.0,dense,fp32,28.0,128,256,512,1,0.0587776,gpu,152.9449574804404,882.7981270092974,40.0,datacenter_low,transformers,0.26153199594772825,52.97318594428873,92.18019621507287,3.292149864824031,37.38731396117954,0.27638434488913494,1.0,synthetic
2.0,dense,bf16,4.0,128,256,4096,1,0.1343488,gpu,9.004598057276143,224.0713473172761,6.0,consumer_low,mlx,1.4807249861152176,33.547340649217624,15.730896809911783,3.932724202477946,39.036439765721575,1.315602166557053,1.0,synthetic
1.0,dense,int8,1.0,128,256,4096,1,0.0671744,apple,23.114760731647568,853.9115208558544,128.0,apple_ultra,vllm,0.15731781429971328,1.562185270276008,2.772233690590116,2.772233690590116,1.4179509358929565,0.19480896013843568,1.0,synthetic
0.5,dense,Q4_0,0.295,128,256,2048,1,0.0167936,apple,7.715458597053461,143.5275134391499,32.0,apple_pro,llama.cpp,0.2880220526451779,3.103373129642277,1.1397030650607731,3.8634002205449938,2.146666904825209,0.21109879476829402,1.0,synthetic
7.0,dense,fp16,14.0,128,256,4096,1,0.4702208,cpu,0.3597116396464749,49.670747448021174,16.0,cpu_older,mlx,97.30015974572868,448.1889099241457,63.814658541698996,4.558189895835643,436.8337439635567,146.47910928269482,1.0,synthetic
13.0,dense,Q4_0,7.67,128,256,512,1,0.10915839999999999,gpu,646.9004647063615,2138.1740917779753,80.0,datacenter,ollama,0.0803833090823387,4.850966644804447,28.39045621026798,3.701493638887612,3.990730688265025,0.15605798375612887,1.0,synthetic
2.0,dense,int8,2.0,128,256,4096,1,0.1343488,gpu,783.8612758938646,2852.444180174457,80.0,datacenter,llama.cpp,0.010205887503343393,0.9976701454069996,4.502850600922986,2.251425300461493,1.3770594411204773,0.012427188951536609,1.0,synthetic
2.0,dense,int8,2.0,128,256,8192,1,0.2686976,apple,7.185717403739613,160.49421622288392,32.0,apple_pro,llama.cpp,1.2370217738124392,20.193852761196617,5.85164608981262,2.92582304490631,13.421384275106746,0.6636594517111365,1.0,synthetic
3.0,dense,Q4_0,1.77,128,256,4096,1,0.20152319999999999,apple,3.096620745129969,61.577366926490534,16.0,apple_base,ollama,4.8439900248005445,49.25693914462868,3.8789162443085794,2.191478104129141,37.29220146309854,5.516027527613377,1.0,synthetic
1.0,dense,bf16,2.0,128,256,16384,1,0.2686976,apple,14.236609599145773,367.7368410411817,64.0,apple_max,transformers,0.28096577153032337,8.225801159244147,6.8864031450848415,3.4432015725424208,8.634870680530103,0.1908819816407132,1.0,synthetic
2.0,dense,Q3_K_M,0.98,128,256,16384,1,0.5373952,gpu,7.773800449611694,170.43514568090868,6.0,consumer_low,vllm,1.715162798396676,16.18739111944446,2.7436573541356033,2.7996503613628607,14.331226351219136,0.8818134778024548,1.0,synthetic
0.5,dense,Q6_K,0.41,128,256,512,1,0.0041984,gpu,667.423494575574,2611.78335045116,80.0,datacenter,llama.cpp,0.002996598136347948,0.2114511271533816,1.853644651623942,4.521084516155956,0.20573469118852505,0.0031184475426578586,1.0,synthetic
1.0,dense,Q4_K_M,0.63,128,256,2048,1,0.0335872,gpu,132.9700483283221,823.0479003688656,40.0,datacenter_low,ollama,0.04297423206297049,1.343759781382104,1.4067884787610883,2.2329975853350605,1.3167587124634603,0.05521312585966161,1.0,synthetic
30.0,dense,Q4_K_M,18.9,128,256,4096,1,2.0152319999999997,gpu,10.241262462705194,222.739538465519,6.0,consumer_low,mlx,19.528842340319308,170.72718569604737,76.92250083328915,4.0699735890629185,196.4539381572411,16.975145717798256,1.0,synthetic
1.0,dense,Q4_K_M,0.63,128,256,2048,1,0.0335872,gpu,72.21030536656991,762.3514288059522,24.0,consumer_flagship,mlx,0.061548617221358834,1.243496999501279,1.7560424126414427,2.787368908954671,1.6738546353870376,0.0504162533925464,1.0,synthetic
8.0,dense,fp32,32.0,128,256,4096,1,0.5373952,apple,2.8457329467252492,60.001276631348716,16.0,apple_base,vllm,14.056132725324888,834.2744336004617,113.97975665645937,3.5618673955143554,801.032349673895,15.558913980489105,1.0,synthetic
70.0,dense,bf16,140.0,128,256,4096,1,4.702208,gpu,145.10997764097868,1024.1805925575452,40.0,datacenter_low,mlx,2.756529954057694,235.47638806982778,639.2747849450957,4.56624846389354,312.7082259781798,2.2533036597470644,1.0,synthetic
70.0,dense,Q8_0,74.2,128,256,4096,1,4.702208,gpu,24.517048731107245,337.2080405175578,8.0,consumer_mid,mlx,14.275780247396572,359.97959040769626,316.4478037818802,4.264795199216715,391.21266802470075,15.157163694937262,1.0,synthetic
70.0,dense,Q4_0,41.3,128,256,16384,1,18.808832,gpu,22.953447741938994,390.77231348095904,8.0,consumer_mid,transformers,15.248253941411315,236.6470780135045,185.61487323036687,4.494306857878133,326.0059910055868,8.649953591342431,1.0,synthetic
1.5,moe,Q4_K_M,0.9450000000000001,128,256,512,1,0.012595199999999999,cpu,0.9065184302201477,83.35511352601081,16.0,cpu_modern,transformers,6.6187291951062726,15.317519777614827,2.3775360892264445,2.515911205530629,19.14515584223239,7.0663260963815375,1.0,synthetic
8.0,dense,Q4_K_M,5.04,128,256,2048,1,0.2686976,gpu,683.343269778595,2749.6323196501276,80.0,datacenter,llama.cpp,0.046828587351666,2.5742581712042605,20.025609517441257,3.9733352217145352,3.562737516391296,0.03779895036622051,1.0,synthetic
70.0,dense,Q8_0,74.2,128,256,512,1,0.587776,gpu,66.58188679861658,706.2788269190515,24.0,consumer_flagship,vllm,4.672608814047236,151.27124858897292,246.8940283487572,3.327412780980555,134.82435310914866,5.588378936985055,1.0,synthetic
13.0,dense,bf16,26.0,128,256,2048,1,0.43663359999999996,apple,7.173085501175497,154.3173718078817,32.0,apple_pro,ollama,8.05480121048458,244.73342816898926,88.7575558966352,3.4137521498705845,200.7149824519075,5.6352673847861094,1.0,synthetic
3.0,dense,Q4_0,1.77,128,256,4096,1,0.20152319999999999,gpu,7.722280581398445,175.51627615525024,6.0,consumer_low,transformers,2.589908484829769,20.423106704890113,8.132036078819445,4.594370665999686,17.20865286262501,4.43512960840604,1.0,synthetic
1.0,dense,Q8_0,1.06,128,256,16384,1,0.2686976,gpu,158.76024016398895,767.187254244777,40.0,datacenter_low,llama.cpp,0.03599317882350916,2.8865130224041082,4.603367511733772,4.342799539371483,2.3705419471228755,0.03852152298076336,1.0,synthetic
3.8,dense,bf16,7.6,128,256,2048,1,0.12763135999999997,cpu,0.17211784597253257,38.75941010966221,8.0,cpu_low,vllm,147.18597708558445,362.4987789187507,25.177228557586492,3.312793231261381,275.57449584686316,185.0480538915681,1.0,synthetic
30.0,moe,bf16,60.0,128,256,4096,1,2.0152319999999997,cpu,0.16602428995063725,34.56871235803681,8.0,cpu_low,mlx,1204.6430077157052,3261.7635885564905,248.2048005319225,4.1367466755320415,2960.5433165290774,730.9339875785191,1.0,synthetic
30.0,moe,Q5_K_M,21.9,128,256,4096,1,2.0152319999999997,apple,7.702121491509617,169.24795259023514,32.0,apple_pro,llama.cpp,17.311247749118536,201.8613319687998,90.37828590924731,4.126862370285266,189.93339770971195,13.762280311517337,1.0,synthetic
3.0,dense,Q6_K,2.46,128,256,2048,1,0.10076159999999999,gpu,137.66940445476718,942.2315462420117,40.0,datacenter_low,transformers,0.12452190964833891,4.529604232656188,7.374990216679278,2.9979635027151534,6.434754182993881,0.13402849624691196,1.0,synthetic
3.8,dense,Q4_K_M,2.3939999999999997,128,256,4096,1,0.25526271999999994,gpu,46.250891746453526,499.2428200557487,12.0,consumer_high,vllm,0.38214222336602666,7.803766888025036,11.451763158765687,4.783526799818583,5.212515015234256,0.7919302131441106,1.0,synthetic
7.0,moe,fp32,28.0,128,256,8192,1,0.9404416,apple,25.03447010433521,744.7600287898626,128.0,apple_ultra,ollama,1.0167798778428108,48.573433860005245,66.85144909593497,2.3875517534262487,33.575131163287864,0.8724528234934579,1.0,synthetic
70.0,dense,bf16,140.0,128,256,8192,1,9.404416,gpu,49.825100429785806,508.7414786605874,12.0,consumer_high,transformers,6.534485481020773,431.8743127630287,398.4577890116619,2.8461270643690133,452.96609847802074,6.955523833922796,1.0,synthetic
2.0,dense,int8,2.0,128,256,4096,1,0.1343488,apple,15.214818499459232,349.98612432880844,64.0,apple_max,transformers,0.5258031832771675,8.131174930027798,6.362057103334128,3.181028551667064,7.774101104211106,0.6642550280419562,1.0,synthetic
3.8,dense,Q5_K_M,2.774,128,256,8192,1,0.5105254399999999,cpu,0.3763306444741544,44.4689605535945,16.0,cpu_older,transformers,50.48751750352045,113.63243032065903,12.205159338323389,4.399841145754646,95.63339293388523,33.49014960951568,1.0,synthetic
2.0,dense,int8,2.0,128,256,16384,1,0.5373952,apple,16.504149766133274,376.5018973154219,64.0,apple_max,mlx,0.4847265756407581,8.985860693195027,4.316039990978183,2.1580199954890915,11.737510011600282,0.4720163619901488,1.0,synthetic
1.0,dense,fp16,2.0,128,256,2048,1,0.0335872,gpu,27.918587214968387,320.5143562934948,8.0,consumer_mid,llama.cpp,0.17909215683089005,9.761171788020748,7.317644489135512,3.658822244567756,11.954336747417617,0.3030573023147203,1.0,synthetic
30.0,dense,Q4_K_M,18.9,128,256,512,1,0.25190399999999996,gpu,166.17121011387695,792.4244787840585,40.0,datacenter_low,vllm,1.0316382200688774,40.281239227969884,83.80007801874045,4.433866561838119,45.887363792023905,0.5520307969123577,1.0,synthetic
8.0,dense,int8,8.0,128,256,4096,1,0.5373952,apple,13.723993875352521,436.3515809649131,64.0,apple_max,mlx,2.3316827660110007,26.0872060434114,34.215674570643586,4.276959321330448,19.129233943184325,2.067807585581304,1.0,synthetic
1.0,dense,fp32,4.0,128,256,4096,1,0.0671744,cpu,0.35090786817694575,45.19935955001847,16.0,cpu_older,transformers,14.248754312567149,138.43539923814754,15.212921588076712,3.803230397019178,132.2583974776148,12.06479266505677,1.0,synthetic
3.0,moe,fp16,6.0,128,256,8192,1,0.40304639999999997,gpu,152.5251993669246,874.25696283426,40.0,datacenter_low,llama.cpp,0.1123936058697892,12.206644560660056,20.20588659163385,3.367647765272308,8.466132773248548,0.10028192391072879,1.0,synthetic
3.8,dense,Q5_K_M,2.774,128,256,2048,1,0.12763135999999997,cpu,1.1359764567162502,84.87443522573852,16.0,cpu_modern,llama.cpp,13.380558998501085,45.58312291614626,10.02388636424854,3.6135134694479234,46.1127939459486,16.75143065112968,1.0,synthetic
2.0,dense,Q4_0,1.18,128,256,512,1,0.0167936,apple,3.25264619613587,64.21965506697506,16.0,apple_base,vllm,3.0744198406454277,28.67067599719591,4.739406351740722,4.016446060797222,32.53289715600649,3.056473416014773,1.0,synthetic
13.0,dense,Q8_0,13.780000000000001,128,256,16384,1,3.4930687999999996,apple,2.688370528796207,60.51782565888081,16.0,apple_base,mlx,24.178214760115512,439.1094972543905,39.77088533877107,2.886131011521848,515.1653977575637,19.548637301257937,1.0,synthetic
0.5,moe,bf16,1.0,128,256,512,1,0.0041984,apple,12.846249810037857,453.30092362067944,64.0,apple_max,transformers,0.1556874597314176,2.953735874406496,3.266015752537169,3.266015752537169,2.4378981706052687,0.12388540222561206,1.0,synthetic
8.0,dense,int8,8.0,128,256,2048,1,0.2686976,gpu,50.67526272525049,556.8777376668646,12.0,consumer_high,transformers,0.7342695493720789,21.835761405565417,29.32021807539643,3.6650272594245537,12.31386490378505,0.5265398764427774,1.0,synthetic
3.8,dense,Q6_K,3.1159999999999997,128,256,2048,1,0.12763135999999997,gpu,138.45543053872944,779.0899478309179,40.0,datacenter_low,transformers,0.15683231513415927,6.938932124227478,10.827601547567411,3.4748400345209927,6.71910073506254,0.10272934586047106,1.0,synthetic
0.5,dense,bf16,1.0,128,256,512,1,0.0041984,apple,12.832953943653338,357.75456865287646,64.0,apple_max,vllm,0.15584876317499133,3.7425970688277737,2.6852553704958075,2.6852553704958075,5.456772299707381,0.11544623379982268,1.0,synthetic
8.0,moe,fp32,32.0,128,256,16384,1,2.1495808,apple,26.376417014558275,813.762815531952,128.0,apple_ultra,ollama,1.1029136017546497,52.45628724396281,76.82159352289442,2.4006747975904505,48.33111384901339,1.3737505789732256,1.0,synthetic
3.8,moe,fp32,15.2,128,256,16384,1,1.0210508799999998,gpu,697.7471674384977,2685.0412012630463,80.0,datacenter,vllm,0.021784395135276257,8.055022704987222,31.211002441569242,2.0533554237874503,7.697244833251354,0.01642458747124667,1.0,synthetic
3.8,dense,Q4_0,2.242,128,256,8192,1,0.5105254399999999,gpu,602.0474281459227,2487.215022412499,80.0,datacenter,transformers,0.025247180353897072,1.4755595663941488,8.53408986300653,3.806462918379362,1.8097333986943425,0.021877681362013682,1.0,synthetic
1.0,moe,fp16,2.0,128,256,16384,1,0.2686976,apple,7.8894391081831765,145.85709169744334,32.0,apple_pro,ollama,0.5633409908487064,22.220356471603647,9.35676013852396,4.67838006926198,19.21754289406486,0.5627530264891049,1.0,synthetic
1.0,dense,Q4_0,0.59,128,256,2048,1,0.0335872,apple,31.036255561445063,723.5569099660877,128.0,apple_ultra,mlx,0.11716502427828072,1.0772946664783196,2.680825767232787,4.543772486835232,1.4742349384292834,0.17055231213546987,1.0,synthetic
30.0,dense,Q4_K_M,18.9,128,256,16384,1,8.060927999999999,cpu,1.0755479165278758,75.64085007442958,16.0,cpu_modern,llama.cpp,111.57104035623861,475.24457967656025,66.87215786517226,3.538209410855675,701.2984777942871,147.60357427300107,1.0,synthetic
70.0,dense,Q5_K_M,51.1,128,256,4096,1,4.702208,apple,26.802772974058257,834.8233869542368,128.0,apple_ultra,vllm,9.496982076885207,83.55391222865165,196.15063684858367,3.8385643218900913,138.107144242932,12.082562317821875,1.0,synthetic
1.5,dense,Q6_K,1.23,128,256,512,1,0.012595199999999999,apple,15.986384522311443,417.1364210539451,64.0,apple_max,llama.cpp,0.3753193845441465,3.971826760688775,4.1185884515342295,3.348445895556284,6.538822250833479,0.4005120194293601,1.0,synthetic
8.0,dense,Q4_0,4.72,128,256,8192,1,1.0747904,gpu,41.51256155063011,425.21273302008734,12.0,consumer_high,ollama,0.89633838374921,20.04114629331366,23.204213341224115,4.916146894327143,33.5474115449184,1.3491533121588446,1.0,synthetic
0.5,dense,Q3_K_M,0.245,128,256,8192,1,0.0671744,gpu,23.961087505707066,338.88399049697273,8.0,consumer_mid,ollama,0.10433583197776597,1.4172056549145184,0.9375450728570779,3.826714583090114,1.1775033795902823,0.1329451606230145,1.0,synthetic
7.0,dense,bf16,14.0,128,256,4096,1,0.4702208,gpu,47.534935979863995,495.6855030937472,12.0,consumer_high,llama.cpp,0.6849307538496631,42.92991491131762,39.966162167754135,2.8547258691252955,41.30476555321411,0.9339344413843882,1.0,synthetic
3.8,dense,Q4_0,2.242,128,256,8192,1,0.5105254399999999,apple,30.20772573598914,886.7754282199895,128.0,apple_ultra,llama.cpp,0.4574386678080499,3.8799640703919556,11.023419426514746,4.916779405225132,3.6369113470636605,0.394069413525816,1.0,synthetic
3.8,dense,Q3_K_M,1.8619999999999999,128,256,2048,1,0.12763135999999997,apple,3.0526645378447426,65.41453933339707,16.0,apple_base,llama.cpp,6.2240707304886085,46.793440025253815,5.484922978248104,2.9457158852030636,45.428878990574624,8.356162578014272,1.0,synthetic
3.0,dense,bf16,6.0,128,256,512,1,0.025190399999999998,gpu,10.191292727613273,220.9710599715607,6.0,consumer_low,ollama,1.9624595754972347,49.57613742620208,26.20989117867819,4.368315196446365,50.12085640309325,2.832163617290424,1.0,synthetic
1.5,dense,Q4_0,0.885,128,256,4096,1,0.10076159999999999,cpu,0.3615224031117462,45.98850992700928,16.0,cpu_older,ollama,20.745602306924688,32.97685248118088,1.875684088954642,2.119417049666262,32.59128799704881,32.09265917153133,1.0,synthetic
2.0,dense,int8,2.0,128,256,2048,1,0.0671744,gpu,48.5507618705115,450.28537165881687,12.0,consumer_high,transformers,0.1915999919054894,6.751190565534446,9.68120438497579,4.840602192487895,5.648673807776487,0.2050596855143667,1.0,synthetic
2.0,dense,int8,2.0,128,256,4096,1,0.1343488,gpu,23.437929153852703,321.27879262612646,8.0,consumer_mid,ollama,0.42665885430224576,10.220449073595386,6.996427368281467,3.4982136841407336,13.122105953371042,0.5549882328982302,1.0,synthetic
1.0,moe,Q5_K_M,0.73,128,256,512,1,0.0083968,gpu,148.86275033717175,794.7057356076987,40.0,datacenter_low,vllm,0.038386269912002495,1.5485748726756912,3.5999482788328887,4.931435998401217,1.0449069260580797,0.04291941488072122,1.0,synthetic
2.0,dense,Q5_K_M,1.46,128,256,512,1,0.0167936,apple,16.334614230068162,389.5590472231465,64.0,apple_max,vllm,0.4897575104818755,5.054581962270333,3.454595499816164,2.366161301243948,5.5985405860189275,0.42159097900518067,1.0,synthetic
2.0,dense,Q5_K_M,1.46,128,256,16384,1,0.5373952,gpu,8.16120113444209,182.69123106465364,6.0,consumer_low,ollama,1.633746444143337,19.878499998056384,4.296699168814152,2.9429446361740768,28.462939185435143,1.7793459386774284,1.0,synthetic
13.0,dense,Q3_K_M,6.37,128,256,16384,1,3.4930687999999996,cpu,0.131310141642388,37.99148309980131,8.0,cpu_low,ollama,660.0150268872297,472.0229614760723,16.942758113032443,2.659773644118123,385.6239304795333,819.3535563301983,1.0,synthetic
1.0,dense,Q4_K_M,0.63,128,256,16384,1,0.2686976,gpu,10.207512973836119,227.24922362715066,6.0,consumer_low,transformers,0.6531137098482905,7.190324394879095,1.9030257064773208,3.020675724567176,6.2679833489644485,0.5464276614693376,1.0,synthetic
7.0,dense,int8,7.0,128,256,2048,1,0.2351104,gpu,42.54478917300212,568.4791623617014,12.0,consumer_high,ollama,0.7652673845083786,18.71637333388199,17.905227705220767,2.557889672174395,22.21304668388641,0.997709938519327,1.0,synthetic
8.0,moe,Q8_0,8.48,128,256,16384,1,2.1495808,gpu,50.52859505139145,549.180556925926,12.0,consumer_high,ollama,0.7364008891942608,28.463747074528456,33.669559477721506,3.97046691954263,25.87615590548951,0.6920278151533121,1.0,synthetic
0.5,moe,Q5_K_M,0.365,128,256,8192,1,0.0671744,cpu,0.4184565591261197,39.53158212913584,16.0,cpu_older,vllm,5.974335795383048,16.819050908100518,0.9631444277367147,2.638751856812917,22.489757643522616,7.829211410294983,1.0,synthetic
3.8,dense,Q6_K,3.1159999999999997,128,256,4096,1,0.25526271999999994,cpu,0.8736346213011743,71.65981493163119,16.0,cpu_modern,ollama,17.39857788300722,62.72716395218968,8.033867401000045,2.5782629656611187,51.18151577853158,13.811320049042402,1.0,synthetic
3.0,moe,int8,3.0,128,256,512,1,0.025190399999999998,apple,8.17941365757297,142.26465641288198,32.0,apple_pro,vllm,1.6301086962374827,30.37789343043916,10.1816436378169,3.3938812126056335,27.10571171990982,1.8724897719903257,1.0,synthetic
3.0,dense,Q6_K,2.46,128,256,512,1,0.025190399999999998,cpu,0.34163894037112963,44.752711353145095,16.0,cpu_older,llama.cpp,43.90600200230448,85.43325600953003,5.559014703363604,2.2597620745380507,84.3702870046315,68.27636775003901,1.0,synthetic
30.0,dense,fp32,120.0,128,256,2048,1,1.0076159999999998,cpu,0.15416004483556864,41.380958408085625,8.0,cpu_low,mlx,1297.353021746494,5316.789550957759,533.1159234178325,4.442632695148604,5718.077391852109,873.1951629221992,1.0,synthetic
8.0,dense,fp32,32.0,128,256,512,1,0.0671744,apple,16.20711499940842,436.3590421440583,64.0,apple_max,mlx,1.974441472227971,97.98406450626021,139.90331450037866,4.371978578136833,139.71029563318532,1.1001081659680623,1.0,synthetic
70.0,dense,Q8_0,74.2,128,256,4096,1,4.702208,apple,15.887129162756024,459.46242739172544,64.0,apple_max,mlx,17.624329552025053,228.96963435555696,197.93512958425197,2.667589347496657,179.58705903033757,13.473370274842296,1.0,synthetic
7.0,moe,bf16,14.0,128,256,2048,1,0.2351104,cpu,0.15941057283668528,33.61642913213171,8.0,cpu_low,mlx,292.7451161879723,769.9217191498788,38.53377356503765,2.752412397502689,955.9518149696981,404.9231949949931,1.0,synthetic
70.0,dense,bf16,140.0,128,256,4096,1,4.702208,apple,13.887752024243225,415.46327024134024,64.0,apple_max,ollama,20.16165031685593,464.3882892975299,637.8986168188799,4.556418691563428,523.7853160835127,22.29495231580084,1.0,synthetic
8.0,dense,int8,8.0,128,256,4096,1,0.5373952,cpu,0.4557859592996623,46.098696087042896,16.0,cpu_older,vllm,87.76049192358181,284.9202964232625,35.15639174979623,4.3945489687245285,282.80526012835105,102.71794420836306,1.0,synthetic
30.0,dense,Q6_K,24.599999999999998,128,256,512,1,0.25190399999999996,gpu,22.204030895033355,339.07381506046727,8.0,consumer_mid,ollama,6.755530142662174,112.75921868139602,58.29626475237507,2.3697668598526453,89.27926448706356,4.967993072208499,1.0,synthetic
0.5,dense,bf16,1.0,128,256,8192,1,0.0671744,gpu,163.7593724644353,767.4954249368911,40.0,datacenter_low,ollama,0.01744720203885345,2.3174392214080637,3.7671168218250215,3.7671168218250215,1.83828758597022,0.01486658692318854,1.0,synthetic
30.0,dense,Q4_0,17.7,128,256,2048,1,1.0076159999999998,apple,25.009444461177804,742.1596290867438,128.0,apple_ultra,llama.cpp,4.361988498395118,31.508747018179303,41.841279812410185,2.3639141136954906,54.19468680340845,4.150478514645193,1.0,synthetic
2.0,dense,fp16,4.0,128,256,8192,1,0.2686976,gpu,40.6194046082842,462.0762116891776,12.0,consumer_high,ollama,0.22901186443038526,13.585413643433533,15.187881087572318,3.7969702718930796,13.33441812756968,0.25387780599553794,1.0,synthetic
8.0,dense,Q5_K_M,5.84,128,256,16384,1,2.1495808,gpu,138.369426572219,897.4240717925217,40.0,datacenter_low,vllm,0.33037851530320617,14.837988436617914,14.07814320100082,2.410640959075483,8.184458965053677,0.26506286622868097,1.0,synthetic
70.0,dense,fp32,280.0,128,256,4096,1,4.702208,apple,3.16884128602866,78.05523121434499,16.0,apple_base,vllm,110.45046703447757,5611.454736714439,1368.899791586168,4.8889278270934575,8424.486918859518,73.41032910254667,1.0,synthetic
1.5,moe,Q6_K,1.23,128,256,16384,1,0.40304639999999997,gpu,27.486512293351563,346.172983446782,8.0,consumer_mid,transformers,0.2728611007448224,7.257582760814468,4.349663226661419,3.5363115663913978,6.2528520200828295,0.3058697946246739,1.0,synthetic
1.0,dense,Q4_K_M,0.63,128,256,8192,1,0.1343488,apple,7.469744665231847,134.75236595532724,32.0,apple_pro,mlx,0.5949928201871808,8.103211022690688,2.581081854449778,4.0969553245234565,6.239104503064639,0.5588460045260664,1.0,synthetic
13.0,dense,bf16,26.0,128,256,2048,1,0.43663359999999996,gpu,8.881848118944005,201.86867795387982,6.0,consumer_low,llama.cpp,9.75772896654427,238.10829412790892,59.5075454925426,2.288751749713177,253.3546340786651,9.88352142540136,1.0,synthetic
1.0,dense,Q5_K_M,0.73,128,256,4096,1,0.0671744,apple,14.035791428546014,444.3350939845464,64.0,apple_max,mlx,0.2849857110205267,2.3921117516703885,2.1382004359296882,2.9290416930543675,1.2828435546089825,0.3473711920302529,1.0,synthetic
3.0,dense,bf16,6.0,128,256,4096,1,0.20152319999999999,gpu,8.452216326945173,188.34815494696872,6.0,consumer_low,transformers,2.3662432699741913,59.8651828070599,24.055014140960708,4.009169023493452,65.22105408221506,2.8238600605791513,1.0,synthetic
70.0,dense,Q3_K_M,34.3,128,256,16384,1,18.808832,gpu,163.44371170284003,834.4209590111192,40.0,datacenter_low,mlx,2.4473257235325594,106.07921462675111,149.11324426209987,4.34732490560058,87.82278019111162,4.782343326831116,1.0,synthetic
1.5,dense,Q6_K,1.23,128,256,8192,1,0.20152319999999999,gpu,23.56942082854964,365.033754771339,8.0,consumer_mid,transformers,0.3182089222538404,6.033259543339918,2.705835502385933,2.1998662621023843,5.679893373374711,0.4222564909444209,1.0,synthetic
0.5,moe,Q5_K_M,0.365,128,256,512,1,0.0041984,apple,3.0144457401076132,64.85783875126333,16.0,apple_base,llama.cpp,0.8293398573200896,8.75757733216904,1.2617411082065475,3.4568249539905413,9.55747087463787,0.8632288688929642,1.0,synthetic
1.5,dense,fp32,6.0,128,256,2048,1,0.050380799999999996,cpu,0.39594282761866406,47.086894802584716,16.0,cpu_older,llama.cpp,18.94212870354938,197.68298998844153,28.54162785900717,4.756937976501195,184.48199553594668,16.57641883623987,1.0,synthetic
30.0,dense,Q4_K_M,18.9,128,256,8192,1,4.030463999999999,cpu,0.420393113603652,38.43149459377612,16.0,cpu_older,transformers,356.8088894563113,917.9355967277432,81.14143478529795,4.2931976076877225,1075.9277764821327,262.2576984417362,1.0,synthetic
7.0,dense,Q4_K_M,4.41,128,256,2048,1,0.2351104,apple,3.3058736154066377,63.76040678899371,16.0,apple_base,vllm,10.58721659439326,112.0808986673731,18.035211266191823,4.089617067163679,114.67560670267115,13.23974062845858,1.0,synthetic
8.0,moe,fp16,16.0,128,256,4096,1,0.5373952,gpu,720.3151611837806,2217.0550410059654,80.0,datacenter,mlx,0.04442499856231063,9.945562856509765,61.69265415205287,3.855790884503304,12.004089121975401,0.03723949017271034,1.0,synthetic
1.5,dense,Q8_0,1.59,128,256,4096,1,0.10076159999999999,gpu,49.565013732580816,502.36042825610673,12.0,consumer_high,vllm,0.14075945229609518,4.94946253286389,3.3529235545455713,2.1087569525443843,5.881392634196545,0.132513930802307,1.0,synthetic
70.0,dense,fp16,140.0,128,256,4096,1,4.702208,gpu,166.02585991588705,827.3208020007011,40.0,datacenter_low,mlx,2.409263232864147,291.5076546890239,478.886651697534,3.4206189406966714,369.11932847420684,2.554533445297053,1.0,synthetic
3.8,dense,Q5_K_M,2.774,128,256,512,1,0.03190783999999999,apple,28.997190057807483,873.1211882853339,128.0,apple_ultra,mlx,0.4765352018810966,4.017065267752723,9.266554466386847,3.340502691559786,4.3163991383434155,0.49994365956856224,1.0,synthetic
8.0,dense,fp16,16.0,128,256,512,1,0.0671744,gpu,8.11743868574592,172.8686638221488,6.0,consumer_low,mlx,6.570216961045325,168.98981988830204,58.78153958885506,3.6738462243034413,145.64471963732237,5.787939344774016,1.0,synthetic
3.8,dense,Q8_0,4.028,128,256,8192,1,0.5105254399999999,cpu,0.13582254017452794,33.08851630797355,8.0,cpu_low,vllm,186.51788797927608,249.38756272898016,18.861851668473143,4.682684128220741,160.94604491013783,261.6942853533425,1.0,synthetic
13.0,dense,bf16,26.0,128,256,8192,1,1.7465343999999998,cpu,0.871058983422314,87.8666205556491,16.0,cpu_modern,mlx,59.697449873826656,421.0401966759321,104.96738972020353,4.037207296930905,313.6204153518012,67.97530140469885,1.0,synthetic
2.0,dense,fp32,8.0,128,256,2048,1,0.0671744,apple,8.63211502348055,146.82042525168484,32.0,apple_pro,transformers,1.0297463442864094,78.49408443945784,21.06106817457645,2.6326335218220565,69.46752765059914,0.9508070921307646,1.0,synthetic
1.5,dense,Q3_K_M,0.735,128,256,16384,1,0.40304639999999997,apple,24.883703376480273,900.2319658212103,128.0,apple_ultra,mlx,0.219201514019855,1.5802127162884212,2.643939105335343,3.597196061680739,1.5282946961295467,0.17363983604082986,1.0,synthetic
3.8,dense,Q4_0,2.242,128,256,2048,1,0.12763135999999997,gpu,783.7255412984537,2873.2721639959104,80.0,datacenter,mlx,0.01939454464482181,1.099620328206575,7.187315177712742,3.2057605609780295,0.980896341737524,0.020751423888146752,1.0,synthetic
1.0,dense,bf16,2.0,128,256,16384,1,0.2686976,cpu,0.15659687777111117,36.68027722891297,8.0,cpu_low,llama.cpp,42.572155725933165,112.4556584327367,9.601011260214609,4.800505630107304,129.18153636135554,26.154599531336878,1.0,synthetic
1.5,moe,Q4_0,0.885,128,256,16384,1,0.40304639999999997,apple,23.233353175480843,864.6154888499449,128.0,apple_ultra,vllm,0.23477220069558752,1.8621665014833289,3.2176008321544,3.635707154976723,1.2983337062463072,0.24188997271115703,1.0,synthetic
0.5,moe,Q5_K_M,0.365,128,256,4096,1,0.0335872,gpu,26.990139954397403,391.5452673269788,8.0,consumer_mid,vllm,0.09262641854484657,1.5661307340256663,1.3866565140797251,3.7990589426841783,1.3468706500783958,0.11001778664419647,1.0,synthetic
8.0,dense,Q4_K_M,5.04,128,256,4096,1,0.5373952,gpu,61.72738246086146,596.933190152035,24.0,consumer_flagship,llama.cpp,0.5760094489362112,13.347737334796388,22.821913147916764,4.5281573706184055,12.595830946239667,0.5457697726686571,1.0,synthetic
0.5,dense,fp16,1.0,128,256,4096,1,0.0335872,gpu,23.188796891108588,327.3932867331933,8.0,consumer_mid,mlx,0.10781068167269123,4.856954061926205,2.0287569204331835,2.0287569204331835,4.720691589792526,0.12276459009453716,1.0,synthetic
30.0,dense,Q3_K_M,14.7,128,256,512,1,0.25190399999999996,gpu,8.416384600534569,177.15797483610874,6.0,consumer_low,ollama,23.76317260825948,153.45219443352448,45.33080721720856,3.0837283821230312,111.98286980660343,26.619131344727247,1.0,synthetic
1.5,dense,Q4_K_M,0.9450000000000001,128,256,2048,1,0.050380799999999996,cpu,0.16629079722585074,37.52837537045309,8.0,cpu_low,llama.cpp,60.1356188485784,48.224397002598586,3.0207018030707076,3.1965098445192672,48.17302997992835,77.82218946298306,1.0,synthetic
70.0,dense,Q5_K_M,51.1,128,256,8192,1,9.404416,cpu,0.16126750171908155,33.48297713780738,8.0,cpu_low,mlx,2893.7427670924817,3285.4912703295213,176.84801133957677,3.4608221397177448,3500.1735364458004,2356.963838706265,1.0,synthetic
1.0,moe,int8,1.0,128,256,4096,1,0.0671744,gpu,48.920605879309335,562.4406256015297,12.0,consumer_high,llama.cpp,0.09507573970306966,2.7902929593121306,3.5020898833859295,3.5020898833859295,4.003754102693759,0.05756717209049846,1.0,synthetic
30.0,dense,bf16,60.0,128,256,2048,1,1.0076159999999998,cpu,1.1444831966927298,84.42818474549595,16.0,cpu_modern,vllm,104.85081855877831,963.4636613970252,259.054756169267,4.3175792694877835,914.2077325744339,116.52236158732973,1.0,synthetic
3.8,dense,fp32,15.2,128,256,512,1,0.03190783999999999,gpu,23.241049187482364,319.41796600998094,8.0,consumer_mid,mlx,0.8175190305192163,73.36376429276532,46.39202613084117,3.052106982292182,63.58947712756831,1.044059157872203,1.0,synthetic
70.0,dense,Q3_K_M,34.3,128,256,8192,1,9.404416,cpu,0.9150273133965955,78.77024353876406,16.0,cpu_modern,llama.cpp,306.0017945919403,739.7787800159565,70.21010901623858,2.046941953826198,1026.047927785212,209.50286018098828,1.0,synthetic
1.0,dense,Q4_0,0.59,128,256,16384,1,0.2686976,gpu,21.732811626362796,307.96442103678106,8.0,consumer_mid,vllm,0.23006687243056917,4.289694330019541,2.752074901369737,4.664533731135148,5.894224678846974,0.2085644251640396,1.0,synthetic
3.8,dense,Q8_0,4.028,128,256,512,1,0.03190783999999999,apple,24.932966994493295,817.8487338173634,128.0,apple_ultra,vllm,0.5542132960442977,6.20516311899468,12.998449490721125,3.2270232102088197,5.126668545190096,0.741528694623584,1.0,synthetic
1.0,dense,Q4_K_M,0.63,128,256,8192,1,0.1343488,gpu,25.179806520142854,311.661858872845,8.0,consumer_mid,mlx,0.19857181968416623,3.7730675002134126,1.6185261295667424,2.569089094550385,3.202899362438545,0.2105327364266678,1.0,synthetic
8.0,dense,Q8_0,8.48,128,256,2048,1,0.2686976,apple,14.270342485628866,349.34440771676395,64.0,apple_max,mlx,2.2424128945907227,33.39091703105448,31.936317366045014,3.766075161090214,49.285575756443386,1.6400770926579575,1.0,synthetic
30.0,moe,Q3_K_M,14.7,128,256,4096,1,2.0152319999999997,apple,13.755744394595897,441.66513850880665,64.0,apple_max,llama.cpp,8.723628220886644,50.46125233077595,47.305152845900466,3.2180376085646576,70.24864303606547,8.637514185015483,1.0,synthetic
8.0,dense,Q5_K_M,5.84,128,256,8192,1,1.0747904,apple,9.163245329396574,162.1720211325583,32.0,apple_pro,ollama,3.8802361256759013,60.91230738208268,19.97906863773307,3.421073396872101,61.16055131870004,4.5477406149333115,1.0,synthetic
3.0,dense,Q8_0,3.18,128,256,4096,1,0.20152319999999999,apple,29.069175855534585,891.2699031232232,128.0,apple_ultra,mlx,0.37528036444190715,4.742563375233378,13.979641634458774,4.396113721527916,4.669881844627215,0.39413824810011866,1.0,synthetic
3.0,dense,Q6_K,2.46,128,256,512,1,0.025190399999999998,apple,7.305549434325288,152.050845603545,32.0,apple_pro,ollama,1.8250965862589839,23.349242063782555,11.793424749983668,4.794075101619377,20.58339188699191,1.3287283166778445,1.0,synthetic
8.0,dense,int8,8.0,128,256,16384,1,2.1495808,apple,24.133334668161996,831.7762148324471,128.0,apple_ultra,vllm,1.2054243431715799,15.252871834710572,23.823497050451493,2.9779371313064367,11.980868784476378,1.2941405323950435,1.0,synthetic
70.0,dense,Q8_0,74.2,128,256,512,1,0.587776,gpu,66.22813933804768,634.3075078875829,24.0,consumer_flagship,vllm,4.697566838215242,168.4351496260943,249.66854698211117,3.364805215392334,144.89063527505382,3.9845715001403925,1.0,synthetic
7.0,dense,Q3_K_M,3.4299999999999997,128,256,16384,1,1.8808832,apple,3.2229887494260288,63.54465244879913,16.0,apple_base,vllm,10.859485626883751,128.58028525759835,16.70341984232559,4.869801703301922,129.6410322567881,9.681389446642395,1.0,synthetic
30.0,dense,fp16,60.0,128,256,16384,1,8.060927999999999,cpu,0.9673830566220836,74.95990012837862,16.0,cpu_modern,ollama,124.04600140405293,1210.61932906237,295.4296579553835,4.923827632589725,1367.5387421278306,206.82760747121847,1.0,synthetic
2.0,dense,Q6_K,1.64,128,256,16384,1,0.5373952,apple,28.529818523847005,894.8078603852405,128.0,apple_ultra,mlx,0.25491670291026464,3.041707745870953,4.708821736939853,2.8712327664267394,3.9654491769363625,0.3338878805224336,1.0,synthetic
0.5,dense,Q6_K,0.41,128,256,8192,1,0.0671744,gpu,61.16783461126947,759.426776410966,24.0,consumer_flagship,vllm,0.03632991483750846,0.8976213842594648,1.1267033424152433,2.7480569327201056,1.0287508227638487,0.021385564682930062,1.0,synthetic
0.5,dense,Q5_K_M,0.365,128,256,8192,1,0.0671744,gpu,766.5665099699045,2207.876013420768,80.0,datacenter,ollama,0.0026090364945352495,0.2609895346616628,0.9346659406356496,2.560728604481232,0.28574965125243984,0.003697938164918848,1.0,synthetic
0.5,moe,Q6_K,0.41,128,256,512,1,0.0041984,cpu,0.1518915923477753,35.894386600481354,8.0,cpu_low,transformers,21.945476255863053,20.980662196074434,0.8978826737759548,2.189957740916963,15.808240951876117,14.653484956806357,1.0,synthetic
0.5,dense,Q4_K_M,0.315,128,256,4096,1,0.0335872,apple,30.936289643651477,687.5683107514938,128.0,apple_ultra,transformers,0.058771812622815035,0.633731940792551,1.2404797249446304,3.9380308728400966,0.4735538705678209,0.09136486176876403,1.0,synthetic
3.8,dense,int8,3.8,128,256,4096,1,0.25526271999999994,gpu,43.059351416682375,526.0625969388287,12.0,consumer_high,vllm,0.4104664381406267,11.33633465249437,8.899166587482936,2.341885944074457,14.265922156615712,0.571990237495144,1.0,synthetic
8.0,dense,Q8_0,8.48,128,256,2048,1,0.2686976,gpu,47.118058667838234,466.99813241811455,12.0,consumer_high,llama.cpp,0.7897036375774891,27.549856994260708,27.989336535328697,3.300629308411403,27.044973066088787,0.6984486549409857,1.0,synthetic
70.0,dense,Q6_K,57.4,128,256,8192,1,9.404416,gpu,693.1065680040138,2653.618124043037,80.0,datacenter,transformers,0.40397828115571766,33.56645549697868,125.22709852474507,2.181656768723782,25.466410105225368,0.2866932804899135,1.0,synthetic
8.0,dense,fp16,16.0,128,256,4096,1,0.5373952,cpu,0.1584069547196533,39.18135657292321,8.0,cpu_low,transformers,336.68555416472725,767.4055699619687,57.793171962890106,3.6120732476806316,1068.7730633363574,251.50149149708102,1.0,synthetic
2.0,moe,Q6_K,1.64,128,256,4096,1,0.1343488,apple,14.861602256417427,401.3589452393352,64.0,apple_max,ollama,0.5382999667176195,5.894470343969152,4.701672470172329,2.866873457422152,8.400222344319758,0.7732971132034867,1.0,synthetic
70.0,dense,Q5_K_M,51.1,128,256,4096,1,4.702208,cpu,0.892223009017346,68.88885153462955,16.0,cpu_modern,mlx,313.8228863974034,1080.0433211257498,164.97577947037308,3.228488835036655,1350.690392068567,346.93630179137136,1.0,synthetic
7.0,dense,int8,7.0,128,256,4096,1,0.4702208,cpu,0.1351284072148258,41.356060780345196,8.0,cpu_low,vllm,345.3505271654424,328.4215029207689,14.323714127416562,2.046244875345223,424.1079375081259,378.2020213102495,1.0,synthetic
8.0,dense,Q6_K,6.56,128,256,2048,1,0.2686976,apple,23.818609994333137,702.2182560925037,128.0,apple_ultra,llama.cpp,1.221352089724393,12.155582578410726,22.888450850136923,3.4890931173989213,11.104598355352385,1.2886039820072797,1.0,synthetic
2.0,dense,Q3_K_M,0.98,128,256,4096,1,0.1343488,cpu,0.9918120695908867,72.43860918278186,16.0,cpu_modern,mlx,8.066044208657317,20.511139249663614,2.996240586133765,3.0573883531977195,19.894236269438814,8.405193689463148,1.0,synthetic
3.0,dense,Q4_0,1.77,128,256,16384,1,0.8060927999999999,gpu,757.5760150048151,2147.8167357949633,80.0,datacenter,llama.cpp,0.015839994617469152,1.5992008734994299,8.490342224230668,4.796803516514502,2.055143188445452,0.018672970093444433,1.0,synthetic
1.0,dense,int8,1.0,128,256,512,1,0.0083968,apple,16.69333488221168,378.3260940200422,64.0,apple_max,ollama,0.23961659118588563,3.5538893243653424,2.773610010644026,2.773610010644026,2.944420605728794,0.25092772961130605,1.0,synthetic
7.0,dense,Q8_0,7.42,128,256,2048,1,0.2351104,apple,7.026133708994018,141.68342805692836,32.0,apple_pro,transformers,4.427913330383449,77.18525836067413,27.34785177281175,3.6856943090042793,70.7874989760243,5.713443326806546,1.0,synthetic
1.5,dense,Q5_K_M,1.095,128,256,512,1,0.012595199999999999,gpu,63.70092653824134,691.3724701027344,24.0,consumer_flagship,transformers,0.10465572526114658,2.288605528229579,2.390865204741649,2.1834385431430587,1.71001140170764,0.18267876994522775,1.0,synthetic
3.8,dense,int8,3.8,128,256,8192,1,0.5105254399999999,cpu,0.9967992494872707,84.0194303011993,16.0,cpu_modern,ollama,15.24880762883651,68.40521570700646,15.853547379250013,4.171986152434214,76.55142540798303,12.776756387524806,1.0,synthetic
70.0,dense,Q8_0,74.2,128,256,512,1,0.587776,cpu,0.15292579960077496,38.033968175147116,8.0,cpu_low,vllm,3051.5888612970293,3575.1666489090594,329.1383451397818,4.435826753905415,3830.8798432234294,3443.0854056666853,1.0,synthetic
2.0,dense,int8,2.0,128,256,2048,1,0.0671744,apple,16.409680356077942,417.126058569467,64.0,apple_max,vllm,0.4875171134602204,6.607672852628358,9.556044505619504,4.778022252809752,8.708947567342314,0.46926977453020835,1.0,synthetic
1.5,moe,fp32,6.0,128,256,4096,1,0.10076159999999999,gpu,7.714276316797526,173.09329239597506,6.0,consumer_low,llama.cpp,1.2962978754371814,64.08274789069611,14.143801036968402,2.357300172828067,59.67290545137688,1.727659749850011,1.0,synthetic
8.0,dense,Q4_K_M,5.04,128,256,8192,1,1.0747904,apple,2.622398880188401,60.99276114124131,16.0,apple_base,mlx,15.253209686059003,154.23748113926408,20.686648256554648,4.104493701697351,151.3241102461593,9.265665210425773,1.0,synthetic
2.0,dense,Q5_K_M,1.46,128,256,2048,1,0.0671744,apple,3.4377587188367693,66.80673756309909,16.0,apple_base,mlx,2.9088719767347975,35.16859470504708,5.28272247703716,3.6183030664638083,67.39670343830966,5.575565345940237,1.0,synthetic
30.0,dense,Q5_K_M,21.9,128,256,4096,1,2.0152319999999997,apple,8.042577577050709,127.8948639777863,32.0,apple_pro,transformers,16.578432978227852,267.1304857776861,57.26298333630118,2.6147480975479995,288.1497234660432,13.892574879375964,1.0,synthetic
7.0,dense,Q6_K,5.739999999999999,128,256,4096,1,0.4702208,gpu,27.960355785667097,395.003664605587,8.0,consumer_mid,llama.cpp,1.2517723403913739,24.187587868820774,14.501334586791323,2.5263649105908232,24.65045444812021,0.7362644628905981,1.0,synthetic
1.0,dense,bf16,2.0,128,256,4096,1,0.0671744,gpu,49.13383034482784,558.2647557716144,12.0,consumer_high,llama.cpp,0.0946631426464248,5.445377522962997,8.552043308120686,4.276021654060343,5.1593437903826125,0.13317739760067487,1.0,synthetic
1.5,dense,fp16,3.0,128,256,16384,1,0.40304639999999997,apple,2.6378212526186426,58.620993320632714,16.0,apple_base,vllm,2.8432555816867913,89.31025735719301,14.959943382656121,4.986647794218707,79.76966967946808,4.503569817087294,1.0,synthetic
30.0,dense,int8,30.0,128,256,4096,1,2.0152319999999997,cpu,0.8791762647566597,84.99366178257178,16.0,cpu_modern,mlx,136.49140088331873,502.2371680984935,133.54145539531305,4.451381846510435,694.6421619067071,133.279546185595,1.0,synthetic
8.0,dense,Q8_0,8.48,128,256,16384,1,2.1495808,gpu,10.123178403677608,187.87100067716617,6.0,consumer_low,ollama,5.268437560475876,102.87117477308188,38.032536322248475,4.484968905925528,99.54447428693535,4.139573678015233,1.0,synthetic
8.0,moe,Q3_K_M,3.92,128,256,8192,1,1.0747904,gpu,148.80395087850505,988.9074029332387,40.0,datacenter_low,ollama,0.3072115051004954,8.418028464520118,18.998847908817694,4.8466448746983914,6.790405913562994,0.3766620639054127,1.0,synthetic
0.5,dense,Q4_0,0.295,128,256,8192,1,0.0671744,cpu,0.13023515258832316,42.98818223090451,8.0,cpu_low,mlx,25.59472820575632,15.318138030444784,0.9637814073401499,3.2670556181022032,15.323758410853014,14.311298840174315,1.0,synthetic
8.0,dense,bf16,16.0,128,256,512,1,0.0671744,gpu,40.569766518378366,478.7220299602539,12.0,consumer_high,transformers,0.9171682639269156,49.35682122049107,40.97872812926626,2.561170508079141,42.981325349137045,0.7721509068051458,1.0,synthetic
3.0,dense,Q3_K_M,1.47,128,256,4096,1,0.20152319999999999,apple,14.950578211559675,435.75176410135776,64.0,apple_max,ollama,0.8026445419162243,5.114603734528073,5.747161194623353,3.909633465730172,6.460892490475595,0.843108314492223,1.0,synthetic
7.0,dense,bf16,14.0,128,256,8192,1,0.9404416,gpu,158.5203052034672,945.2539520262909,40.0,datacenter_low,llama.cpp,0.2523336045098979,26.342905995390563,30.92772535169637,2.2091232394068836,42.04471478764704,0.2172375466780612,1.0,synthetic
13.0,dense,Q8_0,13.780000000000001,128,256,4096,1,0.8732671999999999,gpu,27.69888603936747,379.1702750616113,8.0,consumer_mid,llama.cpp,2.3466647686703985,59.45478715687013,28.08264514187677,2.0379278042000557,72.54892179849999,1.8700398617291034,1.0,synthetic
7.0,dense,bf16,14.0,128,256,16384,1,1.8808832,gpu,640.6217802209849,2173.852929003172,80.0,datacenter,mlx,0.043707536747097944,9.740544381281111,62.17271299967688,4.440908071405492,11.62739047170742,0.055159177559461633,1.0,synthetic
30.0,dense,fp32,120.0,128,256,4096,1,2.0152319999999997,cpu,0.34053780319906346,45.016641810158504,16.0,cpu_older,mlx,440.4797311513652,4169.918812027009,473.9246619045449,3.949372182537874,3407.132930183657,508.75663562926036,1.0,synthetic
30.0,dense,fp16,60.0,128,256,16384,1,8.060927999999999,cpu,0.8752330297929057,69.45774772464337,16.0,cpu_modern,vllm,137.10634301403584,1306.519531266099,146.2564428517013,2.4376073808616883,2228.2065765910806,123.9394791064798,1.0,synthetic
2.0,dense,int8,2.0,128,256,16384,1,0.5373952,apple,13.58350498873922,364.53356404787957,64.0,apple_max,llama.cpp,0.5889496125360894,9.280883665229892,6.370894650985821,3.1854473254929103,7.667341263259199,0.47311437915571386,1.0,synthetic
70.0,dense,Q4_K_M,44.1,128,256,512,1,0.587776,cpu,0.4184547581004068,44.16342907231534,16.0,cpu_older,transformers,836.410611242276,1556.727501906823,104.93951072869271,2.379580742147227,1871.0497717345702,1104.2160523641865,1.0,synthetic
30.0,dense,Q5_K_M,21.9,128,256,8192,1,4.030463999999999,gpu,56.2024116547545,779.3677284399172,24.0,consumer_flagship,vllm,2.3723774373310875,47.53022052138479,82.0617459995035,3.747111689475046,48.164677781965295,2.2358972579395178,1.0,synthetic
3.8,dense,bf16,7.6,128,256,512,1,0.03190783999999999,cpu,0.1719106649895865,42.85746120557381,8.0,cpu_low,transformers,147.363360701722,323.7755033170888,21.96822638158366,2.8905561028399553,207.92859900914527,101.89434506327969,1.0,synthetic
7.0,dense,Q8_0,7.42,128,256,8192,1,0.9404416,apple,13.435831140170466,356.57003879224106,64.0,apple_max,ollama,2.0839797484716494,31.262456891847048,36.24474789532627,4.884736913116748,25.671055843828693,1.517248364228524,1.0,synthetic
2.0,dense,int8,2.0,128,256,4096,1,0.1343488,gpu,66.53022839453676,802.395112647789,24.0,consumer_flagship,ollama,0.13360676948493408,3.799960476110355,5.947471954991675,2.9737359774958376,3.171745181549333,0.06956324206083114,1.0,synthetic
1.0,moe,Q4_0,0.59,128,256,4096,1,0.0671744,apple,24.431389972262075,714.359529866619,128.0,apple_ultra,ollama,0.14883981797565113,1.1499363634910555,1.8240682967195834,3.09164118088065,0.8339637125371343,0.1354868271076566,1.0,synthetic
13.0,dense,fp32,52.0,128,256,4096,1,0.8732671999999999,cpu,0.355491561983156,44.412908715744166,16.0,cpu_older,ollama,182.8454088681853,1831.528047861547,118.71277362818861,2.2829379543882427,1481.3064771001834,123.47464066651769,1.0,synthetic
0.5,dense,fp32,2.0,128,256,4096,1,0.0335872,gpu,684.9068906491297,2862.443208221177,80.0,datacenter,vllm,0.0029201049475564094,0.947250094678731,9.059194849742111,4.5295974248710555,1.155065059907531,0.0026205641856341545,1.0,synthetic
30.0,moe,Q3_K_M,14.7,128,256,4096,1,2.0152319999999997,apple,30.661673188207406,869.6262829441027,128.0,apple_ultra,ollama,3.5578915873666626,24.026458732668054,32.73593041698912,2.226934041972049,30.139956109088345,4.0185582687195645,1.0,synthetic
70.0,dense,Q3_K_M,34.3,128,256,8192,1,9.404416,gpu,8.89964277443678,229.3553743169035,6.0,consumer_low,llama.cpp,52.43656161201369,346.4604864050842,141.30189916399834,4.119588896909573,384.27532844461615,57.531301519798454,1.0,synthetic
1.0,dense,bf16,2.0,128,256,16384,1,0.2686976,gpu,48.51677705963273,503.47670147592504,12.0,consumer_high,transformers,0.09586710149729974,6.626562838398857,5.827479682523494,2.913739841261747,7.433490802055461,0.1260961912389873,1.0,synthetic
1.5,dense,Q4_0,0.885,128,256,2048,1,0.050380799999999996,gpu,129.10334079255625,1017.6268849405768,40.0,datacenter_low,vllm,0.06639199666568796,1.5319642425632596,2.165953711335213,2.4474053235426134,1.0092708083714497,0.08220634709613728,1.0,synthetic
13.0,dense,fp16,26.0,128,256,4096,1,0.8732671999999999,cpu,0.43954277986009055,49.543022625042305,16.0,cpu_older,transformers,147.8809412378243,834.4966820636066,80.54920023216633,3.098046162775628,947.4097889500498,205.72192260655626,1.0,synthetic
1.5,moe,Q3_K_M,0.735,128,256,16384,1,0.40304639999999997,apple,7.529768683472616,127.88496465531766,32.0,apple_pro,llama.cpp,0.8853746970075714,12.712835913201069,2.6313500364326043,3.5800680767790536,12.94418559269997,1.7730041260284153,1.0,synthetic
2.0,moe,Q3_K_M,0.98,128,256,2048,1,0.0671744,gpu,169.20207803884978,773.5360530432354,40.0,datacenter_low,mlx,0.06754391885156022,2.2562499314677926,2.1454410125683223,2.1892255230289,2.212496244488388,0.057866420182227894,1.0,synthetic
70.0,moe,Q4_0,41.3,128,256,8192,1,9.404416,gpu,163.011477808181,907.982035285051,40.0,datacenter_low,vllm,2.4538149422256534,93.07162115103945,136.84336192494445,3.313398593824321,126.47368657233862,2.809735856050371,1.0,synthetic
13.0,dense,fp16,26.0,128,256,4096,1,0.8732671999999999,apple,8.130993611685499,163.49232543224554,32.0,apple_pro,llama.cpp,7.105869286964161,234.8145799063544,99.81805801781933,3.8391560776084357,167.91892090019127,8.351757950346846,1.0,synthetic
8.0,dense,int8,8.0,128,256,8192,1,1.0747904,gpu,9.346354539476076,214.0464188528676,6.0,consumer_low,ollama,5.706324653967493,77.08430254295685,20.734919409209645,2.5918649261512057,83.98621273200175,5.859607052565855,1.0,synthetic
70.0,dense,Q3_K_M,34.3,128,256,512,1,0.587776,gpu,170.29908058051842,910.3516623945043,40.0,datacenter_low,mlx,2.348808922728609,63.87234267293009,107.7612643678072,3.141727824134321,53.87640107336164,2.5640498858353364,1.0,synthetic
3.8,dense,Q4_0,2.242,128,256,16384,1,1.0210508799999998,apple,8.646509951511614,159.31099567945455,32.0,apple_pro,mlx,1.9532607934992676,29.260386185283412,5.077759125905522,2.264834578905228,29.67673728569479,1.6522973185981575,1.0,synthetic
7.0,dense,Q4_0,4.13,128,256,2048,1,0.2351104,gpu,804.129850127414,2797.9724413999706,80.0,datacenter,transformers,0.03482024699812277,2.080130280728526,17.174625506041817,4.1585049651432975,1.9655359884508912,0.04230661023636168,1.0,synthetic
2.0,dense,Q8_0,2.12,128,256,8192,1,0.2686976,gpu,147.39466857935005,941.912770835613,40.0,datacenter_low,vllm,0.07753721039386745,4.226678722207789,6.939399533134202,3.273301666572737,3.070504895439556,0.05490738990126263,1.0,synthetic
0.49,dense,Q4_K_M,0.3087,36,36,36,1,0.000289296,cpu,0.9,76.8,4.3,cpu_older,ollama,2.7222222222222223,6.189689423076923,4.3,10.0,4.6907,,25.0,real:LAPTOP-S5E2D231
1.1,dense,Q4_K_M,0.693,43,43,43,1,0.00077572,cpu,0.9,76.8,4.3,cpu_older,ollama,6.111111111111112,13.89775080128205,4.3,6.204906204906205,6.2075,,25.0,real:LAPTOP-S5E2D231
1.0,dense,Q4_K_M,0.63,17,17,17,1,0.0002788,cpu,0.9,76.8,4.3,cpu_older,ollama,5.555555555555555,12.625777243589743,4.3,6.825396825396825,15.6404,,25.0,real:LAPTOP-S5E2D231
1.5,dense,Q4_K_M,0.945,36,36,36,1,0.0008856,cpu,0.9,76.8,4.3,cpu_older,ollama,8.333333333333334,18.948028846153846,4.3,4.550264550264551,7.5798,,25.0,real:LAPTOP-S5E2D231
1.24,dense,Q4_K_M,0.7812,32,32,32,1,0.000650752,cpu,0.9,76.8,4.3,cpu_older,ollama,6.888888888888889,15.662074358974358,4.3,5.504352278545826,10.9516,,25.0,real:LAPTOP-S5E2D231
3.8,dense,Q4_K_M,2.394,16,16,16,1,0.0009971199999999998,cpu,0.9,76.8,4.3,cpu_older,ollama,21.11111111111111,47.976705128205126,4.3,1.7961570593149538,24.0901,,25.0,real:LAPTOP-S5E2D231
3.21,dense,Q4_K_M,2.0223,32,32,32,1,0.0016846079999999998,cpu,0.9,76.8,4.3,cpu_older,ollama,17.833333333333332,40.54456346153846,4.3,2.126291845918014,18.9328,,25.0,real:LAPTOP-S5E2D231
0.49,dense,Q4_K_M,0.3087,36,36,36,1,0.000289296,gpu,11.6,232.0,8.0,consumer_low,ollama,0.28160919540229884,2.421546206896551,7.0,10.0,637.9515,,25.0,real:DESKTOP-OHTB214
1.1,dense,Q4_K_M,0.693,43,43,43,1,0.00077572,gpu,11.6,232.0,8.0,consumer_low,ollama,0.6321839080459769,5.437113793103448,7.0,10.0,142.8338,,25.0,real:DESKTOP-OHTB214
1.0,dense,Q4_K_M,0.63,17,17,17,1,0.0002788,gpu,11.6,232.0,8.0,consumer_low,ollama,0.5747126436781608,4.939489028213165,7.0,10.0,813.3971,,25.0,real:DESKTOP-OHTB214
1.5,dense,Q4_K_M,0.945,36,36,36,1,0.0008856,gpu,11.6,232.0,8.0,consumer_low,ollama,0.8620689655172412,7.412896551724137,7.0,7.407407407407407,1.8014,,25.0,real:DESKTOP-OHTB214
1.24,dense,Q4_K_M,0.7812,32,32,32,1,0.000650752,gpu,11.6,232.0,8.0,consumer_low,ollama,0.7126436781609194,6.127356990595611,7.0,8.960573476702509,1.3201,,25.0,real:DESKTOP-OHTB214
3.8,dense,Q4_K_M,2.394,16,16,16,1,0.0009971199999999998,gpu,11.6,232.0,8.0,consumer_low,ollama,2.1839080459770113,18.76956990595611,7.0,2.9239766081871346,282.2359,,25.0,real:DESKTOP-OHTB214
3.21,dense,Q4_K_M,2.0223,32,32,32,1,0.0016846079999999998,gpu,11.6,232.0,8.0,consumer_low,ollama,1.8448275862068961,15.861948338557992,7.0,3.461405330564209,2.1187,,25.0,real:DESKTOP-OHTB214
