param_count_m,architecture_family,task_type,model_flops_g,input_resolution,precision,batch_size,device_type,compute_tflops,memory_bandwidth_gbs,vram_or_ram_gb,hw_class,framework,roofline_ms_per_image,ram_pressure_ratio,ms_per_image,sample_weight,source
44.0,cnn,detection,120.83837616730888,416,fp16,1,cpu,0.6,300.0,8.0,cpu_4thread,coreml,607.1918808365444,3.2004486617175356,527.6288494224166,1.0,synthetic
25.0,transformer,segmentation,75.24541993025575,768,fp16,1,gpu,150.0,300.0,8.0,datacenter_low,pytorch,65.78968678841052,3.4898714421895143,89.46567550032879,1.0,synthetic
5.0,cnn,classification,1.780977736545604,256,int8,1,gpu,700.0,300.0,8.0,datacenter,coreml,11.904888682728021,2.456944341142818,11.540865091970627,1.0,synthetic
25.0,hybrid,classification,8.30328204380011,384,fp32,1,gpu,700.0,300.0,8.0,datacenter,coreml,44.51641021900055,3.1147193255486005,30.345022650499676,1.0,synthetic
44.0,transformer,classification,13.521386227821191,224,fp16,1,cpu,0.15,300.0,8.0,cpu_1thread,coreml,70.60693113910595,4.310091406104549,77.88485619867048,1.0,synthetic
100.0,transformer,segmentation,308.777348204312,512,int8,1,cpu,0.15,300.0,8.0,cpu_1thread,tensorrt,1546.8867410215598,4.32025463271609,1321.5347005466624,1.0,synthetic
44.0,cnn,classification,13.819051363246968,224,fp32,1,cpu,0.15,300.0,8.0,cpu_1thread,tensorrt,72.09525681623484,4.717865629248148,49.07521457805329,1.0,synthetic
44.0,cnn,segmentation,118.29417135741858,512,int8,1,cpu,0.6,300.0,8.0,cpu_4thread,coreml,594.4708567870929,2.6446135215474036,428.93053381049623,1.0,synthetic
11.0,transformer,classification,4.449208213783008,384,fp32,1,cpu,0.15,300.0,8.0,cpu_1thread,tensorrt,25.24604106891504,3.572217339520113,23.035874653934112,1.0,synthetic
150.0,hybrid,classification,61.21113549106459,256,fp32,1,cpu,0.15,300.0,8.0,cpu_1thread,tflite,309.05567745532295,4.9201375873253514,418.4904254674019,1.0,synthetic
5.0,transformer,detection,14.477849026616317,416,fp32,1,gpu,9.0,300.0,8.0,consumer_low,coreml,75.38924513308159,3.2356948928298093,69.36476416455369,1.0,synthetic
25.0,hybrid,segmentation,53.907984432952226,768,int8,1,gpu,9.0,300.0,8.0,consumer_low,coreml,272.53992216476115,3.215677348788002,275.4391586678698,1.0,synthetic
100.0,hybrid,classification,28.559050649718532,256,fp16,1,gpu,25.0,300.0,8.0,consumer_mid,pytorch,125.2050441846653,2.984926131073736,109.2727954233362,1.0,synthetic
25.0,transformer,detection,91.84153589140453,416,fp16,1,gpu,65.0,300.0,8.0,consumer_flagship,tensorrt,462.20767945702266,4.238798183996615,540.8813154812204,1.0,synthetic
44.0,hybrid,segmentation,101.5431954287406,512,int8,1,cpu,0.15,300.0,8.0,cpu_1thread,tflite,510.715977143703,3.172107652064328,539.8229750299188,1.0,synthetic
11.0,hybrid,segmentation,31.64395518991245,512,int8,1,cpu,1.0,300.0,8.0,cpu_modern_mt,pytorch,161.21977594956226,3.335884317125631,144.42317114530047,1.0,synthetic
5.0,transformer,classification,1.6422016890805935,224,int8,1,cpu,0.6,300.0,8.0,cpu_4thread,tensorrt,11.211008445402967,2.353330429810561,18.217993063132056,1.0,synthetic
100.0,transformer,segmentation,213.17578844521185,768,fp16,1,cpu,1.0,300.0,8.0,cpu_modern_mt,coreml,1068.8789422260593,3.5723346236808653,971.7072163617862,1.0,synthetic
25.0,hybrid,detection,65.05073373068409,416,fp32,1,gpu,25.0,300.0,8.0,consumer_mid,tflite,328.25366865342045,3.0847707992609297,444.5691522140388,1.0,synthetic
150.0,hybrid,classification,61.581458842693515,256,fp32,1,gpu,9.0,300.0,8.0,consumer_low,onnxruntime,310.9072942134676,3.8918254149518283,303.2703892008299,1.0,synthetic
44.0,transformer,classification,18.07439691776492,224,fp32,1,gpu,700.0,300.0,8.0,datacenter,onnxruntime,93.37198458882459,2.6934541026880314,82.86342883890501,1.0,synthetic
5.0,cnn,detection,15.32269090933444,832,fp32,1,cpu,0.15,300.0,8.0,cpu_1thread,onnxruntime,46.86950261886444,2.510320646036228,50.64268475548987,1.0,synthetic
44.0,transformer,segmentation,114.16715503457999,512,fp16,1,gpu,65.0,300.0,8.0,consumer_flagship,coreml,573.8357751729,3.301183648687933,686.4765803582964,1.0,synthetic
150.0,hybrid,segmentation,434.55778146892766,512,fp32,1,cpu,0.15,300.0,8.0,cpu_1thread,tensorrt,2175.788907344638,4.825731634554439,2151.454410158555,1.0,synthetic
11.0,cnn,segmentation,32.9127522263424,768,fp16,1,cpu,0.15,300.0,8.0,cpu_1thread,onnxruntime,96.17444449043774,3.0432193468877773,95.59834551124791,1.0,synthetic
100.0,cnn,detection,307.18191297756357,416,fp16,1,gpu,45.0,300.0,8.0,consumer_high,tflite,1538.9095648878179,3.0824204787372538,990.2342729844905,1.0,synthetic
5.0,hybrid,detection,18.088698945120026,416,fp32,1,cpu,1.0,300.0,8.0,cpu_modern_mt,onnxruntime,93.44349472560013,4.9473420711412235,139.14003117403067,1.0,synthetic
44.0,hybrid,segmentation,94.2646514954838,512,fp16,1,gpu,45.0,300.0,8.0,consumer_high,pytorch,474.323257477419,3.463872919372246,212.2374567438947,1.0,synthetic
25.0,hybrid,segmentation,72.12560438059901,512,fp32,1,gpu,9.0,300.0,8.0,consumer_low,coreml,363.6280219029951,2.7183943386034004,402.6572259097272,1.0,synthetic
100.0,cnn,classification,40.14365758514395,224,fp16,1,gpu,45.0,300.0,8.0,consumer_high,coreml,203.71828792571975,2.9812989962002376,148.09519535796812,1.0,synthetic
100.0,hybrid,classification,32.606879436612736,224,int8,1,gpu,700.0,300.0,8.0,datacenter,tensorrt,166.03439718306367,2.854665916709183,114.96064447812218,1.0,synthetic
5.0,cnn,classification,1.691642295083588,384,fp32,1,gpu,45.0,300.0,8.0,consumer_high,pytorch,11.45821147541794,3.060913589420331,12.842737945080522,1.0,synthetic
5.0,hybrid,classification,1.7674140526039075,256,int8,1,gpu,65.0,300.0,8.0,consumer_flagship,pytorch,3.5470146492809094,1.9812524679878984,5.284763848260071,1.0,synthetic
68.0,cnn,segmentation,163.20404581450506,512,fp32,1,gpu,9.0,300.0,8.0,consumer_low,tflite,819.0202290725254,2.379278681465084,1486.2804805464339,1.0,synthetic
68.0,hybrid,detection,240.300688406161,640,fp16,1,gpu,65.0,300.0,8.0,consumer_flagship,onnxruntime,1204.503442030805,3.2212758684740592,1051.3296270217538,1.0,synthetic
25.0,transformer,segmentation,64.96279964105244,768,fp16,1,gpu,150.0,300.0,8.0,datacenter_low,onnxruntime,327.81399820526224,3.599980528258809,398.93155577520287,1.0,synthetic
11.0,transformer,segmentation,30.42456755724274,512,fp16,1,gpu,150.0,300.0,8.0,datacenter_low,onnxruntime,155.1228377862137,4.483013406707583,152.72120515483724,1.0,synthetic
25.0,cnn,detection,78.43889002490867,832,fp32,1,gpu,65.0,300.0,8.0,consumer_flagship,tflite,395.1944501245434,2.447269246304743,318.57277780828497,1.0,synthetic
44.0,cnn,classification,18.38780848523671,256,int8,1,gpu,25.0,300.0,8.0,consumer_mid,coreml,94.93904242618356,3.234534808697631,102.6905972602719,1.0,synthetic
150.0,cnn,detection,419.2983795627452,832,fp16,1,gpu,9.0,300.0,8.0,consumer_low,onnxruntime,2099.491897813726,4.824233544255504,2349.7472034420452,1.0,synthetic
44.0,transformer,detection,142.62201544544527,832,fp16,1,gpu,65.0,300.0,8.0,consumer_flagship,tflite,716.1100772272264,3.0058649512384124,632.1261832913328,1.0,synthetic
25.0,transformer,detection,95.53729538156927,640,int8,1,gpu,65.0,300.0,8.0,consumer_flagship,tflite,480.6864769078463,3.5654991454845497,634.9688052300785,1.0,synthetic
11.0,hybrid,segmentation,24.48955564896694,512,fp32,1,cpu,1.0,300.0,8.0,cpu_modern_mt,onnxruntime,125.44777824483471,2.127412731465234,121.82737682554877,1.0,synthetic
150.0,hybrid,segmentation,384.15530171901486,768,fp16,1,gpu,9.0,300.0,8.0,consumer_low,coreml,1923.7765085950743,3.256822526240383,1220.9536665888743,1.0,synthetic
25.0,hybrid,detection,88.93876049022359,416,fp16,1,gpu,65.0,300.0,8.0,consumer_flagship,onnxruntime,447.6938024511179,2.2690978910247637,497.3881376862677,1.0,synthetic
100.0,hybrid,classification,38.27409577591575,256,fp16,1,gpu,150.0,300.0,8.0,datacenter_low,coreml,194.37047887957874,4.984261064185914,134.35068424271404,1.0,synthetic
11.0,cnn,classification,4.341473502137513,256,int8,1,gpu,65.0,300.0,8.0,consumer_flagship,onnxruntime,24.70736751068756,4.50508988380054,19.574320600243976,1.0,synthetic
11.0,transformer,segmentation,33.58754352909069,768,fp32,1,gpu,65.0,300.0,8.0,consumer_flagship,onnxruntime,170.93771764545343,4.967619577394279,400.00095533495585,1.0,synthetic
11.0,hybrid,segmentation,27.4164087633377,768,int8,1,gpu,65.0,300.0,8.0,consumer_flagship,coreml,140.0820438166885,2.8152155494534448,125.98886998525411,1.0,synthetic
68.0,transformer,segmentation,195.74854365042574,512,fp32,1,cpu,1.0,300.0,8.0,cpu_modern_mt,tflite,981.7427182521287,4.558773074535349,921.2621182203985,1.0,synthetic
150.0,cnn,detection,533.5473878596938,832,fp32,1,gpu,45.0,300.0,8.0,consumer_high,tflite,2670.736939298469,4.1261128676409395,2874.171818140291,1.0,synthetic
68.0,hybrid,segmentation,169.07974860417792,512,int8,1,gpu,45.0,300.0,8.0,consumer_high,pytorch,848.3987430208896,4.523925054499106,1689.6091954507904,1.0,synthetic
5.0,cnn,classification,1.8740330657837498,224,fp16,1,cpu,0.6,300.0,8.0,cpu_4thread,pytorch,97.15331110631737,4.655686952633518,107.62581864317305,1.0,synthetic
100.0,cnn,detection,288.25788591091873,416,fp32,1,gpu,45.0,300.0,8.0,consumer_high,tensorrt,1444.2894295545937,3.143442960083152,2537.30035106411,1.0,synthetic
25.0,hybrid,detection,88.88456222968605,832,fp16,1,cpu,0.6,300.0,8.0,cpu_4thread,tflite,447.42281114843024,3.0391979592885567,604.0367478964121,1.0,synthetic
25.0,cnn,segmentation,61.60258438931076,768,fp32,1,gpu,45.0,300.0,8.0,consumer_high,coreml,311.01292194655383,4.666207368159876,309.2787532469328,1.0,synthetic
44.0,cnn,classification,15.180521172321372,224,int8,1,cpu,1.0,300.0,8.0,cpu_modern_mt,coreml,78.90260586160686,2.8300098265372458,42.28884692510155,1.0,synthetic
68.0,hybrid,classification,25.284631727181488,384,fp16,1,gpu,65.0,300.0,8.0,consumer_flagship,tensorrt,129.42315863590744,2.3595219846236115,137.44479521708826,1.0,synthetic
11.0,hybrid,classification,4.43407986742168,256,fp32,1,gpu,9.0,300.0,8.0,consumer_low,pytorch,25.1703993371084,4.082059837473697,20.81093743930118,1.0,synthetic
44.0,transformer,detection,146.58028612680695,640,fp32,1,cpu,1.0,300.0,8.0,cpu_modern_mt,pytorch,735.9014306340348,2.5536051522099323,873.7604613982613,1.0,synthetic
68.0,hybrid,detection,197.85963316661227,416,fp16,1,gpu,45.0,300.0,8.0,consumer_high,pytorch,992.2981658330614,3.9161702264510185,1629.1753929921035,1.0,synthetic
25.0,hybrid,segmentation,65.83810603959415,768,fp32,1,gpu,150.0,300.0,8.0,datacenter_low,tensorrt,14.961840374354367,4.305231629342103,11.929572778749755,1.0,synthetic
68.0,cnn,classification,26.2555672810507,256,int8,1,cpu,0.6,300.0,8.0,cpu_4thread,tflite,134.27783640525348,3.0027901243376274,197.02505252894622,1.0,synthetic
11.0,hybrid,classification,4.437124273616813,384,fp16,1,cpu,1.0,300.0,8.0,cpu_modern_mt,tensorrt,25.185621368084064,3.844730257405822,29.480632561716348,1.0,synthetic
150.0,hybrid,detection,541.8937946519866,640,fp32,1,cpu,0.6,300.0,8.0,cpu_4thread,coreml,2712.4689732599327,3.6272303860349253,1740.9632520698574,1.0,synthetic
150.0,transformer,classification,49.79334493930835,256,fp32,1,gpu,65.0,300.0,8.0,consumer_flagship,coreml,251.96672469654175,4.092497108111283,271.0166363234699,1.0,synthetic
44.0,cnn,segmentation,113.29232390978152,768,fp32,1,gpu,25.0,300.0,8.0,consumer_mid,pytorch,481.84739133627033,4.053633299093972,558.088095879115,1.0,synthetic
25.0,transformer,segmentation,57.646038670767695,768,fp16,1,gpu,9.0,300.0,8.0,consumer_low,tensorrt,291.23019335383844,4.952749299473871,384.27885510900285,1.0,synthetic
150.0,hybrid,detection,545.6016401801259,832,fp16,1,cpu,0.15,300.0,8.0,cpu_1thread,pytorch,97371.55870654527,3.6068949585416954,80345.55387349527,1.0,synthetic
11.0,cnn,segmentation,24.44846047157032,512,int8,1,gpu,45.0,300.0,8.0,consumer_high,coreml,125.2423023578516,3.6154279299881185,173.71318589920114,1.0,synthetic
11.0,transformer,detection,30.21412059048469,640,fp16,1,cpu,0.15,300.0,8.0,cpu_1thread,tflite,154.07060295242346,3.170587901749707,282.63520274448774,1.0,synthetic
25.0,hybrid,segmentation,64.96216683661362,768,fp16,1,cpu,0.15,300.0,8.0,cpu_1thread,tensorrt,327.8108341830681,4.626960163023758,407.0016099311725,1.0,synthetic
100.0,transformer,detection,269.8960825219596,640,fp32,1,gpu,700.0,300.0,8.0,datacenter,tensorrt,1352.4804126097981,2.110123948413885,1151.6942439779739,1.0,synthetic
44.0,cnn,segmentation,100.0118938216134,768,fp16,1,gpu,25.0,300.0,8.0,consumer_mid,pytorch,425.9500610951708,4.295129569911469,491.13459066975565,1.0,synthetic
150.0,cnn,segmentation,375.1996674405502,768,int8,1,gpu,150.0,300.0,8.0,datacenter_low,pytorch,322.0705958612061,2.066751055778993,329.05740277129274,1.0,synthetic
11.0,cnn,classification,4.183738958786967,224,fp32,1,cpu,0.15,300.0,8.0,cpu_1thread,tensorrt,23.918694793934836,2.330698726163698,33.05718355884213,1.0,synthetic
150.0,hybrid,classification,58.576972302700405,224,fp32,1,cpu,0.6,300.0,8.0,cpu_4thread,pytorch,2688.477634233409,4.283814288876081,2333.985093366713,1.0,synthetic
100.0,cnn,segmentation,307.24006117754783,768,int8,1,cpu,0.15,300.0,8.0,cpu_1thread,pytorch,54833.55131774519,3.114301851940197,40473.84833541812,1.0,synthetic
150.0,hybrid,segmentation,441.3864343510339,768,int8,1,cpu,1.0,300.0,8.0,cpu_modern_mt,tensorrt,2209.9321717551697,3.9724821777687525,2584.807083659264,1.0,synthetic
5.0,cnn,segmentation,11.402266237504316,512,fp32,1,cpu,0.6,300.0,8.0,cpu_4thread,pytorch,532.5935670539473,2.907511881054235,454.8806605054175,1.0,synthetic
5.0,hybrid,classification,1.4922396220179253,224,fp16,1,cpu,1.0,300.0,8.0,cpu_modern_mt,onnxruntime,10.461198110089626,3.9319938608914207,7.192698746472428,1.0,synthetic
5.0,hybrid,classification,2.0961535729543908,256,fp16,1,gpu,9.0,300.0,8.0,consumer_low,coreml,13.480767864771954,2.0360274892527923,11.626966420848321,1.0,synthetic
100.0,cnn,detection,325.2377361007742,640,int8,1,gpu,9.0,300.0,8.0,consumer_low,onnxruntime,1629.1886805038712,3.5180160043008124,2082.460513593826,1.0,synthetic
100.0,hybrid,detection,325.59378171454944,832,fp32,1,gpu,150.0,300.0,8.0,datacenter_low,tflite,1630.9689085727473,3.4149584039851657,1703.7479206560893,1.0,synthetic
5.0,cnn,segmentation,11.798302383719705,512,fp32,1,cpu,1.0,300.0,8.0,cpu_modern_mt,tensorrt,61.99151191859852,2.1577744137220356,59.68752438642245,1.0,synthetic
11.0,hybrid,segmentation,29.1776338506901,512,int8,1,cpu,1.0,300.0,8.0,cpu_modern_mt,pytorch,148.88816925345049,2.9218809297268793,123.85432922457849,1.0,synthetic
150.0,transformer,classification,53.205650432033984,224,fp32,1,gpu,9.0,300.0,8.0,consumer_low,tflite,269.0282521601699,2.2870586219177187,379.20006516983705,1.0,synthetic
68.0,transformer,segmentation,166.5150363093342,768,fp32,1,gpu,25.0,300.0,8.0,consumer_mid,tflite,835.5751815466709,2.7533368604570185,520.4184580834976,1.0,synthetic
11.0,hybrid,detection,41.05047554033109,832,fp32,1,gpu,25.0,300.0,8.0,consumer_mid,tensorrt,208.25237770165546,3.561039010614723,224.58312327289792,1.0,synthetic
5.0,cnn,classification,2.0515080561817776,224,fp16,1,gpu,25.0,300.0,8.0,consumer_mid,tensorrt,13.257540280908888,4.797283348936446,18.502839222765864,1.0,synthetic
5.0,transformer,segmentation,15.440516651828633,768,fp32,1,cpu,0.15,300.0,8.0,cpu_1thread,pytorch,2759.0046016853375,2.055397714679708,3166.8021495986527,1.0,synthetic
100.0,transformer,segmentation,214.44540374291003,512,int8,1,gpu,45.0,300.0,8.0,consumer_high,tensorrt,1075.2270187145502,4.6642411467764155,1935.8259348521992,1.0,synthetic
100.0,transformer,detection,367.21546182904143,640,fp16,1,gpu,45.0,300.0,8.0,consumer_high,tflite,1839.0773091452072,3.781025223193706,2340.900002391455,1.0,synthetic
68.0,transformer,detection,244.22602751652525,832,fp32,1,gpu,25.0,300.0,8.0,consumer_mid,onnxruntime,1224.1301375826263,3.282293213480643,1120.941682183245,1.0,synthetic
25.0,hybrid,classification,7.396894145707181,256,fp16,1,cpu,1.0,300.0,8.0,cpu_modern_mt,tflite,39.984470728535904,3.652832581521809,25.708301052518486,1.0,synthetic
150.0,transformer,detection,404.2718808776502,640,fp16,1,gpu,45.0,300.0,8.0,consumer_high,onnxruntime,2024.3594043882508,4.974205589148834,1019.9435430565389,1.0,synthetic
44.0,transformer,segmentation,102.69170092012405,512,fp32,1,cpu,1.0,300.0,8.0,cpu_modern_mt,tensorrt,516.4585046006202,3.6116245381846657,536.2752782638219,1.0,synthetic
44.0,cnn,segmentation,111.64619696324927,768,fp32,1,gpu,65.0,300.0,8.0,consumer_flagship,tflite,561.2309848162463,4.315676438975764,367.4766770703611,1.0,synthetic
11.0,hybrid,classification,3.8756477771220483,224,fp32,1,cpu,1.0,300.0,8.0,cpu_modern_mt,pytorch,22.37823888561024,2.0750753046916,35.081233781642176,1.0,synthetic
25.0,cnn,detection,82.26061384144144,640,fp32,1,gpu,65.0,300.0,8.0,consumer_flagship,pytorch,28.459659983926127,4.652583413685107,35.477565739129965,1.0,synthetic
25.0,cnn,detection,64.55643977361389,832,fp16,1,gpu,150.0,300.0,8.0,datacenter_low,onnxruntime,325.78219886806943,3.0594632068476133,404.1588579539924,1.0,synthetic
100.0,hybrid,detection,314.7172894976308,640,fp16,1,gpu,9.0,300.0,8.0,consumer_low,tflite,1576.5864474881541,4.944624179132939,1502.7618881248354,1.0,synthetic
5.0,hybrid,detection,14.075672697283673,640,fp32,1,cpu,1.0,300.0,8.0,cpu_modern_mt,pytorch,73.37836348641837,3.5426215234318588,71.57154109767274,1.0,synthetic
68.0,transformer,segmentation,200.54822645937338,768,fp32,1,gpu,45.0,300.0,8.0,consumer_high,onnxruntime,1005.7411322968669,4.215678494347385,1397.5573755476196,1.0,synthetic
44.0,cnn,detection,127.57319180486205,640,fp32,1,gpu,700.0,300.0,8.0,datacenter,tensorrt,640.8659590243102,4.576736978286924,637.9185996650777,1.0,synthetic
25.0,hybrid,detection,92.6667096540852,832,int8,1,cpu,1.0,300.0,8.0,cpu_modern_mt,tflite,466.333548270426,4.868678591228462,417.8817703601762,1.0,synthetic
68.0,cnn,segmentation,203.6427121639759,768,fp16,1,cpu,0.6,300.0,8.0,cpu_4thread,tensorrt,1021.2135608198794,4.324549539602297,659.8235750380069,1.0,synthetic
44.0,hybrid,detection,154.30675444747038,416,fp32,1,cpu,1.0,300.0,8.0,cpu_modern_mt,tflite,774.533772237352,3.6144302902443632,1455.914795110853,1.0,synthetic
11.0,cnn,detection,29.38956940562325,640,int8,1,gpu,45.0,300.0,8.0,consumer_high,onnxruntime,149.94784702811626,3.0900013457487936,146.3263479806336,1.0,synthetic
150.0,transformer,segmentation,410.2125136463284,768,int8,1,gpu,45.0,300.0,8.0,consumer_high,tensorrt,2054.0625682316418,4.021513883500931,2597.236398317937,1.0,synthetic
11.0,cnn,segmentation,25.29026977082665,768,int8,1,gpu,45.0,300.0,8.0,consumer_high,coreml,129.45134885413324,2.56005177774295,111.15174259951553,1.0,synthetic
68.0,hybrid,segmentation,170.18059759387006,512,fp32,1,gpu,9.0,300.0,8.0,consumer_low,tflite,853.9029879693503,4.191680242692396,1090.3781323458925,1.0,synthetic
68.0,transformer,classification,28.231161858746923,224,fp16,1,gpu,150.0,300.0,8.0,datacenter_low,onnxruntime,144.15580929373462,4.484164918907819,85.03729091891203,1.0,synthetic
44.0,hybrid,classification,16.459445287838328,256,int8,1,gpu,45.0,300.0,8.0,consumer_high,tensorrt,85.29722643919163,4.912184491957383,98.63047733562014,1.0,synthetic
150.0,transformer,detection,432.92013230041044,416,fp16,1,cpu,0.6,300.0,8.0,cpu_4thread,onnxruntime,2167.6006615020524,2.717530384572129,2391.648678536998,1.0,synthetic
11.0,transformer,classification,3.9887438352115314,224,int8,1,gpu,45.0,300.0,8.0,consumer_high,pytorch,22.943719176057655,3.3298579582377186,7.432138436527374,1.0,synthetic
44.0,hybrid,detection,137.7993580333497,832,fp32,1,gpu,45.0,300.0,8.0,consumer_high,tensorrt,691.9967901667485,2.0039596069529892,370.7488671042745,1.0,synthetic
68.0,transformer,detection,200.88342031489458,832,fp32,1,gpu,45.0,300.0,8.0,consumer_high,onnxruntime,1007.4171015744729,2.835884999269271,1095.3600923966424,1.0,synthetic
5.0,hybrid,detection,15.318068180631268,832,fp32,1,cpu,0.6,300.0,8.0,cpu_4thread,coreml,79.59034090315635,4.07732105755439,80.14339813244969,1.0,synthetic
150.0,cnn,detection,504.9956292584779,640,fp16,1,gpu,700.0,300.0,8.0,datacenter,pytorch,2527.9781462923893,4.411264842707572,1814.1914098046204,1.0,synthetic
11.0,cnn,detection,34.5242766948581,640,fp32,1,gpu,25.0,300.0,8.0,consumer_mid,pytorch,150.31268060865773,3.2831035124577155,227.10100853927003,1.0,synthetic
44.0,transformer,classification,16.64185199538152,224,fp16,1,gpu,65.0,300.0,8.0,consumer_flagship,tflite,86.20925997690759,3.3038071061539753,88.4254584183602,1.0,synthetic
44.0,hybrid,classification,14.893254958191225,256,fp32,1,gpu,700.0,300.0,8.0,datacenter,tensorrt,77.46627479095612,3.0157579158247207,63.404654986783136,1.0,synthetic
100.0,cnn,detection,284.69405142360347,832,fp16,1,gpu,150.0,300.0,8.0,datacenter_low,tensorrt,61.140444850380334,3.0773298289027915,71.76983104239531,1.0,synthetic
25.0,cnn,segmentation,57.98974538151663,512,fp32,1,cpu,1.0,300.0,8.0,cpu_modern_mt,pytorch,292.94872690758314,4.359839183653706,438.2591630690062,1.0,synthetic
25.0,transformer,segmentation,61.4770250782686,512,fp16,1,gpu,45.0,300.0,8.0,consumer_high,tflite,310.385125391343,4.966281217682785,345.53247521853933,1.0,synthetic
44.0,hybrid,classification,15.978142886587733,384,fp16,1,gpu,700.0,300.0,8.0,datacenter,tflite,82.89071443293867,4.189622037927922,116.78745124077173,1.0,synthetic
150.0,hybrid,detection,527.860864670228,416,int8,1,cpu,1.0,300.0,8.0,cpu_modern_mt,tensorrt,2642.30432335114,2.5884180492016147,2384.203359207938,1.0,synthetic
5.0,hybrid,segmentation,12.835286398316487,512,int8,1,gpu,45.0,300.0,8.0,consumer_high,onnxruntime,67.17643199158243,2.0251791151315754,67.43269577654613,1.0,synthetic
11.0,cnn,classification,3.985417948872767,224,fp32,1,gpu,150.0,300.0,8.0,datacenter_low,coreml,22.927089744363833,4.527070363155146,32.24926149752526,1.0,synthetic
5.0,cnn,segmentation,11.879716366760334,768,fp16,1,cpu,1.0,300.0,8.0,cpu_modern_mt,tensorrt,62.39858183380167,4.0706323300984035,46.1388912321051,1.0,synthetic
150.0,transformer,detection,524.5378249637207,416,fp16,1,cpu,0.6,300.0,8.0,cpu_4thread,tflite,2625.6891248186034,2.128511963566995,2789.377837134424,1.0,synthetic
44.0,hybrid,classification,16.48287233594839,384,fp16,1,gpu,700.0,300.0,8.0,datacenter,onnxruntime,85.41436167974194,3.2597226430954027,63.37471461576075,1.0,synthetic
44.0,cnn,classification,13.516474846924782,224,fp32,1,gpu,700.0,300.0,8.0,datacenter,tensorrt,70.58237423462391,3.2466785963699496,65.95999848887324,1.0,synthetic
100.0,cnn,classification,33.380746391419386,384,int8,1,gpu,9.0,300.0,8.0,consumer_low,pytorch,169.90373195709694,3.82108596315364,219.43888471748537,1.0,synthetic
11.0,hybrid,segmentation,23.139537474567202,768,fp32,1,cpu,0.15,300.0,8.0,cpu_1thread,pytorch,4132.971857711263,4.793066837212982,5162.469001874663,1.0,synthetic
150.0,cnn,classification,56.41089888202541,224,int8,1,gpu,9.0,300.0,8.0,consumer_low,tensorrt,285.05449441012706,3.3999031098505617,316.92824209529743,1.0,synthetic
100.0,hybrid,detection,309.7393641414498,640,fp32,1,gpu,45.0,300.0,8.0,consumer_high,coreml,1551.6968207072491,4.669141160373193,1039.059826922752,1.0,synthetic
100.0,cnn,detection,311.98224532001467,832,int8,1,gpu,25.0,300.0,8.0,consumer_mid,tflite,1562.9112266000734,3.4036775843960747,1676.7512814505546,1.0,synthetic
11.0,cnn,classification,3.2230035883330226,384,fp32,1,gpu,700.0,300.0,8.0,datacenter,onnxruntime,19.115017941665112,4.372244355732429,22.438702870010168,1.0,synthetic
5.0,transformer,segmentation,10.79248515500495,768,int8,1,gpu,9.0,300.0,8.0,consumer_low,pytorch,56.962425775024755,1.2401923602769602,58.092543199392196,1.0,synthetic
44.0,cnn,segmentation,91.87373703349438,512,fp32,1,gpu,45.0,300.0,8.0,consumer_high,coreml,462.3686851674719,3.2693402929873585,368.5806474679737,1.0,synthetic
68.0,hybrid,segmentation,151.1440026194639,768,fp16,1,cpu,0.15,300.0,8.0,cpu_1thread,coreml,758.7200130973195,4.426781921653374,925.1942584270162,1.0,synthetic
11.0,transformer,segmentation,28.0569848876952,512,int8,1,gpu,45.0,300.0,8.0,consumer_high,tensorrt,143.284924438476,3.519661447644253,109.21841447568946,1.0,synthetic
25.0,transformer,classification,7.114292621079709,256,fp32,1,gpu,45.0,300.0,8.0,consumer_high,tensorrt,38.57146310539855,3.6316952621394427,37.367460326844274,1.0,synthetic
68.0,transformer,classification,26.080526935957128,384,int8,1,gpu,150.0,300.0,8.0,datacenter_low,coreml,133.40263467978565,3.8150091840140985,126.09484918400895,1.0,synthetic
5.0,cnn,classification,1.674489498490752,224,fp16,1,gpu,65.0,300.0,8.0,consumer_flagship,pytorch,3.5182544997828877,3.091358154797171,3.8206059062274047,1.0,synthetic
100.0,hybrid,classification,38.30475620275905,384,fp16,1,gpu,9.0,300.0,8.0,consumer_low,onnxruntime,194.52378101379526,3.538936525743026,173.90029433494325,1.0,synthetic
5.0,transformer,detection,17.52743714279568,832,int8,1,gpu,25.0,300.0,8.0,consumer_mid,onnxruntime,90.6371857139784,1.3985176982542558,122.55160680206691,1.0,synthetic
5.0,hybrid,classification,2.0550598820705037,256,fp32,1,gpu,25.0,300.0,8.0,consumer_mid,onnxruntime,13.275299410352519,3.3737575015988623,33.31993127767666,1.0,synthetic
44.0,cnn,detection,119.8259385966651,832,fp16,1,cpu,1.0,300.0,8.0,cpu_modern_mt,tensorrt,602.1296929833255,3.507595052771225,441.25428814451067,1.0,synthetic
150.0,hybrid,detection,491.7648988523927,416,fp16,1,gpu,150.0,300.0,8.0,datacenter_low,tflite,2461.8244942619635,3.013267284480756,2327.5406859210943,1.0,synthetic
150.0,transformer,segmentation,323.17749582011163,512,fp32,1,gpu,700.0,300.0,8.0,datacenter,coreml,1618.8874791005583,4.2824930900583515,1430.7199115773628,1.0,synthetic
68.0,cnn,classification,23.660749962010726,224,fp32,1,cpu,0.6,300.0,8.0,cpu_4thread,tensorrt,121.30374981005363,2.603250465218138,166.13792069189458,1.0,synthetic
44.0,transformer,detection,119.64752458741427,832,int8,1,cpu,0.15,300.0,8.0,cpu_1thread,onnxruntime,339.2920114185222,4.994806928612206,259.2585461577255,1.0,synthetic
11.0,transformer,classification,3.155751044957314,384,fp32,1,cpu,0.6,300.0,8.0,cpu_4thread,tflite,18.77875522478657,3.3234307981072297,16.738502738971444,1.0,synthetic
44.0,transformer,classification,15.104896097924765,384,fp32,1,gpu,45.0,300.0,8.0,consumer_high,tensorrt,78.52448048962383,2.449931072454634,94.70932229695848,1.0,synthetic
11.0,transformer,classification,4.287225066104339,256,fp16,1,cpu,0.15,300.0,8.0,cpu_1thread,onnxruntime,15.937091860290462,2.9973431547429144,9.440576279471845,1.0,synthetic
100.0,hybrid,segmentation,269.49962933905874,512,fp16,1,cpu,0.6,300.0,8.0,cpu_4thread,onnxruntime,1350.4981466952936,4.5073623093566,1615.9916064290148,1.0,synthetic
100.0,cnn,classification,36.51632639344983,224,fp16,1,cpu,0.15,300.0,8.0,cpu_1thread,coreml,185.58163196724917,3.1651795411516606,204.9927957923777,1.0,synthetic
5.0,transformer,detection,16.02050988847977,832,int8,1,gpu,700.0,300.0,8.0,datacenter,tflite,83.10254944239884,1.1556728922650077,95.08847821626897,1.0,synthetic
11.0,hybrid,segmentation,27.282755642920534,512,fp32,1,cpu,0.6,300.0,8.0,cpu_4thread,tflite,139.41377821460267,4.328349795240502,153.44590839704392,1.0,synthetic
44.0,cnn,classification,14.978974857578798,256,fp16,1,gpu,65.0,300.0,8.0,consumer_flagship,tflite,77.894874287894,3.8085342403590525,59.1092719991301,1.0,synthetic
5.0,hybrid,classification,2.099863600893661,384,fp32,1,cpu,1.0,300.0,8.0,cpu_modern_mt,tensorrt,13.499318004468305,3.4789772873135956,8.008598073794564,1.0,synthetic
11.0,transformer,segmentation,25.265176793476744,768,fp32,1,gpu,25.0,300.0,8.0,consumer_mid,tensorrt,129.32588396738373,2.6157017803409275,213.490131675305,1.0,synthetic
44.0,hybrid,classification,16.60322914374781,224,int8,1,gpu,9.0,300.0,8.0,consumer_low,pytorch,86.01614571873905,4.2233211248890425,166.66573773880893,1.0,synthetic
44.0,hybrid,segmentation,103.37633387828542,512,int8,1,gpu,65.0,300.0,8.0,consumer_flagship,pytorch,34.99497533532934,3.3581762798898196,52.17978285951095,1.0,synthetic
68.0,cnn,detection,243.13273381701936,640,fp16,1,gpu,25.0,300.0,8.0,consumer_mid,tflite,1218.663669085097,4.307069716347944,1005.1691209063871,1.0,synthetic
100.0,transformer,classification,37.3485843527795,256,int8,1,gpu,700.0,300.0,8.0,datacenter,coreml,189.74292176389747,3.195886884932225,121.64898893471455,1.0,synthetic
100.0,transformer,classification,38.616279989186104,384,fp16,1,gpu,700.0,300.0,8.0,datacenter,tflite,196.0813999459305,3.952650455371609,224.5192632944068,1.0,synthetic
25.0,transformer,segmentation,56.62275680269647,768,fp16,1,cpu,1.0,300.0,8.0,cpu_modern_mt,tensorrt,286.11378401348236,2.753237072088036,297.80013143832053,1.0,synthetic
100.0,transformer,segmentation,259.9657053478216,768,fp16,1,cpu,1.0,300.0,8.0,cpu_modern_mt,tflite,1302.828526739108,4.240240317537783,1180.9822190763766,1.0,synthetic
11.0,transformer,segmentation,29.316907970708453,768,fp16,1,cpu,0.6,300.0,8.0,cpu_4thread,tflite,149.58453985354225,3.6962101758515127,120.71820920213634,1.0,synthetic
11.0,hybrid,segmentation,28.645368521202503,512,fp16,1,gpu,150.0,300.0,8.0,datacenter_low,coreml,146.22684260601253,2.6094801150926266,114.04966977483004,1.0,synthetic
68.0,transformer,segmentation,146.21747852918622,512,int8,1,cpu,1.0,300.0,8.0,cpu_modern_mt,onnxruntime,734.0873926459311,4.54625740000653,1021.0564107655607,1.0,synthetic
5.0,transformer,segmentation,13.059901698806943,768,fp32,1,gpu,9.0,300.0,8.0,consumer_low,coreml,68.29950849403471,4.12006312538163,66.39688447679944,1.0,synthetic
5.0,hybrid,classification,1.5349264072888986,384,fp32,1,gpu,700.0,300.0,8.0,datacenter,tensorrt,10.674632036444493,4.496186290262452,7.634165139522857,1.0,synthetic
100.0,cnn,segmentation,216.70730984332664,512,int8,1,gpu,700.0,300.0,8.0,datacenter,tensorrt,1086.5365492166331,4.319416018655833,1434.0026072216453,1.0,synthetic
100.0,transformer,classification,29.399116691960675,256,int8,1,gpu,150.0,300.0,8.0,datacenter_low,tflite,149.99558345980338,3.963180094491724,134.6855799494917,1.0,synthetic
11.0,transformer,segmentation,28.457026067416002,768,int8,1,gpu,700.0,300.0,8.0,datacenter,tflite,145.28513033708,3.098909435787017,179.16447531860456,1.0,synthetic
100.0,hybrid,classification,37.03618566456895,256,fp32,1,cpu,0.6,300.0,8.0,cpu_4thread,onnxruntime,188.18092832284475,4.421942902307157,199.3058791092443,1.0,synthetic
44.0,cnn,segmentation,109.08611786915255,512,fp32,1,cpu,0.15,300.0,8.0,cpu_1thread,tensorrt,548.4305893457628,3.415528924512841,683.7602161576293,1.0,synthetic
150.0,transformer,detection,550.8193443458235,416,int8,1,gpu,9.0,300.0,8.0,consumer_low,pytorch,2757.0967217291177,2.0605847692529986,3700.777670886766,1.0,synthetic
5.0,cnn,classification,1.5110186040866298,256,fp32,1,gpu,9.0,300.0,8.0,consumer_low,onnxruntime,10.555093020433148,3.925059523924399,5.121307029717601,1.0,synthetic
5.0,cnn,segmentation,14.128279885532162,768,fp16,1,cpu,1.0,300.0,8.0,cpu_modern_mt,pytorch,73.64139942766082,3.336216285733505,53.13862427996081,1.0,synthetic
44.0,hybrid,detection,132.63893724157487,416,int8,1,gpu,65.0,300.0,8.0,consumer_flagship,coreml,666.1946862078744,3.4869840321052648,718.4858830255148,1.0,synthetic
25.0,transformer,detection,91.85052910573103,416,fp16,1,gpu,25.0,300.0,8.0,consumer_mid,tflite,462.25264552865514,4.670927593323693,452.8906482039354,1.0,synthetic
68.0,hybrid,segmentation,174.80337292931551,512,int8,1,gpu,150.0,300.0,8.0,datacenter_low,tflite,877.0168646465776,4.231586434657995,888.9971941382147,1.0,synthetic
25.0,transformer,detection,68.48125540045928,416,fp16,1,cpu,0.15,300.0,8.0,cpu_1thread,tflite,345.4062770022964,3.3151426914227944,245.01906876839186,1.0,synthetic
44.0,cnn,segmentation,92.2916449349571,768,int8,1,gpu,65.0,300.0,8.0,consumer_flagship,tflite,464.4582246747855,2.454831913791428,580.1005128682785,1.0,synthetic
44.0,cnn,detection,117.82597337272227,416,fp16,1,cpu,0.15,300.0,8.0,cpu_1thread,tensorrt,592.1298668636114,4.075730079858686,531.1660577806904,1.0,synthetic
11.0,cnn,classification,3.1247214494021978,384,int8,1,gpu,700.0,300.0,8.0,datacenter,pytorch,18.623607247010987,3.853221501874994,17.35245443932578,1.0,synthetic
25.0,hybrid,detection,68.50265058641838,416,int8,1,gpu,150.0,300.0,8.0,datacenter_low,tflite,345.5132529320919,2.084015958417375,408.06653226480313,1.0,synthetic
68.0,transformer,detection,255.18287478717423,832,fp16,1,cpu,0.15,300.0,8.0,cpu_1thread,onnxruntime,719.1975980284493,3.568961924575129,482.4822329577453,1.0,synthetic
100.0,cnn,classification,28.605124119848906,224,int8,1,gpu,65.0,300.0,8.0,consumer_flagship,pytorch,11.853285915093236,3.17883331812008,9.90471275862343,1.0,synthetic
68.0,cnn,detection,232.39038882172156,416,fp16,1,gpu,700.0,300.0,8.0,datacenter,tensorrt,1164.9519441086077,3.409669724124319,1089.6247296303682,1.0,synthetic
100.0,hybrid,segmentation,247.90710617082328,512,fp16,1,gpu,65.0,300.0,8.0,consumer_flagship,coreml,1242.5355308541164,2.3004298632150535,1126.0390048980705,1.0,synthetic
44.0,hybrid,segmentation,128.4711419606088,512,fp16,1,cpu,0.6,300.0,8.0,cpu_4thread,tensorrt,645.355709803044,2.405719483954168,557.1333775057848,1.0,synthetic
68.0,transformer,classification,24.70795444954546,256,fp16,1,cpu,1.0,300.0,8.0,cpu_modern_mt,pytorch,126.53977224772731,3.918405318476311,88.94094666564081,1.0,synthetic
44.0,cnn,classification,15.135134225761952,256,fp32,1,cpu,1.0,300.0,8.0,cpu_modern_mt,pytorch,78.67567112880977,3.2004364018536773,64.2632431109781,1.0,synthetic
11.0,hybrid,segmentation,29.662226935967016,768,fp32,1,gpu,65.0,300.0,8.0,consumer_flagship,tensorrt,151.31113467983508,3.677183863295755,84.80847998392572,1.0,synthetic
150.0,transformer,classification,56.059470107564586,384,int8,1,cpu,1.0,300.0,8.0,cpu_modern_mt,tflite,283.2973505378229,2.080079475760563,276.10222300801576,1.0,synthetic
150.0,transformer,segmentation,384.67598970959733,512,fp32,1,gpu,9.0,300.0,8.0,consumer_low,onnxruntime,1926.3799485479867,4.648417037565455,2661.237686467817,1.0,synthetic
68.0,hybrid,classification,19.70586697651977,384,fp32,1,cpu,1.0,300.0,8.0,cpu_modern_mt,tflite,101.52933488259885,3.2573152588601197,107.09803010365489,1.0,synthetic
44.0,hybrid,detection,145.47492512281633,416,int8,1,gpu,150.0,300.0,8.0,datacenter_low,coreml,730.3746256140817,4.232705775311716,829.3575167551261,1.0,synthetic
5.0,hybrid,segmentation,15.09737327127533,768,fp16,1,gpu,45.0,300.0,8.0,consumer_high,pytorch,78.48686635637665,2.025458036250329,66.28356664971555,1.0,synthetic
100.0,hybrid,detection,283.73558323059234,640,fp32,1,gpu,25.0,300.0,8.0,consumer_mid,pytorch,1199.243069817563,4.683169561095472,1397.3679694205487,1.0,synthetic
25.0,hybrid,detection,65.82974894496854,640,fp16,1,cpu,0.6,300.0,8.0,cpu_4thread,coreml,332.1487447248427,3.790891897149329,445.3486857817967,1.0,synthetic
5.0,cnn,classification,1.798332602425572,224,fp32,1,gpu,9.0,300.0,8.0,consumer_low,coreml,11.991663012127859,3.8285609339297726,12.048617820514503,1.0,synthetic
44.0,cnn,segmentation,100.27357565148844,768,int8,1,cpu,1.0,300.0,8.0,cpu_modern_mt,tensorrt,504.3678782574422,2.819988749373989,428.63293654655587,1.0,synthetic
11.0,hybrid,classification,4.066134913298514,384,fp16,1,gpu,150.0,300.0,8.0,datacenter_low,pytorch,4.974105669922251,3.0271452980275657,7.0121550919167035,1.0,synthetic
11.0,cnn,classification,3.4906558739178295,224,fp16,1,gpu,700.0,300.0,8.0,datacenter,onnxruntime,20.453279369589147,4.954597821034528,19.840754629379973,1.0,synthetic
5.0,transformer,classification,2.0377950390910584,384,fp32,1,gpu,65.0,300.0,8.0,consumer_flagship,pytorch,3.6306975645986825,4.4579562870408935,2.7358767947236373,1.0,synthetic
68.0,transformer,segmentation,191.6983876330773,512,fp16,1,gpu,700.0,300.0,8.0,datacenter,onnxruntime,961.4919381653865,4.944828281996043,728.3994595762973,1.0,synthetic
150.0,transformer,classification,56.941770906548186,224,fp32,1,gpu,45.0,300.0,8.0,consumer_high,tflite,287.70885453274093,4.998377201559206,478.9962274561863,1.0,synthetic
5.0,cnn,detection,17.34490804840018,416,fp16,1,gpu,150.0,300.0,8.0,datacenter_low,coreml,89.7245402420009,4.285044067940955,72.76809788116147,1.0,synthetic
100.0,cnn,classification,41.137110212663636,224,int8,1,gpu,700.0,300.0,8.0,datacenter,onnxruntime,208.68555106331817,4.552417873902347,231.29997447366944,1.0,synthetic
5.0,hybrid,detection,18.908023041413713,832,fp32,1,cpu,0.6,300.0,8.0,cpu_4thread,onnxruntime,97.54011520706857,2.632907869135098,80.33103153477954,1.0,synthetic
11.0,transformer,segmentation,28.644947848365355,768,fp16,1,gpu,65.0,300.0,8.0,consumer_flagship,pytorch,11.865611359069078,3.8014185897508224,8.471310952978175,1.0,synthetic
150.0,transformer,classification,47.40915443245799,256,fp32,1,gpu,65.0,300.0,8.0,consumer_flagship,onnxruntime,240.04577216228995,3.000371061594942,305.43829232663745,1.0,synthetic
68.0,transformer,detection,212.50978734430572,416,int8,1,gpu,45.0,300.0,8.0,consumer_high,onnxruntime,1065.5489367215287,3.4795865593637876,497.5393142353971,1.0,synthetic
44.0,hybrid,segmentation,105.18342148775227,512,fp32,1,gpu,150.0,300.0,8.0,datacenter_low,coreml,528.9171074387614,2.4768952820678916,820.4640762629127,1.0,synthetic
150.0,transformer,detection,393.0911956467532,416,fp16,1,gpu,700.0,300.0,8.0,datacenter,coreml,1968.455978233766,4.358346343409397,2188.9778645542615,1.0,synthetic
68.0,cnn,detection,188.81131088142956,416,int8,1,cpu,0.15,300.0,8.0,cpu_1thread,onnxruntime,533.1581044006471,2.3256660733179455,359.5514716637271,1.0,synthetic
44.0,transformer,detection,154.84003310613377,640,fp16,1,cpu,0.15,300.0,8.0,cpu_1thread,tensorrt,777.2001655306689,4.142953911831119,834.4470745901585,1.0,synthetic
25.0,hybrid,segmentation,60.495657228318805,768,fp16,1,gpu,25.0,300.0,8.0,consumer_mid,coreml,305.478286141594,2.868628243381114,296.2513650997386,1.0,synthetic
68.0,hybrid,detection,219.66270754105477,832,int8,1,gpu,150.0,300.0,8.0,datacenter_low,coreml,1101.3135377052738,3.541572077807367,1287.8909878554193,1.0,synthetic
5.0,transformer,detection,12.867629585756436,832,fp16,1,cpu,1.0,300.0,8.0,cpu_modern_mt,tensorrt,67.33814792878218,4.0205495824163275,55.98434819055859,1.0,synthetic
100.0,hybrid,segmentation,252.0637785806917,512,fp16,1,gpu,700.0,300.0,8.0,datacenter,tensorrt,1263.3188929034584,3.6553466851823107,807.1441374806135,1.0,synthetic
68.0,hybrid,detection,259.3054979879696,416,fp16,1,gpu,25.0,300.0,8.0,consumer_mid,tensorrt,1299.527489939848,2.2203340730172845,1321.8165599509268,1.0,synthetic
25.0,cnn,segmentation,59.3818523912752,768,fp32,1,gpu,9.0,300.0,8.0,consumer_low,tensorrt,299.909261956376,3.1361190726961317,235.69202760095774,1.0,synthetic
25.0,transformer,segmentation,73.27085440334835,768,int8,1,gpu,700.0,300.0,8.0,datacenter,tflite,369.3542720167418,4.738576069893162,288.7272072432815,1.0,synthetic
150.0,cnn,segmentation,343.5455536435999,768,fp32,1,gpu,9.0,300.0,8.0,consumer_low,tensorrt,1720.7277682179993,3.5654824230915345,3262.203940857377,1.0,synthetic
11.0,transformer,segmentation,27.84583394961276,768,int8,1,gpu,700.0,300.0,8.0,datacenter,coreml,142.2291697480638,2.5759265175777135,173.83763368272406,1.0,synthetic
100.0,hybrid,classification,34.835071028789336,256,int8,1,cpu,1.0,300.0,8.0,cpu_modern_mt,onnxruntime,177.1753551439467,4.290813077488986,262.0188660841039,1.0,synthetic
150.0,hybrid,segmentation,332.90379426808465,768,fp32,1,gpu,9.0,300.0,8.0,consumer_low,tflite,1667.5189713404234,2.265557157689203,1463.1063256103262,1.0,synthetic
44.0,transformer,classification,17.914228290281415,384,fp16,1,gpu,45.0,300.0,8.0,consumer_high,coreml,92.57114145140707,2.1744533616992037,130.42867786018073,1.0,synthetic
11.0,transformer,segmentation,28.90333865300745,768,int8,1,gpu,150.0,300.0,8.0,datacenter_low,pytorch,26.195012545129565,3.618279543728709,27.101622345262598,1.0,synthetic
150.0,transformer,classification,60.07474268338515,384,fp16,1,gpu,25.0,300.0,8.0,consumer_mid,pytorch,257.85459195436806,3.2196149416610393,240.99179583671338,1.0,synthetic
44.0,transformer,classification,17.653583488586843,256,int8,1,cpu,0.6,300.0,8.0,cpu_4thread,coreml,91.26791744293422,4.816649945211701,82.1829011846476,1.0,synthetic
44.0,hybrid,segmentation,136.9470785926044,512,fp16,1,gpu,25.0,300.0,8.0,consumer_mid,pytorch,581.410253796272,4.6779685860064415,791.773930514189,1.0,synthetic
68.0,transformer,segmentation,154.65292921315293,512,fp16,1,gpu,65.0,300.0,8.0,consumer_flagship,tflite,776.2646460657646,3.858992454859126,673.8591344794793,1.0,synthetic
11.0,cnn,detection,41.0764567497191,416,fp32,1,gpu,65.0,300.0,8.0,consumer_flagship,tensorrt,208.3822837485955,3.3734409502538747,156.67095827212196,1.0,synthetic
25.0,cnn,classification,8.3152821580082,224,int8,1,cpu,0.15,300.0,8.0,cpu_1thread,coreml,44.576410790041,3.732973988198021,43.428329593512316,1.0,synthetic
100.0,cnn,classification,34.141221581699455,384,fp16,1,gpu,25.0,300.0,8.0,consumer_mid,onnxruntime,173.70610790849727,4.863852114512162,108.58742961219592,1.0,synthetic
5.0,hybrid,segmentation,11.210473911452802,512,fp32,1,cpu,0.15,300.0,8.0,cpu_1thread,tensorrt,59.05236955726401,2.5677128076357447,128.27313504339344,1.0,synthetic
11.0,transformer,detection,39.53684766680399,416,fp32,1,gpu,25.0,300.0,8.0,consumer_mid,coreml,200.68423833401997,2.814600448725508,255.60690817882502,1.0,synthetic
150.0,transformer,segmentation,317.17727031510026,512,fp32,1,gpu,25.0,300.0,8.0,consumer_mid,pytorch,1339.9991307562568,3.551044171660148,1104.4136377140628,1.0,synthetic
150.0,transformer,segmentation,342.6830837237904,512,fp32,1,gpu,700.0,300.0,8.0,datacenter,tflite,1716.415418618952,4.7708080039337535,2117.550224654679,1.0,synthetic
5.0,hybrid,segmentation,14.471539457781827,512,fp32,1,gpu,9.0,300.0,8.0,consumer_low,coreml,75.35769728890914,2.5423278645221803,110.58332865461558,1.0,synthetic
5.0,cnn,detection,17.921012714654697,416,fp16,1,gpu,25.0,300.0,8.0,consumer_mid,onnxruntime,92.60506357327348,4.496788657910447,140.3622592924824,1.0,synthetic
11.0,hybrid,detection,36.23944289418028,416,fp32,1,gpu,9.0,300.0,8.0,consumer_low,tensorrt,184.1972144709014,3.3980105430590384,261.0990270295774,1.0,synthetic
100.0,cnn,classification,36.91297449502219,256,fp16,1,cpu,0.6,300.0,8.0,cpu_4thread,coreml,187.56487247511095,3.84976351421374,143.19702331727407,1.0,synthetic
11.0,cnn,detection,31.45258503672353,416,fp32,1,gpu,65.0,300.0,8.0,consumer_flagship,tflite,160.26292518361765,2.2397453280398203,134.96412357066342,1.0,synthetic
100.0,cnn,detection,256.0709356269125,640,int8,1,gpu,150.0,300.0,8.0,datacenter_low,tflite,1283.3546781345626,4.256932912020368,791.7627670449193,1.0,synthetic
11.0,transformer,segmentation,27.172017996701893,768,fp16,1,cpu,0.15,300.0,8.0,cpu_1thread,coreml,138.86008998350945,3.45801034471468,202.95233521246865,1.0,synthetic
44.0,cnn,detection,135.5670256689625,832,int8,1,gpu,45.0,300.0,8.0,consumer_high,tflite,680.8351283448125,4.891302949826927,461.9317023892522,1.0,synthetic
25.0,cnn,segmentation,76.33982165156178,512,int8,1,gpu,150.0,300.0,8.0,datacenter_low,pytorch,66.72474361909438,4.5440837079718435,100.14131412644952,1.0,synthetic
11.0,transformer,classification,4.497262416682032,224,fp16,1,gpu,65.0,300.0,8.0,consumer_flagship,tensorrt,25.486312083410162,4.226277777674733,42.175899944906945,1.0,synthetic
100.0,cnn,detection,345.1066783921333,640,fp32,1,gpu,65.0,300.0,8.0,consumer_flagship,tflite,1728.5333919606664,4.672035786816412,855.6016523564184,1.0,synthetic
68.0,hybrid,classification,25.859471379483736,224,int8,1,gpu,150.0,300.0,8.0,datacenter_low,pytorch,23.594332346630907,4.074159335645056,27.545055142225316,1.0,synthetic
44.0,cnn,segmentation,106.43023682010715,768,fp16,1,gpu,150.0,300.0,8.0,datacenter_low,tflite,535.1511841005358,4.356805377269067,694.6456355866404,1.0,synthetic
100.0,transformer,detection,371.2481308604927,640,fp16,1,cpu,0.15,300.0,8.0,cpu_1thread,pytorch,66256.43143336354,3.1764044873083255,78533.08674352967,1.0,synthetic
11.0,transformer,detection,42.09283751967187,640,fp16,1,gpu,65.0,300.0,8.0,consumer_flagship,tensorrt,213.46418759835933,3.436498447495045,145.80038240317597,1.0,synthetic
11.0,cnn,classification,3.4316130676472913,384,int8,1,gpu,150.0,300.0,8.0,datacenter_low,coreml,20.158065338236458,2.2282681140487286,32.029781845249396,1.0,synthetic
44.0,cnn,classification,16.03818782856282,256,fp32,1,gpu,700.0,300.0,8.0,datacenter,onnxruntime,83.1909391428141,4.793674277536694,58.29542685899073,1.0,synthetic
5.0,cnn,segmentation,14.821886495820822,512,fp16,1,cpu,0.6,300.0,8.0,cpu_4thread,pytorch,688.8702128590116,2.0372482675082706,533.6602252736428,1.0,synthetic
11.0,transformer,detection,30.571659518993496,640,fp32,1,gpu,700.0,300.0,8.0,datacenter,tflite,155.85829759496747,4.514527762057216,181.12216629488265,1.0,synthetic
44.0,cnn,classification,12.453298241662209,256,fp32,1,gpu,25.0,300.0,8.0,consumer_mid,coreml,65.26649120831104,3.758331607694405,81.96492426706611,1.0,synthetic
68.0,cnn,classification,26.491643962629023,224,int8,1,cpu,0.6,300.0,8.0,cpu_4thread,onnxruntime,135.45821981314512,4.238451511480363,106.95389045114187,1.0,synthetic
44.0,transformer,segmentation,93.8355194746938,512,fp32,1,gpu,25.0,300.0,8.0,consumer_mid,pytorch,399.95370146898614,3.660177320689291,371.9819772055627,1.0,synthetic
5.0,hybrid,segmentation,13.75029841394445,512,fp32,1,gpu,9.0,300.0,8.0,consumer_low,tensorrt,71.75149206972225,2.5058846326552864,79.63582549178297,1.0,synthetic
150.0,cnn,segmentation,464.29207604535196,768,int8,1,cpu,1.0,300.0,8.0,cpu_modern_mt,tensorrt,2324.4603802267598,4.811786134333521,1884.9076676051604,1.0,synthetic
11.0,hybrid,classification,3.982852478517632,224,fp32,1,cpu,1.0,300.0,8.0,cpu_modern_mt,tensorrt,22.91426239258816,4.097579593944129,22.78602205088267,1.0,synthetic
150.0,hybrid,detection,484.8337516673711,416,int8,1,cpu,1.0,300.0,8.0,cpu_modern_mt,coreml,2427.1687583368553,2.2298108489411304,2267.594389892185,1.0,synthetic
11.0,cnn,detection,38.09916590411935,416,fp16,1,cpu,0.15,300.0,8.0,cpu_1thread,onnxruntime,110.71196202924655,3.180990242166923,65.88825379325237,1.0,synthetic
150.0,hybrid,classification,47.726027795631026,256,int8,1,cpu,1.0,300.0,8.0,cpu_modern_mt,tensorrt,241.63013897815512,3.692653931100096,216.99879819501206,1.0,synthetic
11.0,transformer,classification,3.4306374039315815,384,fp32,1,gpu,150.0,300.0,8.0,datacenter_low,onnxruntime,20.153187019657906,3.866592938840399,28.369190237785144,1.0,synthetic
150.0,hybrid,segmentation,313.8934434971713,512,fp32,1,cpu,1.0,300.0,8.0,cpu_modern_mt,tflite,1572.4672174858565,4.754575319689202,3061.1481207284105,1.0,synthetic
44.0,transformer,classification,14.66902863347327,384,fp16,1,cpu,1.0,300.0,8.0,cpu_modern_mt,tflite,76.34514316736634,4.295570608943089,72.44342599925459,1.0,synthetic
44.0,hybrid,segmentation,118.87015849021459,768,int8,1,gpu,700.0,300.0,8.0,datacenter,coreml,597.350792451073,2.957286019618964,568.141890364159,1.0,synthetic
100.0,hybrid,segmentation,300.26276786419095,768,fp16,1,gpu,45.0,300.0,8.0,consumer_high,coreml,1504.3138393209547,2.1477332042248674,1857.060287823879,1.0,synthetic
150.0,hybrid,classification,44.864093251607216,256,fp32,1,gpu,65.0,300.0,8.0,consumer_flagship,pytorch,16.885436861372433,3.2049355316361257,16.317815220109203,1.0,synthetic
25.0,hybrid,classification,7.653802943657625,256,fp32,1,gpu,9.0,300.0,8.0,consumer_low,coreml,41.269014718288126,3.873201462416489,41.130593746982214,1.0,synthetic
25.0,transformer,detection,85.73948127749269,640,fp32,1,gpu,65.0,300.0,8.0,consumer_flagship,tensorrt,431.69740638746345,3.9683864131016056,362.76096543061203,1.0,synthetic
11.0,cnn,classification,4.376739726752502,256,int8,1,gpu,150.0,300.0,8.0,datacenter_low,onnxruntime,24.883698633762513,4.160972831979205,24.766458828649725,1.0,synthetic
11.0,hybrid,segmentation,32.37471859284885,768,fp16,1,gpu,150.0,300.0,8.0,datacenter_low,onnxruntime,164.87359296424427,2.966580351943888,175.88009735891913,1.0,synthetic
44.0,cnn,classification,12.402573655792263,256,fp16,1,cpu,1.0,300.0,8.0,cpu_modern_mt,tflite,65.01286827896132,4.530174938987212,61.85651439317781,1.0,synthetic
25.0,transformer,segmentation,76.4873529930829,512,fp16,1,gpu,150.0,300.0,8.0,datacenter_low,onnxruntime,385.43676496541445,2.7552333928475914,269.3050030589458,1.0,synthetic
11.0,cnn,classification,3.798553025090854,384,fp32,1,gpu,65.0,300.0,8.0,consumer_flagship,tensorrt,21.99276512545427,4.693493238804258,27.068860467752693,1.0,synthetic
44.0,transformer,classification,13.241521561868959,256,int8,1,gpu,45.0,300.0,8.0,consumer_high,tflite,69.2076078093448,4.425758508287293,58.757164707613974,1.0,synthetic
25.0,transformer,segmentation,75.92705113763999,768,fp32,1,cpu,0.6,300.0,8.0,cpu_4thread,tflite,382.63525568819995,3.2824816159829604,494.115406963979,1.0,synthetic
11.0,transformer,detection,33.29991320980588,640,int8,1,cpu,0.6,300.0,8.0,cpu_4thread,onnxruntime,169.4995660490294,4.0533471453895915,176.61820819735547,1.0,synthetic
100.0,cnn,classification,36.71960931745651,384,int8,1,cpu,0.15,300.0,8.0,cpu_1thread,tensorrt,186.59804658728254,2.458666536934389,284.4826913646372,1.0,synthetic
11.0,hybrid,classification,4.380977154845925,384,int8,1,cpu,0.15,300.0,8.0,cpu_1thread,tensorrt,24.904885774229626,2.853966180480776,32.07432937917575,1.0,synthetic
25.0,transformer,detection,74.16913307477964,832,fp16,1,cpu,0.15,300.0,8.0,cpu_1thread,tensorrt,373.8456653738982,2.930005558346916,285.4402909994629,1.0,synthetic
5.0,transformer,detection,17.58651042576693,832,int8,1,gpu,45.0,300.0,8.0,consumer_high,pytorch,90.93255212883466,1.4610590788060673,122.7683282115163,1.0,synthetic
150.0,transformer,detection,516.8625642348949,832,fp32,1,gpu,150.0,300.0,8.0,datacenter_low,coreml,2587.3128211744743,4.2588457989893325,2705.1433393916404,1.0,synthetic
150.0,cnn,classification,45.181124373629125,256,fp16,1,gpu,700.0,300.0,8.0,datacenter,tflite,228.90562186814563,3.067062169683123,201.14414996291842,1.0,synthetic
150.0,cnn,classification,48.7643645153519,224,fp32,1,gpu,25.0,300.0,8.0,consumer_mid,coreml,246.8218225767595,4.059259681992925,116.82320173841224,1.0,synthetic
11.0,transformer,detection,31.199398879045603,416,fp32,1,gpu,65.0,300.0,8.0,consumer_flagship,tensorrt,158.996994395228,3.6955925635332534,175.91482096923764,1.0,synthetic
44.0,cnn,classification,16.086434898315158,384,fp32,1,cpu,0.15,300.0,8.0,cpu_1thread,tflite,83.4321744915758,2.2067981063722675,87.59302787027154,1.0,synthetic
68.0,hybrid,detection,249.32406969089578,640,fp32,1,cpu,1.0,300.0,8.0,cpu_modern_mt,pytorch,1249.620348454479,4.937336509234407,1589.4460686025789,1.0,synthetic
25.0,cnn,classification,9.084259102004827,384,fp16,1,cpu,0.6,300.0,8.0,cpu_4thread,pytorch,426.66064096162063,4.174128462393133,272.4374720480736,1.0,synthetic
100.0,cnn,detection,313.0009111326402,640,fp32,1,gpu,9.0,300.0,8.0,consumer_low,pytorch,1568.0045556632012,3.791452113449442,1592.2768936867558,1.0,synthetic
100.0,hybrid,detection,314.56581214379673,640,fp16,1,gpu,150.0,300.0,8.0,datacenter_low,tensorrt,67.4433863623411,3.0222904680466622,46.65517696929822,1.0,synthetic
25.0,hybrid,segmentation,64.16317170070526,768,int8,1,gpu,700.0,300.0,8.0,datacenter,onnxruntime,323.81585850352633,3.076738972994092,270.52693605895354,1.0,synthetic
150.0,transformer,segmentation,400.3279524671147,512,fp32,1,gpu,700.0,300.0,8.0,datacenter,pytorch,2004.6397623355736,2.7137724867349506,1158.90839922144,1.0,synthetic
25.0,transformer,detection,95.63700975724839,832,fp16,1,gpu,65.0,300.0,8.0,consumer_flagship,tflite,481.18504878624196,3.431200248701818,315.9520260712669,1.0,synthetic
25.0,hybrid,classification,10.032452953336884,256,fp32,1,gpu,65.0,300.0,8.0,consumer_flagship,onnxruntime,53.16226476668442,2.0654203793731867,53.225915113057795,1.0,synthetic
11.0,cnn,classification,4.126513343425224,256,fp32,1,gpu,700.0,300.0,8.0,datacenter,pytorch,23.63256671712612,4.452429317914762,16.205198325932805,1.0,synthetic
44.0,transformer,segmentation,108.4001603198345,768,fp16,1,gpu,700.0,300.0,8.0,datacenter,coreml,545.0008015991725,2.8814060864465225,575.6824247305616,1.0,synthetic
11.0,cnn,detection,39.820002701345175,416,int8,1,gpu,45.0,300.0,8.0,consumer_high,tflite,202.10001350672587,3.8896511110135976,255.36516345718422,1.0,synthetic
44.0,cnn,detection,154.36285049473673,640,fp16,1,cpu,0.6,300.0,8.0,cpu_4thread,onnxruntime,774.8142524736836,4.509337688778839,840.495005604531,1.0,synthetic
25.0,cnn,detection,65.75166834911799,640,fp32,1,gpu,65.0,300.0,8.0,consumer_flagship,tensorrt,331.75834174559,2.20852338954558,390.9210162224192,1.0,synthetic
44.0,transformer,detection,141.28310855964602,832,fp32,1,gpu,9.0,300.0,8.0,consumer_low,tflite,709.4155427982301,2.2473742339518616,1056.618819007096,1.0,synthetic
11.0,transformer,classification,4.213358690653762,384,fp32,1,gpu,65.0,300.0,8.0,consumer_flagship,tensorrt,24.06679345326881,2.5494061147153095,28.84948062242262,1.0,synthetic
68.0,transformer,segmentation,184.29868576224115,768,fp32,1,cpu,1.0,300.0,8.0,cpu_modern_mt,pytorch,924.4934288112057,2.634746403711474,941.8341085224151,1.0,synthetic
5.0,hybrid,classification,1.829845489309179,224,int8,1,cpu,0.6,300.0,8.0,cpu_4thread,tflite,12.149227446545895,2.222610986023915,16.21267976416845,1.0,synthetic
100.0,hybrid,classification,39.94970319141644,224,fp32,1,gpu,150.0,300.0,8.0,datacenter_low,pytorch,35.63302640674621,2.231815178801531,47.57223196017255,1.0,synthetic
11.0,cnn,classification,3.6086314218915017,256,fp16,1,gpu,150.0,300.0,8.0,datacenter_low,tensorrt,1.8314212300191068,2.5720278402643744,1.8232097236640585,1.0,synthetic
25.0,cnn,classification,8.934483495583443,256,fp32,1,cpu,0.6,300.0,8.0,cpu_4thread,pytorch,419.81589574816337,3.2223069582984314,760.9911651008987,1.0,synthetic
5.0,hybrid,classification,1.6730267943580135,224,fp32,1,cpu,0.6,300.0,8.0,cpu_4thread,tflite,11.365133971790067,2.0793635164412727,10.14794550051944,1.0,synthetic
68.0,transformer,classification,19.592762986243187,256,int8,1,gpu,150.0,300.0,8.0,datacenter_low,coreml,100.96381493121594,4.568732125074861,147.59940927405805,1.0,synthetic
11.0,transformer,segmentation,33.869273266543246,512,fp16,1,cpu,0.6,300.0,8.0,cpu_4thread,coreml,172.34636633271623,4.815800947384183,126.78098545247387,1.0,synthetic
150.0,hybrid,classification,55.91886481389045,384,int8,1,gpu,25.0,300.0,8.0,consumer_mid,pytorch,240.3625020016649,4.533000647598013,368.2168953860364,1.0,synthetic
100.0,cnn,segmentation,287.64863961984895,768,fp32,1,gpu,150.0,300.0,8.0,datacenter_low,tflite,1441.2431980992446,2.5583964631042986,1273.9170265570947,1.0,synthetic
100.0,cnn,segmentation,238.36946644583634,768,fp16,1,gpu,45.0,300.0,8.0,consumer_high,tensorrt,1194.8473322291816,4.334376983859565,593.1510118410827,1.0,synthetic
100.0,transformer,detection,370.4292341610378,832,fp16,1,gpu,700.0,300.0,8.0,datacenter,tflite,1855.146170805189,2.259527806819243,1709.5832105869474,1.0,synthetic
25.0,hybrid,detection,65.82233435835035,416,fp32,1,gpu,9.0,300.0,8.0,consumer_low,tflite,332.11167179175175,3.1229766938385617,562.3524379890171,1.0,synthetic
5.0,cnn,segmentation,12.811872937591849,512,fp32,1,cpu,1.0,300.0,8.0,cpu_modern_mt,coreml,67.05936468795925,2.3913183636000395,69.50615218007596,1.0,synthetic
44.0,cnn,classification,17.23300380361265,224,fp32,1,cpu,0.6,300.0,8.0,cpu_4thread,pytorch,799.0582738250981,4.129481224759628,1141.607194409273,1.0,synthetic
25.0,hybrid,detection,80.8779547177353,832,fp32,1,gpu,25.0,300.0,8.0,consumer_mid,tflite,407.3897735886765,3.967546845721622,313.3221810101223,1.0,synthetic
100.0,cnn,detection,372.6393799365503,832,int8,1,gpu,65.0,300.0,8.0,consumer_flagship,coreml,1866.1968996827516,2.279734757664075,1883.5618243182766,1.0,synthetic
44.0,cnn,segmentation,103.57828398169389,512,fp16,1,gpu,25.0,300.0,8.0,consumer_mid,onnxruntime,520.8914199084694,3.961831016539779,478.1781063611224,1.0,synthetic
5.0,transformer,classification,1.7743727154602007,224,fp32,1,gpu,65.0,300.0,8.0,consumer_flagship,tensorrt,11.871863577301003,3.7889828150115865,13.926324428542138,1.0,synthetic
44.0,transformer,classification,14.881259633715878,384,fp16,1,gpu,65.0,300.0,8.0,consumer_flagship,tensorrt,77.40629816857938,4.232842817882492,72.80067667494184,1.0,synthetic
100.0,transformer,classification,38.445308470719176,384,fp16,1,gpu,150.0,300.0,8.0,datacenter_low,tensorrt,9.181960087321746,4.01217722023617,8.93579028164483,1.0,synthetic
25.0,cnn,classification,9.252718258418671,256,fp32,1,cpu,1.0,300.0,8.0,cpu_modern_mt,tflite,49.26359129209335,2.920514392107855,48.67842903236509,1.0,synthetic
11.0,cnn,classification,3.236975136442078,224,int8,1,gpu,45.0,300.0,8.0,consumer_high,coreml,19.18487568221039,2.188164772704165,29.090495565714367,1.0,synthetic
100.0,cnn,detection,300.65494038978267,416,fp16,1,gpu,150.0,300.0,8.0,datacenter_low,pytorch,258.37958106903034,2.6582469156707114,263.06118440890185,1.0,synthetic
100.0,transformer,segmentation,290.9968446150293,768,int8,1,cpu,0.15,300.0,8.0,cpu_1thread,tensorrt,1457.9842230751465,2.641138924557737,1907.860065042928,1.0,synthetic
44.0,cnn,classification,13.965996824820463,384,fp32,1,gpu,45.0,300.0,8.0,consumer_high,onnxruntime,72.82998412410231,2.965482524507239,74.79606577000206,1.0,synthetic
100.0,hybrid,detection,275.7319743520437,832,int8,1,cpu,1.0,300.0,8.0,cpu_modern_mt,coreml,1381.6598717602187,3.359520235681648,859.8756826331378,1.0,synthetic
68.0,transformer,segmentation,203.24271992688705,512,fp16,1,gpu,25.0,300.0,8.0,consumer_mid,pytorch,860.4486081722675,2.587616555237412,1163.5274627044068,1.0,synthetic
68.0,hybrid,segmentation,153.24839234612304,768,int8,1,gpu,150.0,300.0,8.0,datacenter_low,tflite,769.2419617306152,3.7267313770952613,813.7701886499443,1.0,synthetic
5.0,transformer,detection,15.765304969896148,640,int8,1,cpu,0.15,300.0,8.0,cpu_1thread,pytorch,2816.9663249276664,2.126960943478265,3930.6873155559606,1.0,synthetic
68.0,transformer,detection,256.0944125552412,832,fp32,1,gpu,150.0,300.0,8.0,datacenter_low,tensorrt,55.105921049155896,3.194769227471035,66.04754378564559,1.0,synthetic
25.0,transformer,detection,70.60437575194179,832,fp32,1,gpu,9.0,300.0,8.0,consumer_low,onnxruntime,356.02187875970895,2.8665533699948944,265.70643801051125,1.0,synthetic
5.0,transformer,detection,14.130483553684124,832,fp32,1,gpu,25.0,300.0,8.0,consumer_mid,pytorch,64.47520527745647,3.1896911503912424,66.9905259397912,1.0,synthetic
44.0,cnn,detection,118.90371750412478,416,fp16,1,gpu,9.0,300.0,8.0,consumer_low,pytorch,597.5185875206239,3.8307469348694143,610.4600701633827,1.0,synthetic
150.0,hybrid,detection,520.0049157194229,832,fp16,1,cpu,0.6,300.0,8.0,cpu_4thread,pytorch,23775.734648377627,3.9811593208140317,22302.23560501211,1.0,synthetic
150.0,hybrid,segmentation,329.8299702582118,768,int8,1,gpu,700.0,300.0,8.0,datacenter,pytorch,1652.149851291059,4.52891720614569,1338.9410620934973,1.0,synthetic
68.0,cnn,segmentation,194.2610265067426,768,fp32,1,gpu,150.0,300.0,8.0,datacenter_low,onnxruntime,974.305132533713,2.604581008754727,865.3961282624274,1.0,synthetic
25.0,hybrid,segmentation,60.874040252737224,512,int8,1,gpu,65.0,300.0,8.0,consumer_flagship,onnxruntime,307.3702012636861,4.403466791903472,315.56476483798343,1.0,synthetic
5.0,transformer,segmentation,11.775873380797393,768,int8,1,cpu,0.15,300.0,8.0,cpu_1thread,onnxruntime,36.92777308637509,1.3150793802689578,42.07066265319088,1.0,synthetic
11.0,cnn,classification,4.287232070423684,384,int8,1,gpu,150.0,300.0,8.0,datacenter_low,tensorrt,1.9746059668593974,3.657903745487582,2.771579914243096,1.0,synthetic
100.0,transformer,segmentation,266.6121476487611,768,fp16,1,cpu,1.0,300.0,8.0,cpu_modern_mt,onnxruntime,1336.0607382438054,4.207092515918761,1892.5851943269317,1.0,synthetic
11.0,hybrid,classification,3.4958038209266404,256,fp32,1,gpu,65.0,300.0,8.0,consumer_flagship,tensorrt,20.479019104633203,2.926595603036473,26.66334278620346,1.0,synthetic
68.0,hybrid,segmentation,180.075012887944,512,fp32,1,gpu,25.0,300.0,8.0,consumer_mid,onnxruntime,903.3750644397201,4.107918392020052,813.7009059788554,1.0,synthetic
5.0,cnn,classification,2.0999473787832232,256,fp32,1,cpu,0.6,300.0,8.0,cpu_4thread,pytorch,107.47759521039332,4.527765138301002,60.68318908177095,1.0,synthetic
68.0,cnn,detection,244.19099080405852,832,fp16,1,gpu,150.0,300.0,8.0,datacenter_low,coreml,1223.9549540202925,4.193227645203645,731.7581608228763,1.0,synthetic
68.0,hybrid,detection,214.3995076400819,640,fp32,1,cpu,0.6,300.0,8.0,cpu_4thread,tensorrt,1074.9975382004095,4.628669879394923,1445.4793438505299,1.0,synthetic
44.0,cnn,detection,162.41434644630758,416,int8,1,cpu,0.6,300.0,8.0,cpu_4thread,tensorrt,815.0717322315379,2.3254950352113153,504.6081406421742,1.0,synthetic
5.0,cnn,segmentation,12.627421475828383,512,fp32,1,cpu,0.15,300.0,8.0,cpu_1thread,tensorrt,66.13710737914192,4.033994045727754,74.88313755468714,1.0,synthetic
68.0,hybrid,segmentation,170.24046662877365,512,fp16,1,cpu,1.0,300.0,8.0,cpu_modern_mt,tensorrt,854.2023331438683,2.078173657956779,846.4019900994114,1.0,synthetic
150.0,transformer,detection,492.55395073904566,640,fp32,1,cpu,0.15,300.0,8.0,cpu_1thread,coreml,2465.7697536952282,3.287632338625099,2285.4479561558237,1.0,synthetic
11.0,cnn,classification,4.461902006975904,384,int8,1,gpu,65.0,300.0,8.0,consumer_flagship,tflite,25.30951003487952,2.865375051254385,41.13176235260183,1.0,synthetic
150.0,cnn,segmentation,350.84711408865627,768,int8,1,cpu,0.6,300.0,8.0,cpu_4thread,tflite,1757.2355704432814,2.4298879742928032,1520.5910261818647,1.0,synthetic
25.0,hybrid,detection,64.83294559414831,416,fp32,1,gpu,65.0,300.0,8.0,consumer_flagship,pytorch,23.0657966613889,2.71112452675604,26.856304128179133,1.0,synthetic
68.0,cnn,classification,26.410293481120366,256,fp32,1,gpu,150.0,300.0,8.0,datacenter_low,tensorrt,6.642571924516397,2.7557247961022644,8.446289914108144,1.0,synthetic
150.0,hybrid,detection,459.89615960652895,416,fp16,1,gpu,45.0,300.0,8.0,consumer_high,tflite,2302.480798032645,4.949486869734225,1753.1293361436071,1.0,synthetic
68.0,cnn,classification,21.370607681824968,384,int8,1,cpu,0.6,300.0,8.0,cpu_4thread,pytorch,988.1467710594011,2.328874958990007,633.9936360201183,1.0,synthetic
68.0,transformer,detection,216.72038613106702,832,int8,1,cpu,1.0,300.0,8.0,cpu_modern_mt,tensorrt,1086.601930655335,3.1360719899990066,824.6692547866617,1.0,synthetic
150.0,cnn,segmentation,420.40238538593564,768,fp32,1,cpu,0.6,300.0,8.0,cpu_4thread,tensorrt,2105.0119269296783,2.0965892662620105,2224.4396781718365,1.0,synthetic
5.0,transformer,detection,16.761103079902217,416,fp32,1,gpu,700.0,300.0,8.0,datacenter,tensorrt,86.80551539951108,2.1661721900628175,128.99105376429873,1.0,synthetic
150.0,transformer,segmentation,408.1515864814479,768,fp32,1,cpu,1.0,300.0,8.0,cpu_modern_mt,tensorrt,2043.7579324072394,4.458038446165313,1513.6856107709248,1.0,synthetic
68.0,cnn,detection,253.3808498522052,640,fp32,1,gpu,45.0,300.0,8.0,consumer_high,tflite,1269.904249261026,4.4392608923414585,1526.1578824709015,1.0,synthetic
44.0,transformer,segmentation,105.48179654410488,512,fp32,1,gpu,25.0,300.0,8.0,consumer_mid,tensorrt,530.4089827205244,2.96199417866855,673.5264141665922,1.0,synthetic
5.0,hybrid,classification,1.9740194755857976,224,int8,1,gpu,45.0,300.0,8.0,consumer_high,coreml,12.870097377928989,1.0142126968925447,13.528540171220396,1.0,synthetic
5.0,cnn,detection,12.823338897821928,640,fp16,1,cpu,0.6,300.0,8.0,cpu_4thread,tensorrt,67.11669448910965,4.366931563556881,84.90779346001993,1.0,synthetic
11.0,hybrid,classification,4.512241330347769,384,fp32,1,cpu,0.6,300.0,8.0,cpu_4thread,onnxruntime,25.561206651738846,2.3537189354608525,32.28645221509015,1.0,synthetic
150.0,transformer,detection,428.5411171168682,832,int8,1,cpu,0.15,300.0,8.0,cpu_1thread,pytorch,76480.9377606763,2.2495810305545216,84415.42064117672,1.0,synthetic
68.0,hybrid,segmentation,161.61384617250522,768,int8,1,gpu,700.0,300.0,8.0,datacenter,tensorrt,811.0692308625261,3.5611166493229036,1463.8522273621704,1.0,synthetic
25.0,cnn,detection,91.27520373388268,640,fp32,1,cpu,0.6,300.0,8.0,cpu_4thread,tensorrt,459.3760186694134,3.4880986698242444,595.6632001828837,1.0,synthetic
11.0,cnn,segmentation,26.296944774833698,512,fp32,1,gpu,25.0,300.0,8.0,consumer_mid,coreml,134.48472387416848,2.3577347339577837,209.31492869798632,1.0,synthetic
5.0,transformer,classification,1.6863532241962669,256,fp16,1,cpu,0.15,300.0,8.0,cpu_1thread,tflite,11.431766120981335,2.1328862929909773,6.428914814539138,1.0,synthetic
11.0,transformer,classification,3.987152636428948,384,int8,1,gpu,700.0,300.0,8.0,datacenter,onnxruntime,22.93576318214474,3.6490527675597084,14.228513683809378,1.0,synthetic
11.0,cnn,detection,29.259708600614456,832,int8,1,cpu,0.6,300.0,8.0,cpu_4thread,pytorch,1348.6786830480808,4.21465040040896,1095.7962245655067,1.0,synthetic
100.0,cnn,detection,307.42338629439723,832,fp32,1,cpu,0.15,300.0,8.0,cpu_1thread,onnxruntime,865.6277517831954,2.2127237669955253,1274.7548440901578,1.0,synthetic
5.0,transformer,classification,1.9372546867767548,384,int8,1,gpu,700.0,300.0,8.0,datacenter,tensorrt,12.686273433883773,2.0845516462761937,12.572549891405377,1.0,synthetic
11.0,hybrid,detection,33.69691022427189,416,fp16,1,gpu,9.0,300.0,8.0,consumer_low,onnxruntime,171.48455112135946,2.651700423777304,141.0230431273929,1.0,synthetic
25.0,hybrid,classification,9.656818364886094,256,fp32,1,gpu,65.0,300.0,8.0,consumer_flagship,tflite,51.28409182443047,3.0893853285382167,53.149227676404365,1.0,synthetic
25.0,transformer,segmentation,58.68412736813558,512,int8,1,gpu,65.0,300.0,8.0,consumer_flagship,pytorch,21.16273742043796,4.253098884612825,10.429499942525407,1.0,synthetic
68.0,hybrid,detection,203.6432965902758,640,fp32,1,gpu,65.0,300.0,8.0,consumer_flagship,pytorch,66.02760029469036,4.137983676940237,37.181704994119315,1.0,synthetic
100.0,cnn,segmentation,303.4507451155107,768,int8,1,gpu,65.0,300.0,8.0,consumer_flagship,onnxruntime,1520.2537255775535,4.000268183922132,990.5799363456799,1.0,synthetic
5.0,hybrid,segmentation,12.85222949969001,512,fp32,1,cpu,1.0,300.0,8.0,cpu_modern_mt,pytorch,67.26114749845004,2.1818310713534403,80.94783172180223,1.0,synthetic
5.0,hybrid,classification,1.4669645104931892,384,fp32,1,gpu,9.0,300.0,8.0,consumer_low,tflite,10.334822552465946,2.1137508322208998,14.914985340705975,1.0,synthetic
5.0,transformer,classification,1.7197714283444239,384,fp32,1,cpu,1.0,300.0,8.0,cpu_modern_mt,onnxruntime,11.59885714172212,3.152480549277445,9.887464649089154,1.0,synthetic
44.0,cnn,segmentation,133.13767247891468,512,fp16,1,cpu,0.6,300.0,8.0,cpu_4thread,onnxruntime,668.6883623945735,4.510710335949964,883.2582255273973,1.0,synthetic
100.0,cnn,classification,37.310673573355835,384,fp32,1,gpu,150.0,300.0,8.0,datacenter_low,tensorrt,8.94255212397808,2.0481764680403414,7.550714367463434,1.0,synthetic
100.0,transformer,detection,269.6973660933659,832,int8,1,gpu,45.0,300.0,8.0,consumer_high,tensorrt,1351.4868304668294,2.8777893308718285,1219.1899952086637,1.0,synthetic
150.0,cnn,segmentation,398.0792499184013,512,fp32,1,gpu,150.0,300.0,8.0,datacenter_low,tflite,1993.3962495920064,3.847369396940374,2292.212468856692,1.0,synthetic
150.0,hybrid,classification,53.56608025381521,384,fp32,1,gpu,45.0,300.0,8.0,consumer_high,tflite,270.83040126907605,2.751504274087819,193.2487234067065,1.0,synthetic
5.0,transformer,detection,15.175166023799886,640,fp32,1,gpu,150.0,300.0,8.0,datacenter_low,tflite,78.87583011899943,4.693115679417741,74.73154230198338,1.0,synthetic
150.0,cnn,classification,62.5735266751524,224,int8,1,gpu,150.0,300.0,8.0,datacenter_low,tflite,315.867633375762,3.9429787569208847,291.70566845686216,1.0,synthetic
44.0,cnn,detection,164.27548780675903,416,fp16,1,gpu,700.0,300.0,8.0,datacenter,onnxruntime,824.3774390337951,4.990287754959227,754.2541629279945,1.0,synthetic
44.0,cnn,detection,118.21299363098566,416,fp16,1,gpu,25.0,300.0,8.0,consumer_mid,coreml,594.0649681549284,4.0479254043351816,610.4355799876499,1.0,synthetic
25.0,transformer,segmentation,58.57374127994454,768,int8,1,cpu,0.6,300.0,8.0,cpu_4thread,onnxruntime,295.8687063997227,3.309462047923122,480.72921035791774,1.0,synthetic
150.0,hybrid,classification,47.261467237553695,256,fp16,1,gpu,150.0,300.0,8.0,datacenter_low,tflite,239.30733618776847,3.0033385606349743,167.07946039036798,1.0,synthetic
11.0,transformer,classification,3.6059841000616912,256,fp32,1,gpu,25.0,300.0,8.0,consumer_mid,pytorch,20.177587077159657,4.433048330787968,13.249593716681147,1.0,synthetic
44.0,transformer,segmentation,98.71266990079918,512,int8,1,gpu,9.0,300.0,8.0,consumer_low,coreml,496.56334950399594,2.63138665142601,468.54415680891503,1.0,synthetic
100.0,transformer,classification,33.124187485762114,256,int8,1,cpu,1.0,300.0,8.0,cpu_modern_mt,tensorrt,168.62093742881058,2.829231623281024,167.76904944114816,1.0,synthetic
68.0,hybrid,detection,223.5820800410559,640,int8,1,cpu,0.6,300.0,8.0,cpu_4thread,tflite,1120.9104002052795,3.3549100540496704,815.9309071120706,1.0,synthetic
5.0,hybrid,classification,1.7044713744458517,224,fp16,1,cpu,0.15,300.0,8.0,cpu_1thread,tensorrt,11.522356872229258,2.160250015803532,10.16340372107234,1.0,synthetic
150.0,hybrid,segmentation,406.8944277437359,512,int8,1,gpu,9.0,300.0,8.0,consumer_low,tflite,2037.4721387186794,4.146059637500617,1869.3129088429935,1.0,synthetic
5.0,cnn,classification,1.6609669924422439,256,int8,1,gpu,700.0,300.0,8.0,datacenter,coreml,11.304834962211219,2.4030134220953583,16.053006173049784,1.0,synthetic
5.0,transformer,segmentation,10.73734291674256,768,fp32,1,gpu,65.0,300.0,8.0,consumer_flagship,onnxruntime,56.6867145837128,2.5768751696932393,76.20298246171922,1.0,synthetic
100.0,transformer,segmentation,215.1267027100868,768,fp16,1,cpu,0.6,300.0,8.0,cpu_4thread,tensorrt,1078.633513550434,3.723926211865517,1183.3671155477832,1.0,synthetic
100.0,transformer,segmentation,216.70099464532308,768,fp32,1,gpu,9.0,300.0,8.0,consumer_low,tflite,1086.5049732266154,2.8199370759611586,1220.8141779708174,1.0,synthetic
11.0,cnn,segmentation,26.285915061789435,768,fp32,1,gpu,150.0,300.0,8.0,datacenter_low,tensorrt,6.616328078037571,2.2188795917388644,4.072648851797909,1.0,synthetic
68.0,cnn,detection,237.68555075331122,640,fp16,1,gpu,45.0,300.0,8.0,consumer_high,onnxruntime,1191.4277537665562,2.897240634966234,1345.7801143961424,1.0,synthetic
100.0,cnn,segmentation,255.04691441042328,512,fp32,1,gpu,65.0,300.0,8.0,consumer_flagship,coreml,1278.2345720521164,3.6965956307721726,1380.4364994331224,1.0,synthetic
150.0,transformer,classification,60.93329815040712,224,fp32,1,cpu,1.0,300.0,8.0,cpu_modern_mt,tflite,307.6664907520356,3.486414689196,279.87815708520696,1.0,synthetic
5.0,hybrid,segmentation,15.295413493452976,512,int8,1,gpu,65.0,300.0,8.0,consumer_flagship,coreml,79.47706746726487,2.400840157224795,83.92905697356844,1.0,synthetic
11.0,cnn,segmentation,26.57613526904968,512,fp32,1,gpu,150.0,300.0,8.0,datacenter_low,tensorrt,6.677564541769482,3.096926488112634,8.829436665777466,1.0,synthetic
5.0,transformer,classification,1.431834565914226,384,fp16,1,cpu,0.6,300.0,8.0,cpu_4thread,pytorch,76.94483966228013,4.32055757072631,124.10723579807855,1.0,synthetic
44.0,hybrid,segmentation,98.3755932494697,512,fp32,1,gpu,25.0,300.0,8.0,consumer_mid,tensorrt,494.8779662473485,3.3324772169375008,599.7201944899842,1.0,synthetic
5.0,cnn,segmentation,11.319688702888362,768,int8,1,gpu,9.0,300.0,8.0,consumer_low,coreml,59.59844351444181,2.3562455259341126,44.77286070193337,1.0,synthetic
100.0,transformer,classification,31.228885039259787,256,int8,1,gpu,9.0,300.0,8.0,consumer_low,onnxruntime,159.14442519629893,2.8742067988647344,182.2508407035441,1.0,synthetic
150.0,cnn,detection,547.3740138529919,640,fp16,1,cpu,0.15,300.0,8.0,cpu_1thread,pytorch,97687.85651220495,3.4837587536079373,86007.28162539392,1.0,synthetic
11.0,hybrid,segmentation,23.847175756748612,768,fp32,1,cpu,0.6,300.0,8.0,cpu_4thread,tflite,122.23587878374306,4.956034156061932,120.8852147025068,1.0,synthetic
68.0,transformer,detection,225.26923109245564,832,fp32,1,gpu,45.0,300.0,8.0,consumer_high,pytorch,1129.3461554622781,2.2306013101452646,1280.8244528138405,1.0,synthetic
5.0,hybrid,segmentation,14.559434782197847,768,fp32,1,cpu,0.6,300.0,8.0,cpu_4thread,onnxruntime,75.79717391098924,4.775984161592492,46.858205230691595,1.0,synthetic
5.0,hybrid,classification,2.0121110717443114,384,fp32,1,cpu,1.0,300.0,8.0,cpu_modern_mt,onnxruntime,13.060555358721556,2.1052628336489,8.882297020321573,1.0,synthetic
25.0,cnn,classification,9.279901255453208,256,fp32,1,gpu,9.0,300.0,8.0,consumer_low,tflite,49.39950627726604,3.6047143525693848,34.80583877516405,1.0,synthetic
5.0,cnn,segmentation,12.788601130902176,512,int8,1,gpu,9.0,300.0,8.0,consumer_low,onnxruntime,66.94300565451088,1.270724512102199,36.860881809910985,1.0,synthetic
150.0,transformer,segmentation,429.0131156919913,768,fp32,1,gpu,45.0,300.0,8.0,consumer_high,pytorch,2148.0655784599567,2.61335397869759,2167.76094050467,1.0,synthetic
5.0,transformer,detection,17.200672646360275,416,fp16,1,cpu,1.0,300.0,8.0,cpu_modern_mt,pytorch,89.00336323180137,4.801601119553959,93.69122910433231,1.0,synthetic
150.0,hybrid,classification,42.784384331132074,256,fp32,1,gpu,700.0,300.0,8.0,datacenter,pytorch,216.92192165566036,3.5007935224323856,112.77260363719554,1.0,synthetic
11.0,cnn,classification,4.395811358904532,256,fp32,1,cpu,1.0,300.0,8.0,cpu_modern_mt,tflite,24.97905679452266,3.193043405435103,15.481163459130952,1.0,synthetic
25.0,cnn,segmentation,69.68690634694293,768,fp16,1,gpu,9.0,300.0,8.0,consumer_low,onnxruntime,351.43453173471465,4.672435682941409,424.38868037019745,1.0,synthetic
11.0,hybrid,segmentation,23.34979931566124,768,fp16,1,gpu,700.0,300.0,8.0,datacenter,onnxruntime,119.7489965783062,2.698339053312437,112.4303899777318,1.0,synthetic
25.0,transformer,detection,72.477788359117,832,fp32,1,gpu,150.0,300.0,8.0,datacenter_low,pytorch,63.42502237402957,2.6638099958776427,54.34818885846292,1.0,synthetic
44.0,transformer,detection,123.6688667515225,832,fp16,1,gpu,9.0,300.0,8.0,consumer_low,pytorch,621.3443337576125,2.738797171942357,558.3278791324283,1.0,synthetic
5.0,cnn,segmentation,15.251677340278187,512,int8,1,cpu,0.6,300.0,8.0,cpu_4thread,coreml,79.25838670139093,2.133571200401627,69.68535896095052,1.0,synthetic
44.0,transformer,segmentation,127.65664593123796,512,fp32,1,cpu,0.6,300.0,8.0,cpu_4thread,coreml,641.2832296561899,3.7272502505609317,404.811299766011,1.0,synthetic
150.0,cnn,segmentation,440.2605333074104,512,fp32,1,cpu,1.0,300.0,8.0,cpu_modern_mt,pytorch,2204.302666537052,4.335956453224728,1844.7321670794336,1.0,synthetic
5.0,hybrid,segmentation,15.027986909421886,512,int8,1,gpu,700.0,300.0,8.0,datacenter,coreml,78.13993454710943,2.31898248889759,72.24065139599658,1.0,synthetic
68.0,hybrid,detection,187.53396006436378,416,fp16,1,cpu,0.6,300.0,8.0,cpu_4thread,tensorrt,940.6698003218189,4.584424437028083,929.157106296987,1.0,synthetic
150.0,cnn,segmentation,363.38442222990903,512,fp32,1,gpu,45.0,300.0,8.0,consumer_high,tflite,1819.9221111495451,2.9806363692959588,1616.6566608143721,1.0,synthetic
150.0,cnn,classification,60.65563733882654,224,int8,1,gpu,150.0,300.0,8.0,datacenter_low,pytorch,53.324176542293394,2.0766422033648126,51.547457202338144,1.0,synthetic
44.0,hybrid,classification,14.822977233967828,224,fp16,1,gpu,700.0,300.0,8.0,datacenter,coreml,77.11488616983914,2.5179219223408733,75.07561915801293,1.0,synthetic
44.0,transformer,segmentation,103.06151367596071,512,int8,1,cpu,0.6,300.0,8.0,cpu_4thread,tensorrt,518.3075683798036,4.632795119484257,470.2536430172226,1.0,synthetic
150.0,cnn,classification,51.15703363305971,224,fp32,1,gpu,45.0,300.0,8.0,consumer_high,pytorch,258.78516816529856,2.426320879497747,312.03250691925297,1.0,synthetic
11.0,transformer,classification,3.479463075428118,384,int8,1,cpu,0.15,300.0,8.0,cpu_1thread,coreml,20.39731537714059,3.6387439028086654,12.700594332181685,1.0,synthetic
11.0,hybrid,classification,3.4457854844460254,256,fp32,1,cpu,0.6,300.0,8.0,cpu_4thread,tflite,20.22892742223013,4.3159672107640725,19.654105835407755,1.0,synthetic
5.0,transformer,segmentation,15.330871585756835,512,int8,1,gpu,700.0,300.0,8.0,datacenter,onnxruntime,79.65435792878418,1.1737073340211115,146.14209052858345,1.0,synthetic
100.0,transformer,detection,298.83712127802175,416,int8,1,gpu,45.0,300.0,8.0,consumer_high,tensorrt,1497.1856063901087,4.430909412000412,1152.2373740602638,1.0,synthetic
5.0,cnn,detection,17.663223705848257,832,fp32,1,gpu,25.0,300.0,8.0,consumer_mid,coreml,91.31611852924128,3.453276412503197,79.74628206663859,1.0,synthetic
44.0,transformer,detection,142.92725020539243,832,fp32,1,gpu,700.0,300.0,8.0,datacenter,onnxruntime,717.6362510269621,4.374024572058909,736.4440673012193,1.0,synthetic
68.0,hybrid,detection,224.02595200473897,416,fp16,1,cpu,1.0,300.0,8.0,cpu_modern_mt,tflite,1123.1297600236949,2.7959191103612566,914.6944131526208,1.0,synthetic
44.0,hybrid,classification,16.432097357579515,256,fp32,1,gpu,150.0,300.0,8.0,datacenter_low,pytorch,15.53958398231594,3.4626960898367747,19.082808212091773,1.0,synthetic
25.0,hybrid,classification,8.33411250337813,224,fp16,1,cpu,0.15,300.0,8.0,cpu_1thread,tensorrt,44.67056251689065,4.156633941182405,23.696076597675823,1.0,synthetic
100.0,transformer,classification,40.37426556780235,384,fp16,1,gpu,45.0,300.0,8.0,consumer_high,coreml,204.87132783901174,4.5668736985276315,362.8968315642305,1.0,synthetic
68.0,transformer,detection,214.73670537903408,416,fp32,1,cpu,1.0,300.0,8.0,cpu_modern_mt,tflite,1076.6835268951704,4.504922220094671,1112.5821811065584,1.0,synthetic
11.0,hybrid,detection,30.66088705792925,640,fp16,1,cpu,1.0,300.0,8.0,cpu_modern_mt,pytorch,156.30443528964625,4.610429016655211,178.84123503015198,1.0,synthetic
150.0,cnn,detection,555.3458260869196,832,fp16,1,gpu,45.0,300.0,8.0,consumer_high,pytorch,2779.729130434598,3.9312213751317393,2076.7892484557633,1.0,synthetic
100.0,cnn,segmentation,262.650879941769,768,fp32,1,gpu,700.0,300.0,8.0,datacenter,tflite,1316.254399708845,3.595945399715002,1851.1092222002703,1.0,synthetic
68.0,transformer,classification,24.833037500841296,384,int8,1,gpu,9.0,300.0,8.0,consumer_low,tflite,127.16518750420649,3.1804416517658787,98.85954143040891,1.0,synthetic
150.0,hybrid,classification,62.26128563491721,384,int8,1,gpu,45.0,300.0,8.0,consumer_high,onnxruntime,314.306428174586,2.0227742485217424,385.7463735922111,1.0,synthetic
25.0,cnn,classification,9.004347041168923,224,fp32,1,cpu,1.0,300.0,8.0,cpu_modern_mt,tflite,48.02173520584462,4.151560669175814,49.65947035531974,1.0,synthetic
68.0,cnn,segmentation,194.13206970459208,512,fp16,1,gpu,25.0,300.0,8.0,consumer_mid,tensorrt,973.6603485229605,2.1834128900366707,930.9860195754402,1.0,synthetic
44.0,transformer,segmentation,115.4089355239968,512,int8,1,cpu,1.0,300.0,8.0,cpu_modern_mt,onnxruntime,580.044677619984,3.1398683754422256,367.75235228542107,1.0,synthetic
68.0,cnn,segmentation,144.59835724219727,512,fp16,1,gpu,65.0,300.0,8.0,consumer_flagship,tensorrt,725.9917862109863,4.96976447382482,528.1835754165603,1.0,synthetic
5.0,hybrid,classification,1.545520110343563,224,int8,1,gpu,9.0,300.0,8.0,consumer_low,tflite,10.727600551717815,1.8171694230551494,6.617584766309192,1.0,synthetic
68.0,cnn,segmentation,211.26295563932703,768,fp16,1,gpu,25.0,300.0,8.0,consumer_mid,tensorrt,1059.3147781966352,4.089127549611698,1055.695234328371,1.0,synthetic
44.0,cnn,classification,13.00032966195749,384,fp32,1,cpu,1.0,300.0,8.0,cpu_modern_mt,tensorrt,68.00164830978746,3.323446475140406,79.26224574883148,1.0,synthetic
5.0,cnn,detection,17.977718670506864,640,fp16,1,gpu,700.0,300.0,8.0,datacenter,pytorch,92.88859335253431,4.237253989952831,164.22147636770458,1.0,synthetic
25.0,transformer,classification,7.887141994350129,384,fp16,1,gpu,150.0,300.0,8.0,datacenter_low,onnxruntime,42.43570997175065,4.627098118827696,43.076971579673376,1.0,synthetic
150.0,transformer,detection,472.2859067345624,416,fp32,1,gpu,45.0,300.0,8.0,consumer_high,tflite,2364.429533672812,3.253456418318761,2676.5821607781045,1.0,synthetic
25.0,hybrid,segmentation,71.50812339787271,768,int8,1,gpu,9.0,300.0,8.0,consumer_low,onnxruntime,360.54061698936357,3.6440992166647788,326.7697936853945,1.0,synthetic
5.0,hybrid,classification,1.6673102265641502,384,fp32,1,gpu,25.0,300.0,8.0,consumer_mid,tflite,11.336551132820752,3.171686307281095,12.59137074162803,1.0,synthetic
150.0,transformer,detection,405.04279110434436,640,fp16,1,gpu,65.0,300.0,8.0,consumer_flagship,coreml,2028.2139555217218,4.686335941300124,2981.037329921034,1.0,synthetic
150.0,cnn,segmentation,317.5332553133,512,int8,1,gpu,700.0,300.0,8.0,datacenter,pytorch,1590.6662765665,3.9180162905042177,1427.808052940902,1.0,synthetic
100.0,hybrid,classification,40.91079613369959,384,int8,1,gpu,45.0,300.0,8.0,consumer_high,onnxruntime,207.55398066849796,2.4551198465116952,274.6561842056167,1.0,synthetic
11.0,hybrid,detection,36.14266269699445,640,int8,1,gpu,25.0,300.0,8.0,consumer_mid,pytorch,157.12446729164964,3.576895743798512,197.87646416604676,1.0,synthetic
100.0,transformer,classification,36.74635243869041,384,fp32,1,gpu,45.0,300.0,8.0,consumer_high,tensorrt,186.73176219345203,4.272580982398534,236.6091130160046,1.0,synthetic
11.0,cnn,classification,4.3751825621464135,256,fp32,1,gpu,9.0,300.0,8.0,consumer_low,coreml,24.875912810732068,4.9901792031731995,20.183966429026537,1.0,synthetic
100.0,transformer,segmentation,253.18828014680764,512,fp16,1,gpu,25.0,300.0,8.0,consumer_mid,onnxruntime,1268.9414007340383,2.0733941082768004,1845.9673316530634,1.0,synthetic
5.0,cnn,classification,1.6538318661098235,384,int8,1,cpu,1.0,300.0,8.0,cpu_modern_mt,tflite,11.269159330549117,2.0327682826143447,10.822482398998307,1.0,synthetic
150.0,hybrid,detection,398.2058657667658,416,int8,1,gpu,700.0,300.0,8.0,datacenter,pytorch,1994.029328833829,2.6098686663078685,1954.968923638945,1.0,synthetic
5.0,hybrid,classification,1.4650298001458837,384,int8,1,gpu,9.0,300.0,8.0,consumer_low,onnxruntime,10.325149000729418,1.8578484514905547,10.030194808317535,1.0,synthetic
44.0,cnn,classification,18.262463027712542,384,fp16,1,gpu,150.0,300.0,8.0,datacenter_low,onnxruntime,94.31231513856271,4.626669963048819,89.30870457923635,1.0,synthetic
100.0,cnn,detection,368.11954245700156,416,fp32,1,cpu,0.15,300.0,8.0,cpu_1thread,coreml,1843.5977122850077,2.229179950385917,1561.2365337259741,1.0,synthetic
44.0,transformer,detection,156.48333690402322,416,fp16,1,gpu,700.0,300.0,8.0,datacenter,coreml,785.4166845201161,2.2094489044566856,624.6254618930343,1.0,synthetic
150.0,hybrid,segmentation,398.8445246480531,512,fp32,1,gpu,65.0,300.0,8.0,consumer_flagship,onnxruntime,1997.2226232402654,4.972175165742815,1562.3232893920895,1.0,synthetic
68.0,cnn,classification,26.244543762435676,224,fp16,1,gpu,9.0,300.0,8.0,consumer_low,tflite,134.22271881217839,4.51081807487315,105.44162470960181,1.0,synthetic
150.0,cnn,segmentation,401.22929891366596,512,fp32,1,cpu,0.6,300.0,8.0,cpu_4thread,tflite,2009.1464945683297,4.838521114389036,2230.081644734504,1.0,synthetic
100.0,hybrid,detection,292.0113390138415,640,fp16,1,gpu,45.0,300.0,8.0,consumer_high,tensorrt,1463.0566950692075,3.7859586373486853,1908.99015508762,1.0,synthetic
5.0,transformer,segmentation,13.988683009271838,512,fp16,1,cpu,0.6,300.0,8.0,cpu_4thread,tensorrt,72.94341504635919,4.939409489312463,96.62060527982068,1.0,synthetic
5.0,cnn,classification,1.745638643960863,256,int8,1,gpu,45.0,300.0,8.0,consumer_high,pytorch,11.728193219804316,1.5859609822065086,10.834486389898084,1.0,synthetic
150.0,hybrid,segmentation,385.62231685480754,768,fp32,1,cpu,0.6,300.0,8.0,cpu_4thread,coreml,1931.1115842740378,2.134317117554285,2175.0156915290295,1.0,synthetic
44.0,cnn,classification,15.6597666483456,384,fp16,1,gpu,25.0,300.0,8.0,consumer_mid,tensorrt,81.298833241728,2.0519003682229093,108.47737344932084,1.0,synthetic
150.0,cnn,segmentation,433.4515178765313,768,fp32,1,cpu,0.15,300.0,8.0,cpu_1thread,onnxruntime,1218.8846046079173,4.396034317722896,1103.7653041174776,1.0,synthetic
68.0,hybrid,classification,19.48219274056045,384,fp32,1,cpu,1.0,300.0,8.0,cpu_modern_mt,pytorch,100.41096370280225,2.475624606774831,54.64127171089402,1.0,synthetic
25.0,transformer,detection,76.73473204624368,640,fp16,1,gpu,9.0,300.0,8.0,consumer_low,pytorch,386.6736602312184,4.994524213677395,313.4652772148171,1.0,synthetic
100.0,cnn,detection,361.65304800944773,832,int8,1,cpu,0.6,300.0,8.0,cpu_4thread,tensorrt,1811.2652400472386,4.651705444880326,1276.7536516141076,1.0,synthetic
44.0,hybrid,segmentation,134.3996200319699,512,fp16,1,cpu,1.0,300.0,8.0,cpu_modern_mt,pytorch,674.9981001598495,2.7021874777162247,459.6276227828908,1.0,synthetic
44.0,transformer,classification,17.433520173658035,256,fp16,1,gpu,45.0,300.0,8.0,consumer_high,pytorch,90.16760086829018,4.038655586855555,66.71544217341771,1.0,synthetic
5.0,cnn,segmentation,11.628094308910963,512,fp16,1,gpu,700.0,300.0,8.0,datacenter,pytorch,61.14047154455481,3.5844201718212614,63.55245712428501,1.0,synthetic
68.0,cnn,classification,27.500687975812315,224,fp16,1,cpu,0.15,300.0,8.0,cpu_1thread,tflite,140.50343987906157,3.141698398841649,69.13992222475991,1.0,synthetic
150.0,cnn,segmentation,453.7297487580799,512,fp16,1,gpu,65.0,300.0,8.0,consumer_flagship,onnxruntime,2271.6487437903993,4.790762959955169,3676.323028623058,1.0,synthetic
100.0,transformer,classification,40.706059855485734,224,fp32,1,gpu,150.0,300.0,8.0,datacenter_low,onnxruntime,206.53029927742867,2.1708586018870433,184.17392143138684,1.0,synthetic
25.0,transformer,detection,70.58253743925023,416,fp16,1,gpu,9.0,300.0,8.0,consumer_low,coreml,355.91268719625117,3.9226749945116213,161.40774632003328,1.0,synthetic
68.0,transformer,classification,28.033630163857918,224,fp16,1,gpu,700.0,300.0,8.0,datacenter,tflite,143.1681508192896,2.3372141338338466,109.64070915466912,1.0,synthetic
11.0,hybrid,segmentation,28.049263129135714,512,int8,1,gpu,65.0,300.0,8.0,consumer_flagship,tensorrt,143.24631564567858,4.893740557404959,144.04005078684835,1.0,synthetic
5.0,cnn,segmentation,12.889248745829821,512,fp16,1,gpu,25.0,300.0,8.0,consumer_mid,coreml,67.4462437291491,2.3120308931844225,67.15599572110884,1.0,synthetic
150.0,transformer,segmentation,434.505968008737,512,fp16,1,cpu,0.15,300.0,8.0,cpu_1thread,tensorrt,2175.529840043685,4.662222421906891,1610.4325129336482,1.0,synthetic
68.0,hybrid,detection,259.0164076866869,832,int8,1,gpu,9.0,300.0,8.0,consumer_low,onnxruntime,1298.0820384334343,3.6735615473905865,1952.062295533512,1.0,synthetic
11.0,cnn,classification,3.9512209834702094,384,fp16,1,gpu,65.0,300.0,8.0,consumer_flagship,coreml,22.756104917351045,3.318926961574539,28.06596755874856,1.0,synthetic
100.0,cnn,classification,32.230674376992724,256,fp16,1,cpu,0.6,300.0,8.0,cpu_4thread,pytorch,1484.4518190285676,2.201555589571704,898.0956683260587,1.0,synthetic
68.0,transformer,segmentation,159.31149983862932,512,fp16,1,cpu,0.15,300.0,8.0,cpu_1thread,tensorrt,799.5574991931466,3.8050100652907815,847.4094572393357,1.0,synthetic
44.0,hybrid,classification,16.06880182172506,256,int8,1,cpu,1.0,300.0,8.0,cpu_modern_mt,onnxruntime,83.3440091086253,3.1645430031370374,54.88514737751557,1.0,synthetic
68.0,hybrid,segmentation,171.2293667662383,768,int8,1,gpu,65.0,300.0,8.0,consumer_flagship,coreml,859.1468338311914,4.963319996411367,836.3241208789336,1.0,synthetic
150.0,transformer,segmentation,380.5802878813829,768,fp32,1,gpu,65.0,300.0,8.0,consumer_flagship,coreml,1905.9014394069145,3.9487428338535175,2783.1468334493225,1.0,synthetic
150.0,hybrid,classification,43.05762297886131,256,int8,1,gpu,25.0,300.0,8.0,consumer_mid,tflite,218.28811489430655,4.827373515599889,289.7907056649268,1.0,synthetic
68.0,transformer,classification,28.534492222810613,224,fp16,1,gpu,9.0,300.0,8.0,consumer_low,pytorch,145.67246111405308,2.8465359369476992,164.84299014590798,1.0,synthetic
68.0,hybrid,detection,224.1602104424304,416,fp32,1,gpu,700.0,300.0,8.0,datacenter,onnxruntime,1123.8010522121522,2.47235887156954,2134.433839456486,1.0,synthetic
25.0,cnn,classification,9.996523504085795,224,fp16,1,cpu,0.6,300.0,8.0,cpu_4thread,tflite,52.982617520428974,4.728706830033763,32.28451603338727,1.0,synthetic
68.0,transformer,classification,23.32077903283502,384,fp32,1,gpu,700.0,300.0,8.0,datacenter,coreml,119.6038951641751,4.051294474333414,96.72212425015688,1.0,synthetic
100.0,transformer,classification,32.37124575469029,224,fp16,1,gpu,150.0,300.0,8.0,datacenter_low,tflite,164.85622877345145,4.728615709740166,144.78667683559584,1.0,synthetic
11.0,transformer,segmentation,30.556382712225314,512,fp16,1,cpu,0.15,300.0,8.0,cpu_1thread,coreml,155.78191356112657,2.137329018286177,198.750882732759,1.0,synthetic
11.0,hybrid,segmentation,33.54119266424311,768,int8,1,gpu,9.0,300.0,8.0,consumer_low,coreml,170.70596332121556,3.88381247989838,310.24626703294683,1.0,synthetic
68.0,cnn,segmentation,211.7400634648536,512,int8,1,gpu,45.0,300.0,8.0,consumer_high,coreml,1061.7003173242679,2.1686286735986666,1831.1706164820318,1.0,synthetic
25.0,cnn,detection,84.21555765834916,640,int8,1,cpu,0.15,300.0,8.0,cpu_1thread,pytorch,15032.598419708991,4.293948834771072,16562.375026942118,1.0,synthetic
68.0,hybrid,segmentation,196.49653093197284,768,fp16,1,cpu,1.0,300.0,8.0,cpu_modern_mt,pytorch,985.4826546598642,4.926195432815678,791.804189351022,1.0,synthetic
68.0,transformer,classification,28.51413378834941,256,int8,1,gpu,700.0,300.0,8.0,datacenter,onnxruntime,145.57066894174704,2.226787625484804,180.6563398061265,1.0,synthetic
5.0,transformer,segmentation,15.269521398621137,768,int8,1,gpu,65.0,300.0,8.0,consumer_flagship,tflite,79.34760699310569,1.5071663811041982,107.3768529546483,1.0,synthetic
5.0,hybrid,detection,18.993627669587976,416,fp32,1,gpu,45.0,300.0,8.0,consumer_high,coreml,97.96813834793988,2.3045115749106064,69.97571967019499,1.0,synthetic
100.0,cnn,detection,319.71159257041614,832,fp32,1,gpu,150.0,300.0,8.0,datacenter_low,onnxruntime,1601.5579628520807,3.936601972640446,925.8992556260016,1.0,synthetic
25.0,hybrid,detection,68.19378378949337,416,fp16,1,gpu,700.0,300.0,8.0,datacenter,onnxruntime,343.9689189474668,4.149987254401091,274.2188228833673,1.0,synthetic
11.0,hybrid,detection,41.966737103171404,416,int8,1,gpu,25.0,300.0,8.0,consumer_mid,tensorrt,212.833685515857,3.078910229537007,237.78454164173067,1.0,synthetic
5.0,hybrid,detection,14.8792742814798,416,fp32,1,gpu,700.0,300.0,8.0,datacenter,tflite,77.396371407399,3.5511450640703996,85.00563662282799,1.0,synthetic
100.0,cnn,classification,28.64017260667182,384,fp16,1,gpu,9.0,300.0,8.0,consumer_low,coreml,146.2008630333591,2.114394842274418,132.21761806432076,1.0,synthetic
5.0,cnn,detection,17.404732481660215,416,fp16,1,gpu,65.0,300.0,8.0,consumer_flagship,coreml,90.02366240830108,2.840795900523285,98.81646901435684,1.0,synthetic
100.0,cnn,classification,38.00294613898089,224,int8,1,gpu,9.0,300.0,8.0,consumer_low,tensorrt,193.01473069490444,4.796390219903492,144.65988422432014,1.0,synthetic
44.0,cnn,classification,15.10625531654302,384,fp32,1,cpu,0.15,300.0,8.0,cpu_1thread,coreml,78.5312765827151,4.203341833396064,81.78590915651864,1.0,synthetic
100.0,transformer,classification,35.014288008218756,384,fp32,1,gpu,25.0,300.0,8.0,consumer_mid,tensorrt,178.07144004109378,2.601080912010351,110.58919474992958,1.0,synthetic
150.0,transformer,detection,488.173479054349,416,int8,1,cpu,0.15,300.0,8.0,cpu_1thread,coreml,2443.867395271745,3.3206569189130057,3144.4746729512253,1.0,synthetic
100.0,transformer,segmentation,248.57177419712906,768,int8,1,gpu,9.0,300.0,8.0,consumer_low,onnxruntime,1245.8588709856454,2.1377601682737892,1790.601257919378,1.0,synthetic
11.0,transformer,segmentation,26.75523701414761,768,fp16,1,cpu,0.15,300.0,8.0,cpu_1thread,pytorch,4778.229597544782,3.2352936506791323,6636.864032020209,1.0,synthetic
68.0,transformer,detection,182.51349370772922,640,fp16,1,gpu,150.0,300.0,8.0,datacenter_low,onnxruntime,915.5674685386462,4.360390127193728,794.1684175887154,1.0,synthetic
11.0,transformer,segmentation,33.444565872642315,768,fp16,1,cpu,0.15,300.0,8.0,cpu_1thread,onnxruntime,97.6651181410164,3.7979011670491176,163.12668056070015,1.0,synthetic
68.0,cnn,detection,190.36591713071775,416,int8,1,cpu,1.0,300.0,8.0,cpu_modern_mt,tflite,954.8295856535888,3.0124240851100192,1617.5279123063183,1.0,synthetic
11.0,cnn,detection,33.53190994081719,832,int8,1,gpu,150.0,300.0,8.0,datacenter_low,coreml,170.65954970408592,4.203963493559192,215.30281504990344,1.0,synthetic
44.0,cnn,detection,164.89206826227206,832,int8,1,cpu,0.6,300.0,8.0,cpu_4thread,coreml,827.4603413113603,2.514905052246119,1197.6108697826144,1.0,synthetic
11.0,cnn,classification,3.4064169989972792,224,fp16,1,gpu,25.0,300.0,8.0,consumer_mid,onnxruntime,20.032084994986395,3.59610406050017,23.614704557570825,1.0,synthetic
25.0,transformer,classification,7.617939672849942,384,fp32,1,cpu,0.6,300.0,8.0,cpu_4thread,onnxruntime,41.089698364249706,4.374597856000676,26.961851695767162,1.0,synthetic
44.0,cnn,detection,158.15277472131982,832,fp32,1,gpu,45.0,300.0,8.0,consumer_high,tflite,793.7638736065991,3.3913623672660593,1042.92352784414,1.0,synthetic
100.0,cnn,classification,30.531348890526896,224,fp32,1,cpu,0.15,300.0,8.0,cpu_1thread,coreml,155.65674445263448,2.0518819273012476,138.49878328047134,1.0,synthetic
5.0,transformer,classification,1.6242533793446143,224,fp16,1,cpu,1.0,300.0,8.0,cpu_modern_mt,onnxruntime,11.121266896723071,2.5873514205812147,11.469612275716331,1.0,synthetic
11.0,transformer,segmentation,32.18130580971944,768,fp16,1,gpu,700.0,300.0,8.0,datacenter,coreml,163.9065290485972,2.9769343308496787,142.09576947849484,1.0,synthetic
11.0,cnn,detection,31.486357305428818,416,fp16,1,gpu,45.0,300.0,8.0,consumer_high,pytorch,160.43178652714408,4.725147642113792,196.7329444485484,1.0,synthetic
25.0,transformer,detection,80.08477870791303,832,fp32,1,gpu,700.0,300.0,8.0,datacenter,onnxruntime,403.42389353956514,3.8930425805135935,301.6765547386968,1.0,synthetic
150.0,cnn,classification,50.10296291115646,256,fp16,1,gpu,45.0,300.0,8.0,consumer_high,coreml,253.5148145557823,3.0190353131876764,433.6908522460627,1.0,synthetic
25.0,transformer,classification,9.220680256107181,256,fp32,1,cpu,0.15,300.0,8.0,cpu_1thread,onnxruntime,29.765566757868427,2.44804535095842,18.241354584993747,1.0,synthetic
25.0,hybrid,classification,8.29001842843348,224,fp16,1,gpu,150.0,300.0,8.0,datacenter_low,tflite,44.45009214216741,3.245592917425728,55.16486712639316,1.0,synthetic
44.0,cnn,classification,16.192695493895563,384,fp16,1,gpu,700.0,300.0,8.0,datacenter,coreml,83.96347746947782,3.5068832260813507,67.51166062724789,1.0,synthetic
5.0,cnn,classification,1.7007905649302117,224,int8,1,cpu,1.0,300.0,8.0,cpu_modern_mt,pytorch,11.503952824651059,2.0935564357302825,9.584729992104819,1.0,synthetic
150.0,hybrid,segmentation,349.8168823569988,512,fp32,1,gpu,150.0,300.0,8.0,datacenter_low,onnxruntime,1752.084411784994,4.732033219754914,2323.7563401991565,1.0,synthetic
11.0,transformer,segmentation,33.84849587805436,768,int8,1,gpu,25.0,300.0,8.0,consumer_mid,tflite,172.2424793902718,4.319783456239966,184.6421353131513,1.0,synthetic
150.0,transformer,classification,61.025746031437215,224,int8,1,gpu,150.0,300.0,8.0,datacenter_low,onnxruntime,308.12873015718606,2.0194642513415793,249.73401096273122,1.0,synthetic
68.0,cnn,segmentation,191.42803295738585,768,fp16,1,cpu,0.6,300.0,8.0,cpu_4thread,pytorch,8759.771106152533,4.812401563441233,7284.30031219702,1.0,synthetic
150.0,hybrid,classification,45.9256422458752,256,int8,1,gpu,45.0,300.0,8.0,consumer_high,pytorch,232.628211229376,4.782842705444169,345.9899067941914,1.0,synthetic
68.0,hybrid,segmentation,187.18595504249794,768,fp16,1,gpu,150.0,300.0,8.0,datacenter_low,pytorch,161.43167998831024,4.910881198246257,201.27144151587697,1.0,synthetic
5.0,hybrid,detection,15.005908102480305,640,fp16,1,gpu,150.0,300.0,8.0,datacenter_low,onnxruntime,78.02954051240152,3.1505056433477217,93.2647807681946,1.0,synthetic
150.0,cnn,segmentation,312.2224136128551,512,fp16,1,gpu,65.0,300.0,8.0,consumer_flagship,pytorch,99.63283701317866,4.195316075260962,53.474641615767084,1.0,synthetic
5.0,cnn,segmentation,14.308928615688112,512,fp32,1,gpu,65.0,300.0,8.0,consumer_flagship,onnxruntime,74.54464307844056,3.566868419933516,58.9796045609624,1.0,synthetic
11.0,hybrid,detection,33.22842713592751,416,fp16,1,gpu,45.0,300.0,8.0,consumer_high,tensorrt,169.14213567963756,2.0481092000919374,245.66532835146728,1.0,synthetic
44.0,hybrid,detection,144.3171243724063,416,int8,1,cpu,0.15,300.0,8.0,cpu_1thread,tensorrt,724.5856218620315,4.9490492921184455,728.8078621198613,1.0,synthetic
100.0,cnn,segmentation,214.03174753716166,512,int8,1,gpu,65.0,300.0,8.0,consumer_flagship,onnxruntime,1073.1587376858083,3.75058864659774,1278.1651313948664,1.0,synthetic
25.0,cnn,segmentation,61.08250293537369,768,fp16,1,cpu,0.6,300.0,8.0,cpu_4thread,coreml,308.41251467686845,2.7814627371720473,272.69560320263037,1.0,synthetic
68.0,hybrid,segmentation,202.0861571485059,768,fp32,1,cpu,0.15,300.0,8.0,cpu_1thread,tflite,1013.4307857425295,3.123959274959783,1374.3449900140895,1.0,synthetic
150.0,hybrid,detection,387.2319974132278,416,fp32,1,gpu,700.0,300.0,8.0,datacenter,onnxruntime,1939.1599870661391,2.7630786164191456,3139.7180320115735,1.0,synthetic
68.0,cnn,detection,211.6802000446857,832,int8,1,cpu,0.15,300.0,8.0,cpu_1thread,onnxruntime,597.259600725254,2.170145414846677,424.20554976024795,1.0,synthetic
68.0,hybrid,detection,225.26759657337487,832,int8,1,gpu,700.0,300.0,8.0,datacenter,tensorrt,1129.3379828668744,3.26069789840438,971.397185069831,1.0,synthetic
11.0,hybrid,detection,29.403017580075627,640,int8,1,gpu,700.0,300.0,8.0,datacenter,tensorrt,150.01508790037815,2.605822593535948,234.19239908186407,1.0,synthetic
5.0,hybrid,segmentation,11.204311576265146,512,fp16,1,gpu,700.0,300.0,8.0,datacenter,tensorrt,59.021557881325734,4.84682039385278,135.56342985990463,1.0,synthetic
68.0,hybrid,segmentation,146.618931982486,768,fp32,1,gpu,150.0,300.0,8.0,datacenter_low,tflite,736.09465991243,3.799603919465141,437.40783265484,1.0,synthetic
11.0,cnn,detection,35.57309926478164,832,fp16,1,cpu,0.6,300.0,8.0,cpu_4thread,tflite,180.8654963239082,2.6166154120864595,250.00461362480524,1.0,synthetic
68.0,cnn,detection,177.628905798673,832,fp32,1,gpu,65.0,300.0,8.0,consumer_flagship,pytorch,57.97614634468929,4.016814522902577,58.79838012717454,1.0,synthetic
150.0,transformer,detection,450.2702331141082,416,int8,1,gpu,150.0,300.0,8.0,datacenter_low,pytorch,386.2108871726941,2.517757382147816,511.62265610662797,1.0,synthetic
68.0,hybrid,detection,210.03225044586378,640,fp16,1,gpu,150.0,300.0,8.0,datacenter_low,coreml,1053.161252229319,3.447426333253498,665.5700592049606,1.0,synthetic
44.0,hybrid,segmentation,112.5347030288208,768,int8,1,cpu,1.0,300.0,8.0,cpu_modern_mt,onnxruntime,565.673515144104,4.387183144909515,583.8527737255984,1.0,synthetic
68.0,hybrid,detection,211.54137347211923,416,fp16,1,cpu,1.0,300.0,8.0,cpu_modern_mt,pytorch,1060.706867360596,3.3615136437709414,1262.420986240418,1.0,synthetic
68.0,hybrid,detection,250.6165784743373,416,fp16,1,gpu,700.0,300.0,8.0,datacenter,onnxruntime,1256.0828923716865,2.5977256357538545,1164.4131855118344,1.0,synthetic
100.0,cnn,detection,319.51810225535377,640,fp32,1,gpu,9.0,300.0,8.0,consumer_low,tensorrt,1600.590511276769,4.700831081383075,1795.3401746355635,1.0,synthetic
68.0,hybrid,detection,202.1377873300736,640,int8,1,gpu,65.0,300.0,8.0,consumer_flagship,tflite,1013.688936650368,4.336023994682467,1503.8344840348382,1.0,synthetic
5.0,hybrid,classification,1.7947471205446741,224,fp16,1,cpu,0.15,300.0,8.0,cpu_1thread,coreml,11.973735602723371,3.207365534836909,15.97084256949331,1.0,synthetic
150.0,transformer,segmentation,462.85449425263977,768,fp16,1,cpu,1.0,300.0,8.0,cpu_modern_mt,tensorrt,2317.272471263199,3.034948537087635,3611.070643498505,1.0,synthetic
44.0,transformer,segmentation,122.17687452270096,768,fp32,1,cpu,1.0,300.0,8.0,cpu_modern_mt,onnxruntime,613.8843726135048,2.773392986492378,761.9524787096383,1.0,synthetic
11.0,transformer,segmentation,25.6839087365276,512,int8,1,gpu,45.0,300.0,8.0,consumer_high,onnxruntime,131.419543682638,4.04982983126717,138.78525586803653,1.0,synthetic
150.0,hybrid,segmentation,354.0324045567023,768,fp16,1,gpu,700.0,300.0,8.0,datacenter,onnxruntime,1773.1620227835115,3.796170023170191,3065.066501677062,1.0,synthetic
5.0,hybrid,segmentation,12.708454978456185,768,fp16,1,gpu,9.0,300.0,8.0,consumer_low,onnxruntime,66.54227489228093,4.146352890947371,41.216635959166744,1.0,synthetic
100.0,hybrid,classification,39.283011126232516,256,fp32,1,gpu,25.0,300.0,8.0,consumer_mid,coreml,199.41505563116257,2.779749421573171,249.00636489758102,1.0,synthetic
11.0,transformer,segmentation,26.319099204748547,768,fp16,1,gpu,45.0,300.0,8.0,consumer_high,onnxruntime,134.59549602374273,4.11229905319235,197.1557731546925,1.0,synthetic
11.0,hybrid,detection,37.77239494724378,832,fp32,1,cpu,1.0,300.0,8.0,cpu_modern_mt,tensorrt,191.8619747362189,3.1784231508576166,262.77501810188534,1.0,synthetic
25.0,hybrid,segmentation,62.26619553449564,512,fp32,1,gpu,700.0,300.0,8.0,datacenter,coreml,314.3309776724782,4.077732138190717,256.9931311489378,1.0,synthetic
44.0,hybrid,segmentation,95.78431884609304,768,fp16,1,cpu,0.6,300.0,8.0,cpu_4thread,pytorch,4388.853371266453,4.813376860360345,3800.6632094142633,1.0,synthetic
44.0,transformer,segmentation,129.34916525600562,768,fp32,1,gpu,150.0,300.0,8.0,datacenter_low,coreml,649.745826280028,2.474183900874948,907.9201170439358,1.0,synthetic
25.0,hybrid,detection,64.69253742746355,640,fp32,1,gpu,45.0,300.0,8.0,consumer_high,pytorch,326.46268713731774,4.35467418399155,298.9023998655001,1.0,synthetic
68.0,hybrid,detection,180.5903002416536,416,int8,1,gpu,9.0,300.0,8.0,consumer_low,coreml,905.951501208268,4.021596181759064,709.3794706832052,1.0,synthetic
68.0,transformer,classification,19.451453802667192,256,fp32,1,cpu,0.6,300.0,8.0,cpu_4thread,pytorch,900.4414387818907,4.513477159770803,1149.131893268904,1.0,synthetic
25.0,hybrid,segmentation,56.41022641882088,512,fp16,1,gpu,9.0,300.0,8.0,consumer_low,pytorch,285.05113209410445,2.205359508278128,210.29206183509802,1.0,synthetic
44.0,cnn,detection,139.7577239759019,640,fp32,1,cpu,0.6,300.0,8.0,cpu_4thread,tensorrt,701.7886198795095,2.5078586308183684,872.6319852798545,1.0,synthetic
25.0,cnn,detection,87.34220762644959,640,fp32,1,gpu,25.0,300.0,8.0,consumer_mid,pytorch,372.6233518997263,3.7023177537934187,300.139194778237,1.0,synthetic
25.0,cnn,segmentation,59.4091752170101,512,fp16,1,gpu,9.0,300.0,8.0,consumer_low,tflite,300.0458760850505,3.133964348629885,209.25472999311214,1.0,synthetic
150.0,cnn,classification,59.128057191848114,256,fp16,1,gpu,700.0,300.0,8.0,datacenter,tensorrt,298.6402859592406,3.6279778464097023,235.02644477909624,1.0,synthetic
25.0,hybrid,classification,8.303482936612525,224,int8,1,cpu,0.15,300.0,8.0,cpu_1thread,pytorch,1485.3295648678713,4.369735100668415,862.3864793029262,1.0,synthetic
150.0,cnn,classification,42.82570924103794,256,fp32,1,gpu,25.0,300.0,8.0,consumer_mid,tflite,217.1285462051897,3.942735472420577,120.09549479884463,1.0,synthetic
5.0,hybrid,segmentation,15.42463650986646,768,int8,1,gpu,65.0,300.0,8.0,consumer_flagship,pytorch,7.773924999803669,1.7655631099432936,5.515680929064483,1.0,synthetic
25.0,cnn,detection,95.58005910213507,640,fp32,1,cpu,1.0,300.0,8.0,cpu_modern_mt,onnxruntime,480.90029551067533,2.9490017275656566,432.06753482536953,1.0,synthetic
150.0,hybrid,segmentation,327.14044443340697,768,fp16,1,gpu,700.0,300.0,8.0,datacenter,onnxruntime,1638.702222167035,3.2979803230721503,1164.7947581410056,1.0,synthetic
150.0,hybrid,detection,448.91822815863605,640,fp16,1,cpu,1.0,300.0,8.0,cpu_modern_mt,pytorch,2247.5911407931803,4.659308166066172,2010.1181184139505,1.0,synthetic
44.0,hybrid,segmentation,105.34175608479221,768,int8,1,gpu,45.0,300.0,8.0,consumer_high,tflite,529.708780423961,4.141866269726155,430.7974206337523,1.0,synthetic
11.0,cnn,detection,36.7776228815812,640,int8,1,gpu,25.0,300.0,8.0,consumer_mid,tensorrt,186.88811440790602,3.107044098037836,118.88295172462742,1.0,synthetic
100.0,hybrid,detection,331.78972332429345,640,int8,1,gpu,700.0,300.0,8.0,datacenter,tensorrt,1661.9486166214672,3.0522596442480654,1464.871074280445,1.0,synthetic
150.0,transformer,detection,425.2601152462525,832,int8,1,gpu,65.0,300.0,8.0,consumer_flagship,tensorrt,2129.3005762312623,3.4712310834104154,3931.773901786257,1.0,synthetic
25.0,cnn,segmentation,74.68672947730705,512,fp32,1,cpu,1.0,300.0,8.0,cpu_modern_mt,tflite,376.43364738653526,3.6408045573446324,281.0076758405267,1.0,synthetic
150.0,cnn,classification,52.09640977693138,224,fp32,1,gpu,45.0,300.0,8.0,consumer_high,pytorch,263.48204888465693,2.334649722040572,279.326023092303,1.0,synthetic
100.0,transformer,detection,278.7461710331922,416,int8,1,cpu,1.0,300.0,8.0,cpu_modern_mt,onnxruntime,1396.730855165961,4.361368588818326,1563.6066343438144,1.0,synthetic
100.0,cnn,classification,39.701918496519355,224,fp16,1,cpu,0.6,300.0,8.0,cpu_4thread,tensorrt,201.50959248259676,3.8957988885543338,384.31364089916553,1.0,synthetic
25.0,cnn,classification,8.536905209989238,256,fp16,1,cpu,0.6,300.0,8.0,cpu_4thread,pytorch,401.6465680965082,4.040597370451712,686.3280171476293,1.0,synthetic
100.0,hybrid,classification,29.51873760592982,256,int8,1,gpu,700.0,300.0,8.0,datacenter,onnxruntime,150.59368802964912,2.4828664623701875,97.42959034356238,1.0,synthetic
25.0,transformer,detection,77.09897484252623,832,int8,1,cpu,0.6,300.0,8.0,cpu_4thread,coreml,388.49487421263115,3.9847302217221756,530.2040328413159,1.0,synthetic
68.0,hybrid,detection,229.23809606754762,832,fp16,1,gpu,65.0,300.0,8.0,consumer_flagship,onnxruntime,1149.190480337738,4.441244886702643,1786.1966787550764,1.0,synthetic
44.0,cnn,segmentation,92.7227911821689,768,int8,1,gpu,150.0,300.0,8.0,datacenter_low,tflite,466.61395591084454,3.351863143790827,295.48472223953564,1.0,synthetic
11.0,transformer,segmentation,31.55787181366009,512,fp32,1,gpu,25.0,300.0,8.0,consumer_mid,tensorrt,160.78935906830046,3.550029177816026,297.5392713715208,1.0,synthetic
11.0,hybrid,segmentation,34.22704479116564,768,fp16,1,gpu,700.0,300.0,8.0,datacenter,onnxruntime,174.1352239558282,2.163864609467115,210.04425696823992,1.0,synthetic
150.0,cnn,segmentation,388.6029921964909,512,int8,1,cpu,0.6,300.0,8.0,cpu_4thread,coreml,1946.0149609824546,4.891061497869953,1412.5047085710078,1.0,synthetic
11.0,cnn,segmentation,33.71127504573582,512,fp32,1,cpu,0.6,300.0,8.0,cpu_4thread,onnxruntime,171.5563752286791,3.0083289386618115,153.87080776551272,1.0,synthetic
100.0,cnn,segmentation,274.53376205191864,768,int8,1,cpu,1.0,300.0,8.0,cpu_modern_mt,pytorch,1375.668810259593,3.8823368294508267,2056.776372715164,1.0,synthetic
5.0,hybrid,detection,12.801615708739599,416,int8,1,cpu,0.15,300.0,8.0,cpu_1thread,onnxruntime,39.80292883159709,2.144761578414608,41.55248895790156,1.0,synthetic
11.0,transformer,detection,38.675621547849346,416,int8,1,gpu,65.0,300.0,8.0,consumer_flagship,coreml,196.37810773924673,4.725338617071205,259.44517649009873,1.0,synthetic
68.0,cnn,detection,219.68127234035077,416,fp16,1,gpu,150.0,300.0,8.0,datacenter_low,tflite,1101.406361701754,3.8239646935896126,1108.8332653881557,1.0,synthetic
100.0,cnn,segmentation,311.6382954801659,768,fp32,1,gpu,700.0,300.0,8.0,datacenter,onnxruntime,1561.1914774008294,2.548321707990489,1142.3195279190263,1.0,synthetic
25.0,transformer,detection,92.66774205305177,640,int8,1,gpu,45.0,300.0,8.0,consumer_high,tensorrt,466.33871026525884,4.233465169847799,325.894806286397,1.0,synthetic
44.0,transformer,segmentation,96.35421676430228,512,fp16,1,gpu,700.0,300.0,8.0,datacenter,onnxruntime,484.7710838215114,3.628839753715524,862.5888278166659,1.0,synthetic
68.0,cnn,detection,232.10499541446512,416,int8,1,cpu,0.15,300.0,8.0,cpu_1thread,tflite,1163.5249770723256,4.4536221907714175,1180.3948331223407,1.0,synthetic
11.0,hybrid,segmentation,27.162416000264646,512,fp16,1,gpu,65.0,300.0,8.0,consumer_flagship,pytorch,11.406767752081908,2.8126581650791245,10.605237621766994,1.0,synthetic
44.0,hybrid,classification,12.587009018752326,224,int8,1,gpu,700.0,300.0,8.0,datacenter,tflite,65.93504509376163,3.093280434005753,71.09613154678858,1.0,synthetic
100.0,transformer,classification,33.31873362753768,224,fp32,1,cpu,1.0,300.0,8.0,cpu_modern_mt,tflite,169.5936681376884,3.310167674467,200.23707665466125,1.0,synthetic
68.0,hybrid,segmentation,187.55750056827148,512,fp32,1,gpu,9.0,300.0,8.0,consumer_low,tensorrt,940.7875028413574,2.1583500515470737,1310.070170066802,1.0,synthetic
68.0,cnn,classification,20.75618502289494,384,int8,1,cpu,1.0,300.0,8.0,cpu_modern_mt,onnxruntime,106.7809251144747,4.322403976122281,165.65421013585222,1.0,synthetic
100.0,cnn,classification,33.641996626750434,256,fp16,1,gpu,65.0,300.0,8.0,consumer_flagship,coreml,171.20998313375216,4.167662289848469,253.97220825107237,1.0,synthetic
11.0,transformer,segmentation,30.704735004488573,512,fp32,1,cpu,0.6,300.0,8.0,cpu_4thread,onnxruntime,156.52367502244286,4.995943654802662,299.88989489144967,1.0,synthetic
100.0,transformer,segmentation,228.92315078533179,512,int8,1,gpu,45.0,300.0,8.0,consumer_high,coreml,1147.615753926659,3.5696540599018767,1596.613920468174,1.0,synthetic
25.0,hybrid,detection,75.07792984683644,640,fp16,1,gpu,9.0,300.0,8.0,consumer_low,pytorch,378.38964923418223,2.1428371352824644,236.4848229856204,1.0,synthetic
44.0,hybrid,segmentation,117.72059517035825,768,fp32,1,gpu,150.0,300.0,8.0,datacenter_low,onnxruntime,591.6029758517913,3.0075629475824965,619.1024587960643,1.0,synthetic
5.0,cnn,detection,13.964424971189976,832,fp16,1,gpu,65.0,300.0,8.0,consumer_flagship,tensorrt,72.82212485594988,4.85132670227031,65.81657171921445,1.0,synthetic
68.0,transformer,segmentation,182.53878054690898,512,fp32,1,gpu,25.0,300.0,8.0,consumer_mid,tflite,915.693902734545,4.444306044041074,880.2189538587826,1.0,synthetic
68.0,cnn,classification,23.06808524065439,224,fp16,1,gpu,150.0,300.0,8.0,datacenter_low,pytorch,21.209372029615114,3.721835966602008,20.967457827681024,1.0,synthetic
11.0,transformer,classification,3.837362729296491,384,int8,1,cpu,1.0,300.0,8.0,cpu_modern_mt,tflite,22.186813646482456,4.199834887602955,29.27826342521506,1.0,synthetic
5.0,hybrid,detection,16.4265988966532,416,fp16,1,gpu,700.0,300.0,8.0,datacenter,tensorrt,85.132994483266,3.8183731666489336,69.13299257067534,1.0,synthetic
68.0,hybrid,segmentation,176.0348068806064,512,fp32,1,cpu,1.0,300.0,8.0,cpu_modern_mt,onnxruntime,883.174034403032,2.287927090088339,772.30317923395,1.0,synthetic
11.0,cnn,segmentation,27.40586380867499,768,fp16,1,cpu,0.15,300.0,8.0,cpu_1thread,pytorch,4894.340455296138,2.228303167500087,7230.812902664358,1.0,synthetic
5.0,cnn,classification,1.6439467437722022,224,fp16,1,gpu,700.0,300.0,8.0,datacenter,coreml,11.219733718861011,4.467968368131157,11.419420639087095,1.0,synthetic
44.0,hybrid,segmentation,121.19187911786744,768,fp16,1,gpu,150.0,300.0,8.0,datacenter_low,onnxruntime,608.9593955893372,3.479880741688077,771.3769956786565,1.0,synthetic
25.0,hybrid,segmentation,64.95714917407197,512,fp32,1,gpu,45.0,300.0,8.0,consumer_high,coreml,327.78574587035985,4.929762017601153,283.88239431981367,1.0,synthetic
11.0,cnn,classification,4.5385594149840225,224,fp16,1,gpu,65.0,300.0,8.0,consumer_flagship,tensorrt,25.69279707492011,2.9770001968342816,19.347632696147496,1.0,synthetic
5.0,hybrid,detection,12.995092865992884,832,int8,1,gpu,9.0,300.0,8.0,consumer_low,tensorrt,67.97546432996442,1.0311518300655869,60.794933747931324,1.0,synthetic
25.0,cnn,detection,76.65670836004541,416,fp32,1,cpu,0.6,300.0,8.0,cpu_4thread,coreml,386.28354180022706,2.0178004902381694,895.0098719597681,1.0,synthetic
100.0,cnn,classification,31.01701618167272,384,fp32,1,cpu,0.6,300.0,8.0,cpu_4thread,coreml,158.0850809083636,2.0743223808031512,183.19348988136952,1.0,synthetic
5.0,cnn,segmentation,14.323605570016015,768,fp32,1,gpu,45.0,300.0,8.0,consumer_high,tflite,74.61802785008008,2.473160951249749,51.47464314828101,1.0,synthetic
68.0,hybrid,segmentation,185.82561884927833,512,fp32,1,gpu,25.0,300.0,8.0,consumer_mid,coreml,932.1280942463916,4.70251094084697,1134.7191620105534,1.0,synthetic
44.0,hybrid,classification,16.74509894851259,256,fp32,1,gpu,9.0,300.0,8.0,consumer_low,onnxruntime,86.72549474256296,2.9322850861172642,117.9309430664291,1.0,synthetic
5.0,hybrid,classification,2.099404696745061,224,fp16,1,gpu,150.0,300.0,8.0,datacenter_low,pytorch,3.2937313728989803,4.246517565385553,1.9334759665297032,1.0,synthetic
5.0,cnn,segmentation,13.59478452673512,512,fp32,1,cpu,1.0,300.0,8.0,cpu_modern_mt,pytorch,70.9739226336756,3.0248481874020046,125.03810069615413,1.0,synthetic
150.0,transformer,detection,389.54204917594194,832,fp32,1,gpu,150.0,300.0,8.0,datacenter_low,pytorch,334.3247268159248,3.1852655670698984,231.4334822866954,1.0,synthetic
100.0,hybrid,segmentation,304.7700052363062,512,fp32,1,cpu,0.6,300.0,8.0,cpu_4thread,pytorch,13939.499239299194,4.654980840185077,11247.078552900317,1.0,synthetic
11.0,cnn,detection,31.945757878728532,416,fp32,1,gpu,65.0,300.0,8.0,consumer_flagship,pytorch,12.88721206346648,2.7313084792481823,13.75480776395815,1.0,synthetic
100.0,cnn,detection,294.02764400388105,640,int8,1,cpu,0.15,300.0,8.0,cpu_1thread,coreml,1473.1382200194053,3.4742412638686453,2185.898669256129,1.0,synthetic
68.0,cnn,classification,25.870950940640203,384,int8,1,gpu,150.0,300.0,8.0,datacenter_low,onnxruntime,132.35475470320102,2.949613194004877,261.71186256865263,1.0,synthetic
11.0,hybrid,detection,39.171468463739835,640,fp16,1,cpu,0.15,300.0,8.0,cpu_1thread,tensorrt,198.85734231869918,3.9914303157508484,231.60688693563958,1.0,synthetic
100.0,cnn,segmentation,279.05366419294904,512,fp16,1,gpu,9.0,300.0,8.0,consumer_low,tensorrt,1398.2683209647453,3.44466019138178,1173.620866198429,1.0,synthetic
150.0,cnn,classification,56.00703218629816,256,fp32,1,gpu,700.0,300.0,8.0,datacenter,pytorch,283.0351609314908,2.2287546930387605,454.53787515844243,1.0,synthetic
150.0,cnn,detection,560.7868443114854,832,int8,1,cpu,0.6,300.0,8.0,cpu_4thread,tflite,2806.934221557427,4.920822946402096,3267.52357657032,1.0,synthetic
150.0,transformer,classification,54.72495363316193,224,int8,1,gpu,700.0,300.0,8.0,datacenter,tensorrt,276.62476816580966,2.9850720569816165,460.386294967552,1.0,synthetic
25.0,hybrid,classification,8.726425519367872,256,fp32,1,cpu,1.0,300.0,8.0,cpu_modern_mt,pytorch,46.63212759683936,4.748453080443204,44.822431736933694,1.0,synthetic
25.0,transformer,segmentation,76.84704105627986,768,fp32,1,gpu,9.0,300.0,8.0,consumer_low,pytorch,387.2352052813993,2.6974071206502903,370.5238646196542,1.0,synthetic
68.0,hybrid,segmentation,162.49083385932113,768,fp32,1,gpu,9.0,300.0,8.0,consumer_low,coreml,815.4541692966056,3.3239333371653808,882.76038521505,1.0,synthetic
11.0,cnn,classification,3.5638178156996236,256,fp32,1,gpu,150.0,300.0,8.0,datacenter_low,onnxruntime,20.819089078498116,4.287577031281928,31.88781745973415,1.0,synthetic
25.0,transformer,classification,9.57445369393771,384,fp16,1,gpu,25.0,300.0,8.0,consumer_mid,coreml,50.87226846968855,4.443270701237456,32.61467238811536,1.0,synthetic
150.0,transformer,detection,390.17940541735726,416,fp32,1,gpu,45.0,300.0,8.0,consumer_high,pytorch,1953.8970270867862,2.1577605806431315,4078.3167419955876,1.0,synthetic
150.0,hybrid,classification,47.36158982459669,224,fp32,1,gpu,25.0,300.0,8.0,consumer_mid,onnxruntime,239.80794912298347,3.915062914656433,327.45313529002,1.0,synthetic
5.0,transformer,classification,2.001427323077473,256,int8,1,gpu,150.0,300.0,8.0,datacenter_low,onnxruntime,13.007136615387363,1.8182113491072962,13.010482484746868,1.0,synthetic
44.0,hybrid,classification,17.45158572738498,256,fp32,1,gpu,150.0,300.0,8.0,datacenter_low,onnxruntime,90.2579286369249,3.612873802242064,116.55127433364223,1.0,synthetic
100.0,hybrid,detection,322.1578912687766,416,fp16,1,cpu,0.15,300.0,8.0,cpu_1thread,tflite,1613.789456343883,4.7272175790838835,1648.4620864083806,1.0,synthetic
11.0,cnn,detection,31.23291853131865,416,fp16,1,cpu,0.15,300.0,8.0,cpu_1thread,coreml,159.16459265659324,3.5731264599660704,163.96276002399483,1.0,synthetic
25.0,transformer,detection,90.95910811498746,416,int8,1,cpu,0.6,300.0,8.0,cpu_4thread,pytorch,4168.3412408549275,2.548920150244608,4411.750711431088,1.0,synthetic
150.0,hybrid,segmentation,438.06652577771007,768,fp32,1,gpu,9.0,300.0,8.0,consumer_low,onnxruntime,2193.3326288885505,3.8360028126706043,2035.063934397507,1.0,synthetic
68.0,cnn,classification,20.879606638935936,256,fp16,1,cpu,0.15,300.0,8.0,cpu_1thread,tflite,107.39803319467968,3.901558702650627,194.48542226060303,1.0,synthetic
150.0,transformer,detection,466.03146167648725,640,int8,1,gpu,150.0,300.0,8.0,datacenter_low,pytorch,399.6772808563907,4.698099586762781,366.3811568631961,1.0,synthetic
100.0,hybrid,detection,322.4657170544441,640,fp16,1,gpu,45.0,300.0,8.0,consumer_high,tensorrt,1615.3285852722206,4.766361169392911,1298.0311906321806,1.0,synthetic
25.0,cnn,classification,7.619907990374306,256,fp32,1,gpu,65.0,300.0,8.0,consumer_flagship,onnxruntime,41.09953995187153,3.5850340803096628,41.22018643015849,1.0,synthetic
5.0,transformer,detection,17.942832648961986,416,fp32,1,gpu,25.0,300.0,8.0,consumer_mid,coreml,92.71416324480992,2.7220547276700224,96.78402062447971,1.0,synthetic
5.0,hybrid,classification,1.9317864984599384,224,fp32,1,cpu,0.15,300.0,8.0,cpu_1thread,pytorch,348.2366185151606,3.6930235036194516,222.80656947545097,1.0,synthetic
5.0,cnn,segmentation,14.851074474054746,768,fp16,1,gpu,65.0,300.0,8.0,consumer_flagship,tensorrt,77.25537237027373,4.176173738476834,84.30845825399211,1.0,synthetic
44.0,cnn,detection,143.57207602562818,832,fp32,1,cpu,0.6,300.0,8.0,cpu_4thread,coreml,720.8603801281408,3.1532861992021486,908.875405125881,1.0,synthetic
150.0,cnn,segmentation,413.1063959912502,768,fp16,1,cpu,0.15,300.0,8.0,cpu_1thread,pytorch,73726.45742859853,2.943230079121386,70045.7165588171,1.0,synthetic
150.0,cnn,segmentation,372.59616241420156,512,fp16,1,cpu,1.0,300.0,8.0,cpu_modern_mt,pytorch,1865.9808120710077,3.306192890634799,2398.2691354980634,1.0,synthetic
68.0,cnn,classification,19.740300995867855,224,fp16,1,gpu,150.0,300.0,8.0,datacenter_low,tflite,101.70150497933928,3.765331482921569,30.043945446891342,1.0,synthetic
44.0,cnn,classification,14.5549713877034,384,fp32,1,cpu,0.6,300.0,8.0,cpu_4thread,tensorrt,75.774856938517,3.8393227878667693,54.24981808132849,1.0,synthetic
25.0,transformer,classification,10.073757085959711,384,fp16,1,cpu,0.6,300.0,8.0,cpu_4thread,tflite,53.36878542979856,2.1277728619109393,54.99430282008746,1.0,synthetic
11.0,transformer,classification,4.572623435791347,224,int8,1,gpu,25.0,300.0,8.0,consumer_mid,onnxruntime,25.863117178956735,4.117586182688768,30.455297690996282,1.0,synthetic
44.0,hybrid,classification,14.389536075090497,224,fp16,1,cpu,0.15,300.0,8.0,cpu_1thread,coreml,74.94768037545248,4.099878238141512,77.06865604858555,1.0,synthetic
44.0,transformer,segmentation,129.41424538411775,768,int8,1,gpu,700.0,300.0,8.0,datacenter,tflite,650.0712269205887,4.374623018999601,856.078192066434,1.0,synthetic
11.0,cnn,detection,40.587087182102096,416,int8,1,gpu,25.0,300.0,8.0,consumer_mid,pytorch,175.8310499494677,4.851006400005172,172.54024516840843,1.0,synthetic
150.0,hybrid,classification,57.18908891519914,224,int8,1,gpu,45.0,300.0,8.0,consumer_high,tflite,288.94544457599574,2.2120045709242353,333.9946307786061,1.0,synthetic
150.0,transformer,detection,514.9023592727704,640,fp16,1,cpu,1.0,300.0,8.0,cpu_modern_mt,tflite,2577.5117963638518,3.118796397410276,3094.848429264506,1.0,synthetic
68.0,transformer,classification,24.6083574825877,224,int8,1,cpu,1.0,300.0,8.0,cpu_modern_mt,onnxruntime,126.0417874129385,2.0365626530352277,137.10725530613917,1.0,synthetic
5.0,transformer,segmentation,12.126791259342946,512,fp32,1,cpu,1.0,300.0,8.0,cpu_modern_mt,tensorrt,63.63395629671473,4.45234295152086,64.32918414786702,1.0,synthetic
5.0,transformer,detection,14.121233229626041,640,fp16,1,gpu,65.0,300.0,8.0,consumer_flagship,coreml,73.6061661481302,3.5823231366733355,59.21991714302656,1.0,synthetic
5.0,cnn,classification,1.542806045557537,256,int8,1,cpu,0.15,300.0,8.0,cpu_1thread,tflite,10.714030227787685,1.1187229314245914,10.812317435188877,1.0,synthetic
5.0,transformer,classification,1.8111482417965923,224,int8,1,gpu,150.0,300.0,8.0,datacenter_low,tensorrt,1.452152279019081,1.0470061910150894,1.0597806077507317,1.0,synthetic
5.0,hybrid,segmentation,10.954917853715553,768,int8,1,gpu,9.0,300.0,8.0,consumer_low,pytorch,57.77458926857777,1.043480395140637,111.6974820000264,1.0,synthetic
100.0,hybrid,classification,36.02727503202182,224,fp16,1,gpu,45.0,300.0,8.0,consumer_high,onnxruntime,183.13637516010908,4.515507575970911,262.64966846051425,1.0,synthetic
68.0,hybrid,detection,236.9504000716658,832,fp32,1,cpu,0.15,300.0,8.0,cpu_1thread,coreml,1187.752000358329,4.01675750022264,1282.0011072369641,1.0,synthetic
150.0,hybrid,segmentation,317.80806747335754,768,fp16,1,gpu,25.0,300.0,8.0,consumer_mid,coreml,1592.0403373667878,4.566043006050868,1174.0650910938377,1.0,synthetic
11.0,hybrid,detection,40.92024495384081,832,fp32,1,gpu,700.0,300.0,8.0,datacenter,onnxruntime,207.60122476920404,4.23489559538268,226.49017266086736,1.0,synthetic
100.0,transformer,segmentation,273.8769312533239,512,fp16,1,gpu,150.0,300.0,8.0,datacenter_low,tflite,1372.3846562666195,4.0358810149647555,1507.6600257639147,1.0,synthetic
5.0,transformer,segmentation,14.593255525341911,768,fp16,1,gpu,700.0,300.0,8.0,datacenter,pytorch,75.96627762670956,3.127883306484062,52.09027801999657,1.0,synthetic
25.0,transformer,classification,10.139701139303023,224,fp16,1,cpu,1.0,300.0,8.0,cpu_modern_mt,tflite,53.69850569651511,2.0513662573914857,76.65295411987846,1.0,synthetic
150.0,cnn,classification,56.67523220612993,224,fp16,1,gpu,25.0,300.0,8.0,consumer_mid,tflite,286.37616103064966,4.981735964695346,288.94255718316725,1.0,synthetic
100.0,hybrid,classification,37.62562867739663,384,int8,1,cpu,1.0,300.0,8.0,cpu_modern_mt,coreml,191.12814338698314,2.1030890876505834,194.9256886886397,1.0,synthetic
5.0,hybrid,segmentation,14.700451384564003,768,fp32,1,gpu,25.0,300.0,8.0,consumer_mid,pytorch,66.87419987762988,2.936275747721246,58.642901918553065,1.0,synthetic
150.0,transformer,classification,47.63963623040327,384,fp32,1,gpu,25.0,300.0,8.0,consumer_mid,pytorch,205.51522889376733,3.294217111009356,121.64534178943677,1.0,synthetic
68.0,cnn,detection,207.04652607227627,640,int8,1,gpu,9.0,300.0,8.0,consumer_low,onnxruntime,1038.2326303613813,2.8912659595617223,1462.108684451615,1.0,synthetic
5.0,transformer,classification,1.5496048069754123,224,int8,1,cpu,0.6,300.0,8.0,cpu_4thread,pytorch,82.32693967877636,2.000342906305513,95.2470355853402,1.0,synthetic
150.0,hybrid,classification,56.07672138244641,224,fp32,1,gpu,25.0,300.0,8.0,consumer_mid,tensorrt,283.38360691223204,3.8639062675162967,289.38786449713496,1.0,synthetic
150.0,hybrid,segmentation,326.2539447275807,768,fp32,1,gpu,700.0,300.0,8.0,datacenter,pytorch,1634.2697236379036,3.297844798616137,2324.8031304424403,1.0,synthetic
100.0,cnn,detection,285.09470812653103,832,int8,1,cpu,0.6,300.0,8.0,cpu_4thread,coreml,1428.4735406326552,4.437367851209337,1440.556331623145,1.0,synthetic
5.0,hybrid,segmentation,14.267660836753253,512,int8,1,gpu,25.0,300.0,8.0,consumer_mid,tflite,74.33830418376627,1.8864999386289305,44.840362557719295,1.0,synthetic
11.0,hybrid,detection,35.75500815396882,416,fp32,1,gpu,25.0,300.0,8.0,consumer_mid,tflite,181.77504076984408,3.6805776627027,205.98105274659835,1.0,synthetic
100.0,hybrid,segmentation,234.4125054244711,512,int8,1,gpu,45.0,300.0,8.0,consumer_high,tflite,1175.0625271223555,2.690272376120119,1152.6878749934583,1.0,synthetic
5.0,transformer,detection,16.71265939696091,832,fp32,1,gpu,700.0,300.0,8.0,datacenter,pytorch,86.56329698480454,4.490196116587338,80.54771223292718,1.0,synthetic
5.0,hybrid,detection,17.30638306708758,640,fp16,1,cpu,0.15,300.0,8.0,cpu_1thread,tensorrt,89.5319153354379,3.9854878690343103,89.83143192104829,1.0,synthetic
150.0,cnn,segmentation,322.7297826008348,512,fp32,1,gpu,150.0,300.0,8.0,datacenter_low,tflite,1616.6489130041741,4.587767724024092,1920.2897368095407,1.0,synthetic
44.0,hybrid,detection,128.72177826081213,416,int8,1,cpu,0.6,300.0,8.0,cpu_4thread,pytorch,5894.095266519115,2.471176652297416,5581.275182729813,1.0,synthetic
100.0,transformer,segmentation,254.70514754553201,768,fp32,1,cpu,1.0,300.0,8.0,cpu_modern_mt,coreml,1276.52573772766,4.899304430252959,1927.1742657407349,1.0,synthetic
11.0,hybrid,segmentation,27.032736587800503,768,int8,1,gpu,65.0,300.0,8.0,consumer_flagship,tflite,138.1636829390025,2.186672517956726,99.73848329755097,1.0,synthetic
5.0,hybrid,segmentation,15.067592843380403,768,fp32,1,gpu,150.0,300.0,8.0,datacenter_low,coreml,78.33796421690201,2.598979059946935,89.80088368246815,1.0,synthetic
5.0,hybrid,classification,1.4284898566776654,256,fp32,1,gpu,45.0,300.0,8.0,consumer_high,coreml,10.142449283388327,3.464629934829476,10.671904683698816,1.0,synthetic
44.0,transformer,classification,15.09584023375197,224,fp16,1,gpu,65.0,300.0,8.0,consumer_flagship,coreml,78.47920116875984,4.467751196484297,85.77441263354062,1.0,synthetic
25.0,transformer,classification,9.315537074814575,384,int8,1,gpu,9.0,300.0,8.0,consumer_low,coreml,49.57768537407287,2.4885748749134833,47.98137325298098,1.0,synthetic
100.0,transformer,classification,38.28052771505934,256,fp16,1,gpu,700.0,300.0,8.0,datacenter,pytorch,194.40263857529672,4.774357729142041,165.40229685893118,1.0,synthetic
100.0,hybrid,segmentation,225.3656997518171,768,fp32,1,gpu,150.0,300.0,8.0,datacenter_low,tensorrt,48.6221626476334,2.802012687234993,79.32168678980773,1.0,synthetic
100.0,transformer,segmentation,214.57533128206592,768,int8,1,cpu,0.15,300.0,8.0,cpu_1thread,tflite,1075.8766564103296,2.944820917043748,1253.699297065855,1.0,synthetic
100.0,cnn,segmentation,225.03662101380883,768,int8,1,gpu,65.0,300.0,8.0,consumer_flagship,tflite,1128.1831050690441,2.120443310086221,1635.216088696127,1.0,synthetic
68.0,transformer,detection,188.59353429320157,640,fp32,1,cpu,0.15,300.0,8.0,cpu_1thread,pytorch,33659.892129964755,2.7769465322959004,20803.442100863937,1.0,synthetic
68.0,cnn,classification,27.375487010676636,256,fp32,1,gpu,150.0,300.0,8.0,datacenter_low,tflite,139.87743505338318,3.545413020383302,127.97756909741383,1.0,synthetic
68.0,transformer,classification,25.982478784182508,224,int8,1,cpu,1.0,300.0,8.0,cpu_modern_mt,tflite,132.91239392091254,3.4375080421863253,128.89659520616698,1.0,synthetic
11.0,hybrid,segmentation,25.012608823604516,512,int8,1,gpu,25.0,300.0,8.0,consumer_mid,coreml,128.0630441180226,2.360574624336616,115.22443211321551,1.0,synthetic
44.0,hybrid,detection,161.65550880511114,832,int8,1,gpu,9.0,300.0,8.0,consumer_low,coreml,811.2775440255557,2.2494851993973946,903.364570009641,1.0,synthetic
44.0,cnn,segmentation,120.97302922293052,512,fp16,1,gpu,9.0,300.0,8.0,consumer_low,tflite,607.8651461146526,4.9166641129010165,586.710863146241,1.0,synthetic
44.0,hybrid,classification,18.345857798461264,384,int8,1,gpu,150.0,300.0,8.0,datacenter_low,pytorch,17.174700903005302,2.6062529449323164,11.8226902098675,1.0,synthetic
150.0,hybrid,classification,60.68162929761229,224,fp32,1,gpu,65.0,300.0,8.0,consumer_flagship,tensorrt,306.40814648806145,4.735049012989208,296.7990818384017,1.0,synthetic
68.0,cnn,classification,24.827014209676236,384,fp32,1,cpu,0.6,300.0,8.0,cpu_4thread,tensorrt,127.13507104838118,3.985464793967321,160.30853267785727,1.0,synthetic
44.0,hybrid,classification,17.416026042011143,224,fp32,1,cpu,1.0,300.0,8.0,cpu_modern_mt,onnxruntime,90.08013021005571,4.056219869120963,116.50230048189952,1.0,synthetic
5.0,transformer,segmentation,13.176811989886996,768,fp32,1,gpu,150.0,300.0,8.0,datacenter_low,onnxruntime,68.88405994943498,3.420313603514823,87.13954070463286,1.0,synthetic
68.0,transformer,detection,199.73866817601365,832,fp32,1,cpu,0.15,300.0,8.0,cpu_1thread,tflite,1001.6933408800683,4.405838827225326,777.3549665277301,1.0,synthetic
11.0,cnn,segmentation,30.850403588038645,768,fp16,1,gpu,45.0,300.0,8.0,consumer_high,tensorrt,157.25201794019324,4.710748955904926,108.0622537973468,1.0,synthetic
5.0,transformer,classification,1.4696495899796311,384,fp32,1,gpu,150.0,300.0,8.0,datacenter_low,tflite,10.348247949898155,3.9684854193346317,12.879588954338056,1.0,synthetic
150.0,cnn,segmentation,435.4093725583727,512,int8,1,gpu,45.0,300.0,8.0,consumer_high,tensorrt,2180.0468627918635,4.552192053758112,2469.6193421103408,1.0,synthetic
44.0,hybrid,classification,14.134848726059005,256,fp32,1,gpu,25.0,300.0,8.0,consumer_mid,tflite,73.67424363029502,2.022623278147996,70.79653647295949,1.0,synthetic
150.0,cnn,segmentation,358.2785194744175,512,int8,1,gpu,150.0,300.0,8.0,datacenter_low,tensorrt,76.66676760910208,4.901363534764243,91.32936992687388,1.0,synthetic
100.0,hybrid,segmentation,215.3257585409071,512,int8,1,gpu,700.0,300.0,8.0,datacenter,coreml,1079.6287927045355,3.41388448559995,978.7061424914579,1.0,synthetic
150.0,transformer,detection,489.2797437177208,832,fp32,1,cpu,0.15,300.0,8.0,cpu_1thread,pytorch,87320.35306386446,2.951247252178852,81446.32376538706,1.0,synthetic
25.0,transformer,classification,8.876197240144807,256,int8,1,gpu,25.0,300.0,8.0,consumer_mid,pytorch,42.35991418376949,3.9835726991958142,33.60864515719528,1.0,synthetic
11.0,hybrid,detection,38.065070355791654,640,int8,1,gpu,9.0,300.0,8.0,consumer_low,tflite,193.32535177895826,4.035626089372277,209.47006919390398,1.0,synthetic
68.0,transformer,segmentation,204.315378112328,512,int8,1,gpu,25.0,300.0,8.0,consumer_mid,coreml,1024.57689056164,3.3480081783063023,933.4970864875982,1.0,synthetic
68.0,hybrid,segmentation,204.6558840197134,768,fp16,1,gpu,65.0,300.0,8.0,consumer_flagship,coreml,1026.279420098567,3.143429945878936,971.9001445353572,1.0,synthetic
100.0,transformer,segmentation,305.01244955690674,512,fp16,1,gpu,65.0,300.0,8.0,consumer_flagship,tensorrt,1528.0622477845336,4.145494203615312,2111.3375430253295,1.0,synthetic
5.0,hybrid,detection,18.740770217203682,416,fp32,1,gpu,25.0,300.0,8.0,consumer_mid,coreml,96.7038510860184,2.3475583310112933,111.25382857401777,1.0,synthetic
100.0,hybrid,segmentation,238.31398994822624,512,fp32,1,cpu,1.0,300.0,8.0,cpu_modern_mt,tflite,1194.5699497411313,4.906527221295175,1748.2607960796383,1.0,synthetic
44.0,hybrid,classification,14.287640128079499,384,fp32,1,gpu,45.0,300.0,8.0,consumer_high,tensorrt,74.4382006403975,4.2020127636310525,80.81049430635699,1.0,synthetic
5.0,transformer,classification,1.5998204042010056,256,int8,1,cpu,0.6,300.0,8.0,cpu_4thread,pytorch,84.62179247198597,1.4465079690194556,72.04030120873992,1.0,synthetic
150.0,hybrid,segmentation,385.14730573937027,768,fp32,1,gpu,9.0,300.0,8.0,consumer_low,tflite,1928.7365286968513,4.407891264800101,2487.0315585419617,1.0,synthetic
100.0,transformer,classification,37.25962846366296,384,fp32,1,gpu,45.0,300.0,8.0,consumer_high,pytorch,189.29814231831483,2.974624601297866,165.9817417839771,1.0,synthetic
25.0,transformer,segmentation,65.42423060319042,768,int8,1,gpu,700.0,300.0,8.0,datacenter,pytorch,330.12115301595213,4.544408867909535,183.15974220043415,1.0,synthetic
5.0,cnn,detection,15.894445277297057,416,int8,1,gpu,65.0,300.0,8.0,consumer_flagship,coreml,82.47222638648529,2.24908464669572,67.40634352440708,1.0,synthetic
68.0,transformer,classification,20.041679873830166,384,fp16,1,gpu,25.0,300.0,8.0,consumer_mid,onnxruntime,103.20839936915083,3.5694681894323352,112.6347555538387,1.0,synthetic
44.0,transformer,detection,124.76393735353068,832,fp16,1,cpu,0.15,300.0,8.0,cpu_1thread,coreml,626.8196867676534,4.156111848505919,1374.4939693217054,1.0,synthetic
44.0,transformer,detection,117.41484472845978,416,fp16,1,gpu,65.0,300.0,8.0,consumer_flagship,tflite,590.0742236422989,4.742565272400533,997.9973968129299,1.0,synthetic
150.0,cnn,classification,53.04983901220207,256,fp16,1,gpu,25.0,300.0,8.0,consumer_mid,tflite,268.24919506101037,2.4111880879225387,462.3816171880172,1.0,synthetic
25.0,transformer,detection,82.32810429594122,832,fp32,1,gpu,45.0,300.0,8.0,consumer_high,coreml,414.6405214797061,2.253597845880717,416.42569911467416,1.0,synthetic
11.0,transformer,detection,34.76907284972112,416,int8,1,gpu,150.0,300.0,8.0,datacenter_low,coreml,176.8453642486056,4.798835105972432,151.97907969438106,1.0,synthetic
11.0,cnn,detection,38.2942406953122,640,fp16,1,cpu,0.15,300.0,8.0,cpu_1thread,tflite,194.471203476561,2.098755760291861,240.2211666005763,1.0,synthetic
11.0,hybrid,classification,4.331174742849715,256,fp16,1,gpu,65.0,300.0,8.0,consumer_flagship,tensorrt,24.655873714248575,3.685441641014926,27.057741050396118,1.0,synthetic
100.0,transformer,classification,35.64527855414949,256,int8,1,cpu,0.15,300.0,8.0,cpu_1thread,coreml,181.22639277074745,3.6630921224852298,160.5150193014966,1.0,synthetic
5.0,cnn,classification,1.8307839741994394,384,int8,1,gpu,45.0,300.0,8.0,consumer_high,tflite,12.153919870997196,1.4823759105436976,16.25941421750491,1.0,synthetic
11.0,cnn,classification,3.958182112418995,224,fp16,1,cpu,1.0,300.0,8.0,cpu_modern_mt,onnxruntime,22.790910562094975,3.1219107778319977,19.277507797876844,1.0,synthetic
100.0,transformer,detection,350.62907247954394,832,fp16,1,gpu,150.0,300.0,8.0,datacenter_low,tensorrt,75.05273429318376,4.748561444221663,66.32452944926305,1.0,synthetic
68.0,transformer,classification,23.39743777026317,224,fp16,1,gpu,65.0,300.0,8.0,consumer_flagship,pytorch,10.24150698989645,4.713391275656987,8.115201010502398,1.0,synthetic
25.0,cnn,classification,8.99011474749477,384,fp32,1,cpu,0.6,300.0,8.0,cpu_4thread,pytorch,422.358243960511,4.341014742875471,459.2435956506869,1.0,synthetic
68.0,transformer,segmentation,197.62288172916098,768,fp32,1,gpu,45.0,300.0,8.0,consumer_high,pytorch,991.1144086458049,4.881439254682933,1052.6494244555909,1.0,synthetic
44.0,cnn,classification,12.872148796096297,384,int8,1,gpu,700.0,300.0,8.0,datacenter,tflite,67.36074398048149,4.04914969408869,40.742656850215916,1.0,synthetic
68.0,transformer,segmentation,209.49131559864736,512,fp32,1,gpu,150.0,300.0,8.0,datacenter_low,pytorch,180.4893800474843,4.800972636224815,227.15562727162663,1.0,synthetic
25.0,hybrid,segmentation,71.42424144426545,768,fp32,1,cpu,1.0,300.0,8.0,cpu_modern_mt,tensorrt,360.12120722132727,2.6939849369208746,317.20941090796146,1.0,synthetic
44.0,hybrid,classification,14.377444427971817,256,fp32,1,gpu,150.0,300.0,8.0,datacenter_low,tflite,74.88722213985909,3.057583553791554,83.99401305800284,1.0,synthetic
5.0,hybrid,classification,1.4537677193479446,224,fp32,1,cpu,0.6,300.0,8.0,cpu_4thread,onnxruntime,10.268838596739723,4.259172829744728,13.893802164642466,1.0,synthetic
100.0,cnn,detection,348.9953527820701,640,fp16,1,gpu,700.0,300.0,8.0,datacenter,onnxruntime,1747.9767639103504,4.4860848267320055,1873.646673493505,1.0,synthetic
68.0,hybrid,detection,239.00788994236413,832,fp16,1,gpu,65.0,300.0,8.0,consumer_flagship,coreml,1198.0394497118207,3.8920615649369488,1356.5529798282485,1.0,synthetic
25.0,hybrid,detection,77.66292461411228,832,fp32,1,cpu,0.15,300.0,8.0,cpu_1thread,tensorrt,391.3146230705614,3.1950659658977276,424.8401878991419,1.0,synthetic
25.0,cnn,segmentation,54.17020167473089,512,fp32,1,gpu,25.0,300.0,8.0,consumer_mid,coreml,273.85100837365445,2.8721145677131465,340.8811310741395,1.0,synthetic
25.0,transformer,segmentation,66.13689510558427,768,fp16,1,gpu,9.0,300.0,8.0,consumer_low,pytorch,333.68447552792134,3.582180542263542,254.6407802433563,1.0,synthetic
25.0,transformer,segmentation,56.4153289932891,768,int8,1,cpu,0.15,300.0,8.0,cpu_1thread,tensorrt,285.0766449664455,4.40123018997531,229.33238869339138,1.0,synthetic
25.0,transformer,segmentation,64.59357193490911,512,fp32,1,gpu,25.0,300.0,8.0,consumer_mid,pytorch,276.8743442740324,2.973729006888102,197.8207073879016,1.0,synthetic
11.0,cnn,classification,3.711538112222175,384,fp16,1,cpu,0.6,300.0,8.0,cpu_4thread,tensorrt,21.557690561110874,4.4246384915495085,23.1306166713886,1.0,synthetic
100.0,hybrid,segmentation,288.0965904009599,768,int8,1,gpu,700.0,300.0,8.0,datacenter,coreml,1443.4829520047995,2.730369073315993,1703.5162809817389,1.0,synthetic
150.0,transformer,detection,573.7434538925271,640,fp32,1,cpu,0.6,300.0,8.0,cpu_4thread,onnxruntime,2871.7172694626356,4.856371634392612,1934.7175769574983,1.0,synthetic
100.0,hybrid,segmentation,266.57953093414454,512,fp16,1,gpu,25.0,300.0,8.0,consumer_mid,onnxruntime,1335.8976546707227,4.1629952601347116,1777.5775909134236,1.0,synthetic
68.0,hybrid,classification,25.702369139104643,256,int8,1,cpu,0.15,300.0,8.0,cpu_1thread,onnxruntime,75.96374069691032,4.875662023848584,91.72037495974571,1.0,synthetic
100.0,transformer,detection,332.34638160733226,416,int8,1,cpu,0.6,300.0,8.0,cpu_4thread,coreml,1664.7319080366613,4.00967260357522,2246.9353550604073,1.0,synthetic
150.0,hybrid,classification,57.39158506236797,256,fp32,1,cpu,0.15,300.0,8.0,cpu_1thread,pytorch,10245.592270230189,2.702506058589927,11517.703105233111,1.0,synthetic
100.0,hybrid,detection,303.5221662867291,416,fp32,1,gpu,25.0,300.0,8.0,consumer_mid,tflite,1520.6108314336454,3.3671822020407394,1529.4441606220134,1.0,synthetic
68.0,hybrid,detection,260.87305135488396,832,fp32,1,gpu,9.0,300.0,8.0,consumer_low,tensorrt,1307.3652567744198,3.833625958446627,917.295803407243,1.0,synthetic
25.0,cnn,detection,89.16623434222154,416,fp32,1,gpu,9.0,300.0,8.0,consumer_low,pytorch,448.8311717111077,3.845254899463051,601.8615105763158,1.0,synthetic
150.0,hybrid,classification,56.63683896356721,256,fp16,1,gpu,700.0,300.0,8.0,datacenter,tflite,286.18419481783604,2.883292333848363,247.09112027805423,1.0,synthetic
5.0,hybrid,detection,16.311285706851695,640,fp16,1,gpu,700.0,300.0,8.0,datacenter,onnxruntime,84.55642853425847,4.745581134273699,120.42667212218967,1.0,synthetic
100.0,transformer,detection,370.97890105504683,640,fp16,1,gpu,25.0,300.0,8.0,consumer_mid,tensorrt,1857.8945052752342,4.912952173630612,3162.757827569453,1.0,synthetic
11.0,hybrid,classification,4.107839129250763,384,fp16,1,gpu,65.0,300.0,8.0,consumer_flagship,pytorch,4.271376210503111,2.715177326567029,3.6580599579524913,1.0,synthetic
11.0,hybrid,segmentation,22.928015519901667,768,int8,1,gpu,150.0,300.0,8.0,datacenter_low,coreml,117.64007759950833,2.564146259440726,72.10397347536257,1.0,synthetic
100.0,hybrid,classification,28.05684820801626,384,int8,1,cpu,0.6,300.0,8.0,cpu_4thread,tensorrt,143.2842410400813,2.937724181233575,121.04982212338136,1.0,synthetic
5.0,hybrid,segmentation,14.360948633694978,512,int8,1,gpu,9.0,300.0,8.0,consumer_low,tflite,74.80474316847489,2.2487301619294673,123.06431980895856,1.0,synthetic
25.0,hybrid,segmentation,77.35778800489688,768,int8,1,gpu,700.0,300.0,8.0,datacenter,coreml,389.78894002448436,2.9157929048223075,327.6969592815649,1.0,synthetic
68.0,hybrid,segmentation,157.1623437556301,512,int8,1,gpu,65.0,300.0,8.0,consumer_flagship,coreml,788.8117187781505,2.6387778514478035,1496.7513358721524,1.0,synthetic
44.0,transformer,detection,135.68554558421908,832,int8,1,cpu,0.15,300.0,8.0,cpu_1thread,onnxruntime,384.2465842725661,4.151358456596877,327.02329660158495,1.0,synthetic
150.0,transformer,classification,49.4021792795593,256,int8,1,gpu,150.0,300.0,8.0,datacenter_low,onnxruntime,250.0108963977965,3.3717824137754615,213.751046617645,1.0,synthetic
5.0,cnn,detection,13.751194435007392,416,int8,1,gpu,25.0,300.0,8.0,consumer_mid,coreml,71.75597217503696,1.7995649318328748,55.15628704722947,1.0,synthetic
100.0,transformer,segmentation,218.185589999817,768,fp32,1,gpu,700.0,300.0,8.0,datacenter,tensorrt,1093.927949999085,4.371525143519468,1027.1445329362837,1.0,synthetic
100.0,hybrid,classification,35.93242404556685,224,int8,1,cpu,1.0,300.0,8.0,cpu_modern_mt,tflite,182.66212022783424,3.144473879726682,153.09514844108583,1.0,synthetic
11.0,cnn,segmentation,24.003509690719003,512,fp32,1,cpu,1.0,300.0,8.0,cpu_modern_mt,pytorch,123.01754845359501,3.571566821128468,199.87157446500652,1.0,synthetic
44.0,cnn,detection,141.61676192475144,416,int8,1,gpu,700.0,300.0,8.0,datacenter,onnxruntime,711.0838096237572,4.497513200097064,1179.1761135531544,1.0,synthetic
5.0,hybrid,segmentation,14.304106309732244,512,fp32,1,cpu,1.0,300.0,8.0,cpu_modern_mt,onnxruntime,74.52053154866122,2.4315972284205314,69.68584027597939,1.0,synthetic
5.0,cnn,classification,1.8354416564974756,224,fp32,1,cpu,0.6,300.0,8.0,cpu_4thread,onnxruntime,12.177208282487378,3.1455172896833803,13.06505058921496,1.0,synthetic
100.0,cnn,classification,29.854985387728014,384,fp16,1,cpu,0.15,300.0,8.0,cpu_1thread,tflite,152.27492693864008,4.586152570928384,130.8345981829183,1.0,synthetic
5.0,cnn,detection,16.7296533698492,416,int8,1,gpu,65.0,300.0,8.0,consumer_flagship,coreml,86.648266849246,1.805965388505416,80.2926850245436,1.0,synthetic
100.0,transformer,segmentation,304.0154913625682,768,fp32,1,gpu,700.0,300.0,8.0,datacenter,pytorch,1523.0774568128409,3.7891394981070974,1487.579035515188,1.0,synthetic
11.0,transformer,classification,4.576341931114019,256,fp16,1,gpu,700.0,300.0,8.0,datacenter,pytorch,25.881709655570095,4.394375144019288,27.504676226113148,1.0,synthetic
11.0,hybrid,classification,3.8893327259336026,384,fp16,1,gpu,25.0,300.0,8.0,consumer_mid,tensorrt,22.446663629668013,2.273199067962418,16.239306846973264,1.0,synthetic
68.0,cnn,segmentation,182.66169802941926,512,fp16,1,gpu,9.0,300.0,8.0,consumer_low,tensorrt,916.3084901470963,4.2836345454964215,1426.9750011370177,1.0,synthetic
11.0,hybrid,segmentation,31.697639553129346,512,fp16,1,gpu,65.0,300.0,8.0,consumer_flagship,tensorrt,161.48819776564673,3.9903331809168976,200.50587829140278,1.0,synthetic
150.0,transformer,segmentation,345.6665450813107,512,fp32,1,gpu,65.0,300.0,8.0,consumer_flagship,pytorch,109.98379570266566,4.86028095020244,166.62106804649054,1.0,synthetic
44.0,cnn,segmentation,95.13261311092383,768,fp32,1,gpu,9.0,300.0,8.0,consumer_low,pytorch,478.66306555461915,3.6066100333915845,414.44340203178285,1.0,synthetic
100.0,transformer,detection,296.00285072951124,832,fp16,1,gpu,45.0,300.0,8.0,consumer_high,tflite,1483.0142536475562,3.8182680216696108,1497.65562487377,1.0,synthetic
100.0,cnn,detection,257.2508456216936,416,fp16,1,cpu,0.6,300.0,8.0,cpu_4thread,tflite,1289.254228108468,4.340619716603573,810.4053531096174,1.0,synthetic
5.0,transformer,detection,18.047245640060464,416,fp32,1,gpu,65.0,300.0,8.0,consumer_flagship,tflite,93.23622820030232,3.004483554666052,60.05703059976618,1.0,synthetic
100.0,cnn,detection,328.40108178400055,416,int8,1,gpu,45.0,300.0,8.0,consumer_high,onnxruntime,1645.0054089200028,4.347149279670651,2899.492840239953,1.0,synthetic
68.0,transformer,classification,19.2594624983984,256,fp32,1,gpu,25.0,300.0,8.0,consumer_mid,tflite,99.29731249199199,3.167182128855958,126.94802183962382,1.0,synthetic
5.0,transformer,segmentation,14.308426864393033,512,fp16,1,gpu,25.0,300.0,8.0,consumer_mid,coreml,74.54213432196516,3.160310625808873,94.47283643148293,1.0,synthetic
68.0,transformer,detection,252.30344244619002,416,fp16,1,gpu,9.0,300.0,8.0,consumer_low,coreml,1264.51721223095,3.6540126280972283,1070.0923657515539,1.0,synthetic
100.0,hybrid,detection,296.85901259357087,832,int8,1,cpu,1.0,300.0,8.0,cpu_modern_mt,coreml,1487.2950629678544,3.2727117358858204,1147.3525134398901,1.0,synthetic
68.0,transformer,classification,23.727864003074618,256,fp32,1,gpu,65.0,300.0,8.0,consumer_flagship,coreml,121.63932001537309,3.0873795458436817,124.42048443312281,1.0,synthetic
68.0,transformer,segmentation,158.95990152056342,512,fp16,1,gpu,9.0,300.0,8.0,consumer_low,coreml,797.7995076028171,3.2260279363765916,1129.1397941695511,1.0,synthetic
25.0,cnn,segmentation,65.40913871477362,512,fp16,1,gpu,150.0,300.0,8.0,datacenter_low,coreml,330.0456935738681,2.6648275647174526,281.2170300872763,1.0,synthetic
44.0,transformer,classification,14.658668737751025,224,int8,1,gpu,65.0,300.0,8.0,consumer_flagship,tflite,76.29334368875513,3.0811952153585436,84.65359680141482,1.0,synthetic
68.0,hybrid,classification,22.76944179400161,224,fp32,1,gpu,65.0,300.0,8.0,consumer_flagship,pytorch,10.047142235243498,3.505694541207994,8.30931869377787,1.0,synthetic
100.0,transformer,classification,36.73469846001055,256,fp16,1,cpu,0.6,300.0,8.0,cpu_4thread,coreml,186.67349230005274,2.6965356505508153,256.3028223127092,1.0,synthetic
5.0,transformer,classification,1.9030867710032773,256,fp32,1,gpu,700.0,300.0,8.0,datacenter,coreml,12.515433855016386,4.429352080214942,6.682331944213135,1.0,synthetic
11.0,transformer,segmentation,25.665585765078482,512,fp16,1,cpu,0.15,300.0,8.0,cpu_1thread,tensorrt,131.3279288253924,4.64952791184297,228.87595871922986,1.0,synthetic
5.0,transformer,segmentation,13.31745342390686,768,fp16,1,gpu,45.0,300.0,8.0,consumer_high,tflite,69.5872671195343,4.4527480635480075,92.64832789574952,1.0,synthetic
100.0,cnn,segmentation,270.56245515747764,512,fp16,1,gpu,25.0,300.0,8.0,consumer_mid,tensorrt,1355.8122757873882,4.259563111544523,1473.6148106845305,1.0,synthetic
150.0,cnn,segmentation,379.59784047633195,512,fp32,1,gpu,65.0,300.0,8.0,consumer_flagship,coreml,1900.9892023816597,2.2695737540001404,1537.2844400888011,1.0,synthetic
5.0,transformer,classification,1.9805977829304324,384,int8,1,gpu,700.0,300.0,8.0,datacenter,coreml,12.902988914652163,1.089507483523745,13.20285326536448,1.0,synthetic
25.0,transformer,classification,7.592896939714126,224,fp32,1,gpu,65.0,300.0,8.0,consumer_flagship,onnxruntime,40.96448469857063,3.7863497944078897,49.47460075432278,1.0,synthetic
68.0,hybrid,detection,241.72338913229336,416,fp16,1,gpu,150.0,300.0,8.0,datacenter_low,pytorch,208.02846367463147,3.517778763476511,127.60594086618914,1.0,synthetic
25.0,hybrid,segmentation,65.24444860780524,768,fp32,1,gpu,25.0,300.0,8.0,consumer_mid,pytorch,279.61388419025224,3.8254732596908507,278.7009455388886,1.0,synthetic
25.0,hybrid,detection,92.72877018416165,640,fp16,1,gpu,700.0,300.0,8.0,datacenter,pytorch,466.64385092080823,3.2043530228371164,797.3090303430404,1.0,synthetic
11.0,hybrid,detection,33.582560998542654,416,int8,1,gpu,45.0,300.0,8.0,consumer_high,onnxruntime,170.91280499271326,4.41270136709668,171.13703153652614,1.0,synthetic
150.0,transformer,detection,489.5848455397753,416,int8,1,cpu,1.0,300.0,8.0,cpu_modern_mt,coreml,2450.9242276988766,2.808908495650028,2112.465610745355,1.0,synthetic
5.0,cnn,segmentation,14.48807579153673,768,fp32,1,cpu,0.15,300.0,8.0,cpu_1thread,tensorrt,75.44037895768365,3.8307753655706938,99.566924884136,1.0,synthetic
44.0,cnn,detection,122.21419143284744,416,fp32,1,gpu,65.0,300.0,8.0,consumer_flagship,onnxruntime,614.0709571642373,4.715401624532557,466.79784815941554,1.0,synthetic
68.0,cnn,detection,191.54402616459433,416,int8,1,gpu,25.0,300.0,8.0,consumer_mid,coreml,960.7201308229717,2.041980230511388,752.4483540977609,1.0,synthetic
5.0,transformer,segmentation,14.208313080766041,512,fp32,1,gpu,45.0,300.0,8.0,consumer_high,tflite,74.0415654038302,4.080277406298789,61.07318476717,1.0,synthetic
11.0,hybrid,segmentation,31.944495032220406,512,int8,1,gpu,700.0,300.0,8.0,datacenter,tensorrt,162.72247516110204,3.9773405648646425,145.5477831339129,1.0,synthetic
11.0,cnn,classification,3.757243495987741,256,fp32,1,gpu,150.0,300.0,8.0,datacenter_low,tflite,21.786217479938706,4.091977310953747,13.379823369775915,1.0,synthetic
44.0,cnn,detection,148.3453823633657,416,fp32,1,gpu,700.0,300.0,8.0,datacenter,tensorrt,744.7269118168285,4.162029077277555,804.1815187853884,1.0,synthetic
150.0,hybrid,segmentation,414.3101644683152,512,fp32,1,gpu,700.0,300.0,8.0,datacenter,pytorch,2074.550822341576,2.465280818813007,1867.18170021683,1.0,synthetic
11.0,hybrid,classification,3.49271453114486,256,fp32,1,gpu,45.0,300.0,8.0,consumer_high,pytorch,20.4635726557243,2.6834308720283944,12.965195137553668,1.0,synthetic
5.0,transformer,classification,1.9637503691132427,384,fp32,1,gpu,45.0,300.0,8.0,consumer_high,tensorrt,12.818751845566213,3.914696739080607,10.271587465059783,1.0,synthetic
150.0,cnn,detection,492.5706492576481,832,fp32,1,gpu,9.0,300.0,8.0,consumer_low,onnxruntime,2465.8532462882404,2.573549117291949,2484.2829299392347,1.0,synthetic
5.0,transformer,classification,1.9564656529772737,256,int8,1,cpu,0.15,300.0,8.0,cpu_1thread,tensorrt,12.782328264886369,2.4500090000579395,12.72009064969219,1.0,synthetic
25.0,transformer,classification,9.544824552284826,384,int8,1,cpu,0.15,300.0,8.0,cpu_1thread,pytorch,1706.85938960075,2.973692852766429,1405.592450909389,1.0,synthetic
68.0,transformer,segmentation,141.94423503002957,768,int8,1,gpu,700.0,300.0,8.0,datacenter,tensorrt,712.7211751501479,4.0450954102485035,592.1961877241037,1.0,synthetic
150.0,cnn,segmentation,353.9121744019411,768,fp16,1,gpu,9.0,300.0,8.0,consumer_low,coreml,1772.5608720097057,3.4398694803899383,1527.2234300892064,1.0,synthetic
150.0,cnn,segmentation,462.64747098341763,768,fp16,1,gpu,700.0,300.0,8.0,datacenter,onnxruntime,2316.237354917088,2.726516369141831,3232.8371197358288,1.0,synthetic
150.0,transformer,detection,522.48078670651,416,fp16,1,gpu,25.0,300.0,8.0,consumer_mid,pytorch,2204.1216312477004,3.502990509836587,1744.0461600346694,1.0,synthetic
11.0,transformer,classification,3.619310964981971,256,int8,1,gpu,700.0,300.0,8.0,datacenter,pytorch,21.096554824909855,4.315718730200268,26.132741592233113,1.0,synthetic
5.0,cnn,segmentation,13.636913258950996,768,fp16,1,gpu,9.0,300.0,8.0,consumer_low,pytorch,71.18456629475497,2.705466710025251,112.15927161488817,1.0,synthetic
100.0,hybrid,detection,352.46360071479796,832,fp16,1,cpu,1.0,300.0,8.0,cpu_modern_mt,onnxruntime,1765.3180035739897,4.596122936278473,1697.6500502129472,1.0,synthetic
25.0,transformer,classification,10.075175588826504,224,int8,1,cpu,1.0,300.0,8.0,cpu_modern_mt,tensorrt,53.37587794413252,4.945424068153481,46.72657162033013,1.0,synthetic
150.0,hybrid,detection,456.88197961390847,416,fp16,1,gpu,150.0,300.0,8.0,datacenter_low,onnxruntime,2287.4098980695426,3.915876197307277,3447.737720145732,1.0,synthetic
44.0,cnn,segmentation,98.89075438845889,768,int8,1,gpu,65.0,300.0,8.0,consumer_flagship,tflite,497.45377194229445,4.015318179086689,623.7308324259673,1.0,synthetic
44.0,transformer,segmentation,104.87778392704612,512,int8,1,cpu,0.15,300.0,8.0,cpu_1thread,coreml,527.3889196352306,3.4690701264826447,655.1374987784193,1.0,synthetic
25.0,transformer,segmentation,54.87129365402663,512,int8,1,gpu,9.0,300.0,8.0,consumer_low,tensorrt,277.3564682701332,3.047290959482246,170.69320405596582,1.0,synthetic
44.0,cnn,detection,121.79765500129632,832,fp16,1,cpu,1.0,300.0,8.0,cpu_modern_mt,tflite,611.9882750064816,2.690163103240691,579.9098245503902,1.0,synthetic
25.0,cnn,segmentation,53.99078468732302,768,fp32,1,cpu,1.0,300.0,8.0,cpu_modern_mt,tflite,272.9539234366151,3.190225913788219,277.9041122491933,1.0,synthetic
5.0,hybrid,detection,16.224186961720218,640,fp16,1,gpu,150.0,300.0,8.0,datacenter_low,tflite,84.12093480860109,3.884879685444658,107.81565878084214,1.0,synthetic
25.0,cnn,detection,93.50012138781918,640,fp32,1,gpu,45.0,300.0,8.0,consumer_high,onnxruntime,470.50060693909586,4.927368009032344,397.71530740819674,1.0,synthetic
68.0,cnn,segmentation,167.69076801578365,512,int8,1,cpu,1.0,300.0,8.0,cpu_modern_mt,tensorrt,841.4538400789182,2.067684952271983,646.1353274223417,1.0,synthetic
44.0,cnn,classification,13.229483914644899,384,int8,1,gpu,45.0,300.0,8.0,consumer_high,tensorrt,69.1474195732245,4.987658827279147,77.44789794793198,1.0,synthetic
5.0,hybrid,segmentation,13.519174349944194,512,fp32,1,cpu,0.15,300.0,8.0,cpu_1thread,pytorch,2416.1218544910407,2.099588945196685,2277.268477415965,1.0,synthetic
44.0,hybrid,detection,117.23524062339173,416,int8,1,cpu,0.6,300.0,8.0,cpu_4thread,pytorch,5369.160496489003,3.818531917345303,2517.8492378942087,1.0,synthetic
100.0,transformer,detection,312.17251964305456,640,int8,1,cpu,1.0,300.0,8.0,cpu_modern_mt,tflite,1563.8625982152728,4.802230547814453,1347.92694063491,1.0,synthetic
11.0,hybrid,segmentation,28.997422344330566,512,int8,1,cpu,0.15,300.0,8.0,cpu_1thread,pytorch,5178.369991569233,2.4406156274996222,6265.312462677225,1.0,synthetic
25.0,hybrid,segmentation,57.973101007081745,512,fp16,1,gpu,65.0,300.0,8.0,consumer_flagship,tensorrt,292.8655050354087,2.321955981422045,321.4403594250336,1.0,synthetic
5.0,cnn,segmentation,11.126119675995543,512,int8,1,cpu,0.6,300.0,8.0,cpu_4thread,onnxruntime,58.63059837997771,1.6347592592901323,31.978975359818534,1.0,synthetic
150.0,transformer,detection,572.6380477044598,832,fp16,1,cpu,1.0,300.0,8.0,cpu_modern_mt,pytorch,2866.1902385222993,2.4701130433878444,2991.101294351583,1.0,synthetic
150.0,transformer,classification,53.35705348675959,384,fp32,1,cpu,0.15,300.0,8.0,cpu_1thread,pytorch,9525.589765247116,3.5825777710237956,8721.294184109995,1.0,synthetic
11.0,transformer,classification,4.53781288878662,384,fp32,1,gpu,45.0,300.0,8.0,consumer_high,tensorrt,25.6890644439331,3.1736846638504486,21.138779723481242,1.0,synthetic
68.0,hybrid,detection,179.7294788385249,640,fp32,1,gpu,25.0,300.0,8.0,consumer_mid,tflite,901.6473941926245,2.6899688398743358,660.0833569071647,1.0,synthetic
5.0,transformer,classification,1.8326634362154932,256,int8,1,gpu,25.0,300.0,8.0,consumer_mid,onnxruntime,12.163317181077467,1.1011357993055224,11.022868791800088,1.0,synthetic
68.0,hybrid,detection,214.52955574400326,416,fp16,1,cpu,1.0,300.0,8.0,cpu_modern_mt,coreml,1075.6477787200163,2.057379051871191,721.4072696273521,1.0,synthetic
11.0,cnn,segmentation,34.15434144296878,512,fp32,1,gpu,45.0,300.0,8.0,consumer_high,pytorch,173.7717072148439,3.101347302021606,304.0920616811713,1.0,synthetic
68.0,hybrid,detection,241.84735835067158,416,fp16,1,gpu,65.0,300.0,8.0,consumer_flagship,pytorch,77.85175740953285,3.1653909278329895,71.36986656157087,1.0,synthetic
5.0,hybrid,segmentation,12.181203993449959,512,fp16,1,gpu,9.0,300.0,8.0,consumer_low,tensorrt,63.90601996724979,2.0655541316233363,34.83908272333423,1.0,synthetic
44.0,cnn,classification,14.53772897718374,224,int8,1,cpu,1.0,300.0,8.0,cpu_modern_mt,coreml,75.6886448859187,2.4362685772863193,83.60846171640665,1.0,synthetic
68.0,cnn,classification,24.667795644008475,256,int8,1,gpu,25.0,300.0,8.0,consumer_mid,coreml,126.33897822004238,4.676692579846614,154.86455491137556,1.0,synthetic
25.0,hybrid,classification,9.450119143376995,384,int8,1,cpu,0.6,300.0,8.0,cpu_4thread,onnxruntime,50.25059571688497,3.578428279067439,44.20512035021574,1.0,synthetic
150.0,transformer,detection,547.2972680406135,416,fp16,1,gpu,700.0,300.0,8.0,datacenter,coreml,2739.486340203068,4.7948224854429835,1574.352281784939,1.0,synthetic
25.0,cnn,classification,10.253785072266947,256,fp32,1,gpu,45.0,300.0,8.0,consumer_high,pytorch,54.26892536133474,3.814129381662176,23.62015004590335,1.0,synthetic
68.0,transformer,detection,215.810999749269,832,fp32,1,cpu,0.15,300.0,8.0,cpu_1thread,pytorch,38517.12101525455,4.803127038921263,71677.63466580791,1.0,synthetic
150.0,transformer,segmentation,349.52562032147557,512,fp32,1,gpu,65.0,300.0,8.0,consumer_flagship,coreml,1750.6281016073779,2.230218541235769,1960.4694278784975,1.0,synthetic
44.0,transformer,segmentation,119.41350321036411,768,fp32,1,gpu,65.0,300.0,8.0,consumer_flagship,onnxruntime,600.0675160518206,4.045207856196832,564.6681836870822,1.0,synthetic
100.0,transformer,segmentation,260.5763392366929,512,int8,1,gpu,150.0,300.0,8.0,datacenter_low,onnxruntime,1305.8816961834646,4.55789669831462,997.2953769252475,1.0,synthetic
25.0,transformer,segmentation,55.64066792621703,768,fp32,1,gpu,9.0,300.0,8.0,consumer_low,pytorch,281.20333963108516,3.202437332947249,329.9982821700754,1.0,synthetic
44.0,transformer,detection,116.87850810567816,640,fp32,1,cpu,0.15,300.0,8.0,cpu_1thread,tensorrt,587.3925405283908,4.823664905285872,1062.8150980611338,1.0,synthetic
11.0,cnn,classification,4.21857774167984,384,fp16,1,gpu,45.0,300.0,8.0,consumer_high,pytorch,24.0928887083992,3.6233087493624527,28.215042751845772,1.0,synthetic
44.0,cnn,detection,165.1649904070332,640,fp16,1,cpu,0.6,300.0,8.0,cpu_4thread,onnxruntime,828.824952035166,3.788295583010288,1860.602409066137,1.0,synthetic
5.0,transformer,classification,1.6869858081205968,256,int8,1,gpu,65.0,300.0,8.0,consumer_flagship,tensorrt,11.434929040602984,2.257724035848736,8.600161640343362,1.0,synthetic
100.0,cnn,segmentation,227.25829763988617,512,int8,1,cpu,1.0,300.0,8.0,cpu_modern_mt,coreml,1139.291488199431,4.711928515629731,1906.5858267262977,1.0,synthetic
25.0,cnn,classification,10.093714387519976,256,fp32,1,cpu,1.0,300.0,8.0,cpu_modern_mt,pytorch,53.468571937599876,3.526220868290426,60.71323367284247,1.0,synthetic
68.0,cnn,segmentation,186.92437782627152,512,int8,1,cpu,0.15,300.0,8.0,cpu_1thread,tflite,937.6218891313576,4.718797377719149,758.1708115162562,1.0,synthetic
5.0,cnn,detection,18.756505556431833,832,int8,1,cpu,0.15,300.0,8.0,cpu_1thread,coreml,96.78252778215916,2.3431210871005295,47.77113189400907,1.0,synthetic
11.0,transformer,segmentation,24.462962659148022,512,fp32,1,gpu,65.0,300.0,8.0,consumer_flagship,pytorch,10.571286943006314,4.3372857674389875,11.568730147539421,1.0,synthetic
44.0,transformer,detection,144.29624070769734,416,fp32,1,cpu,0.6,300.0,8.0,cpu_4thread,coreml,724.4812035384866,4.9804505651187485,370.3794261679396,1.0,synthetic
25.0,hybrid,detection,78.5828276850185,640,fp16,1,cpu,0.15,300.0,8.0,cpu_1thread,coreml,395.9141384250925,3.482301247275318,521.0764533863903,1.0,synthetic
25.0,transformer,segmentation,74.28157894849576,512,fp32,1,gpu,700.0,300.0,8.0,datacenter,onnxruntime,374.4078947424788,3.6384637736215897,457.69640989453245,1.0,synthetic
44.0,cnn,detection,135.8241728758679,416,fp32,1,gpu,65.0,300.0,8.0,consumer_flagship,onnxruntime,682.1208643793395,4.201809364199852,634.9627250329074,1.0,synthetic
150.0,cnn,segmentation,455.72068022209675,512,int8,1,gpu,65.0,300.0,8.0,consumer_flagship,onnxruntime,2281.603401110484,2.755038211580931,1752.9194195588088,1.0,synthetic
68.0,transformer,detection,204.99969942844697,416,fp32,1,gpu,150.0,300.0,8.0,datacenter_low,tensorrt,44.32493657940231,4.880565290029776,51.012567738279174,1.0,synthetic
100.0,cnn,detection,338.0418841405665,832,fp32,1,gpu,150.0,300.0,8.0,datacenter_low,pytorch,290.3229858097,3.851229590018679,224.98473286682642,1.0,synthetic
150.0,cnn,classification,53.62328854050911,256,fp32,1,gpu,150.0,300.0,8.0,datacenter_low,onnxruntime,271.11644270254556,3.806148630648052,291.1129007010751,1.0,synthetic
11.0,cnn,classification,4.098674224038681,256,int8,1,gpu,700.0,300.0,8.0,datacenter,onnxruntime,23.493371120193405,4.696433279082265,20.678817357985416,1.0,synthetic
100.0,hybrid,segmentation,289.53192185434585,512,fp32,1,cpu,0.6,300.0,8.0,cpu_4thread,tensorrt,1450.6596092717293,2.326644848093497,1462.4189403468026,1.0,synthetic
68.0,hybrid,classification,23.41091672202215,256,int8,1,gpu,700.0,300.0,8.0,datacenter,pytorch,120.05458361011075,4.362803439384933,126.04134073422554,1.0,synthetic
44.0,cnn,segmentation,92.78871086110223,512,fp32,1,gpu,45.0,300.0,8.0,consumer_high,coreml,466.94355430551116,3.1066938305617806,468.1882315840343,1.0,synthetic
25.0,hybrid,classification,7.369659658416077,256,int8,1,gpu,65.0,300.0,8.0,consumer_flagship,coreml,39.848298292080386,4.196720750617668,67.50907049892538,1.0,synthetic
25.0,hybrid,segmentation,60.34651507432339,768,int8,1,cpu,0.6,300.0,8.0,cpu_4thread,tflite,304.732575371617,3.677032677790526,390.85858866241745,1.0,synthetic
5.0,hybrid,segmentation,12.284535337429169,768,int8,1,cpu,1.0,300.0,8.0,cpu_modern_mt,coreml,64.42267668714584,1.9622312062083824,43.90252552610323,1.0,synthetic
150.0,cnn,segmentation,354.31055717992245,768,fp32,1,cpu,0.15,300.0,8.0,cpu_1thread,tflite,1774.5527858996122,2.476513086146047,1465.397488676751,1.0,synthetic
150.0,hybrid,segmentation,434.06054788182445,512,fp32,1,gpu,700.0,300.0,8.0,datacenter,coreml,2173.3027394091223,4.123676092093799,2677.136922255003,1.0,synthetic
68.0,cnn,segmentation,154.3562283616312,768,fp32,1,gpu,65.0,300.0,8.0,consumer_flagship,coreml,774.781141808156,3.9745922246401,629.4238491739108,1.0,synthetic
150.0,transformer,detection,407.83875581717973,416,int8,1,gpu,25.0,300.0,8.0,consumer_mid,pytorch,1721.5933232345094,3.5211429771430343,2401.1415840952122,1.0,synthetic
100.0,cnn,classification,28.26222408884588,256,fp32,1,gpu,700.0,300.0,8.0,datacenter,pytorch,144.3111204442294,3.4254415404706475,116.9578285853921,1.0,synthetic
11.0,hybrid,classification,3.7293897361534567,384,fp16,1,cpu,0.15,300.0,8.0,cpu_1thread,coreml,21.646948680767284,3.3331550799141683,20.51759017129388,1.0,synthetic
11.0,cnn,segmentation,23.398590095429054,512,fp32,1,cpu,1.0,300.0,8.0,cpu_modern_mt,tensorrt,119.99295047714527,3.10674312006086,176.86567137135958,1.0,synthetic
44.0,transformer,detection,152.9184843709716,640,int8,1,cpu,0.6,300.0,8.0,cpu_4thread,onnxruntime,767.592421854858,3.1084361709011996,622.6220894678053,1.0,synthetic
100.0,hybrid,segmentation,252.0169019149794,512,fp32,1,cpu,1.0,300.0,8.0,cpu_modern_mt,tflite,1263.084509574897,2.3265813399399655,1515.2677363237597,1.0,synthetic
100.0,hybrid,segmentation,211.42303194076206,512,int8,1,gpu,45.0,300.0,8.0,consumer_high,pytorch,1060.1151597038104,3.823871551430136,1087.8293307016756,1.0,synthetic
100.0,hybrid,segmentation,306.7060972485563,512,fp32,1,cpu,1.0,300.0,8.0,cpu_modern_mt,pytorch,1536.5304862427815,3.404244863255295,1532.2968127117938,1.0,synthetic
100.0,transformer,classification,37.02949279043275,384,fp32,1,gpu,9.0,300.0,8.0,consumer_low,onnxruntime,188.14746395216375,3.6669042716149094,204.90637350903438,1.0,synthetic
44.0,hybrid,classification,16.225982434902964,256,fp16,1,cpu,1.0,300.0,8.0,cpu_modern_mt,onnxruntime,84.12991217451481,3.490632175060387,93.87100477209849,1.0,synthetic
100.0,transformer,classification,34.46610242600237,224,fp32,1,cpu,0.6,300.0,8.0,cpu_4thread,onnxruntime,175.33051213001187,3.918805245539348,207.06472062746087,1.0,synthetic
25.0,transformer,classification,8.594971995471042,224,fp16,1,gpu,700.0,300.0,8.0,datacenter,tensorrt,45.97485997735521,2.5221924122219255,41.49924062680216,1.0,synthetic
100.0,cnn,classification,34.839190959940545,224,fp16,1,gpu,65.0,300.0,8.0,consumer_flagship,coreml,177.19595479970272,4.467960377151107,175.61888423278288,1.0,synthetic
44.0,transformer,detection,128.33790501887165,640,fp16,1,gpu,9.0,300.0,8.0,consumer_low,coreml,644.6895250943583,2.314411968618767,340.0956185794122,1.0,synthetic
11.0,hybrid,segmentation,33.84293464633568,512,fp32,1,cpu,0.6,300.0,8.0,cpu_4thread,pytorch,1558.1321133375407,4.564021610750905,1710.6842822158446,1.0,synthetic
44.0,cnn,segmentation,95.11181334360565,512,fp16,1,cpu,1.0,300.0,8.0,cpu_modern_mt,tensorrt,478.55906671802825,4.984549421185378,365.16003444821797,1.0,synthetic
150.0,cnn,segmentation,359.17416909332053,512,int8,1,gpu,65.0,300.0,8.0,consumer_flagship,coreml,1798.8708454666025,2.7162153360878,2656.8331101143476,1.0,synthetic
25.0,cnn,classification,8.98761691906892,224,int8,1,gpu,9.0,300.0,8.0,consumer_low,coreml,47.9380845953446,4.128208309157994,42.31182970657785,1.0,synthetic
44.0,hybrid,classification,12.69826455214931,256,fp32,1,gpu,25.0,300.0,8.0,consumer_mid,onnxruntime,66.49132276074656,4.756804229331491,76.1830855334921,1.0,synthetic
44.0,cnn,classification,12.819421483467359,256,fp32,1,cpu,0.6,300.0,8.0,cpu_4thread,coreml,67.09710741733679,3.344273338387759,66.71100329080967,1.0,synthetic
68.0,transformer,detection,258.79664819971276,640,fp16,1,cpu,0.15,300.0,8.0,cpu_1thread,tflite,1296.9832409985638,4.971152533094657,1682.1745133853235,1.0,synthetic
11.0,transformer,classification,4.081274313979958,384,fp16,1,gpu,150.0,300.0,8.0,datacenter_low,onnxruntime,23.40637156989979,3.587489302866987,23.532527100959022,1.0,synthetic
150.0,hybrid,segmentation,392.2536427891083,768,fp16,1,cpu,0.6,300.0,8.0,cpu_4thread,tensorrt,1964.2682139455414,3.7084755155600297,1419.4501055195938,1.0,synthetic
25.0,hybrid,detection,64.59919084142051,640,fp16,1,cpu,0.15,300.0,8.0,cpu_1thread,pytorch,11531.861597559904,2.3464093255336635,15636.811736051519,1.0,synthetic
11.0,transformer,detection,36.18897134963688,832,fp16,1,gpu,150.0,300.0,8.0,datacenter_low,coreml,183.9448567481844,3.705083547307324,249.00598264284687,1.0,synthetic
68.0,cnn,segmentation,189.7028937158651,768,fp16,1,gpu,9.0,300.0,8.0,consumer_low,pytorch,951.5144685793255,2.8422558522390236,1016.6005690422813,1.0,synthetic
44.0,hybrid,segmentation,114.72045684510485,512,fp16,1,gpu,25.0,300.0,8.0,consumer_mid,onnxruntime,576.6022842255243,4.31997065811223,464.19487705080536,1.0,synthetic
11.0,transformer,classification,4.16669474199904,256,fp32,1,cpu,1.0,300.0,8.0,cpu_modern_mt,pytorch,23.833473709995197,4.907349592822216,25.534200471515927,1.0,synthetic
11.0,transformer,classification,3.3214249334959036,256,int8,1,gpu,25.0,300.0,8.0,consumer_mid,onnxruntime,19.607124667479518,4.558721263176245,14.699553604786034,1.0,synthetic
100.0,hybrid,segmentation,281.0650003775928,768,fp16,1,gpu,45.0,300.0,8.0,consumer_high,onnxruntime,1408.325001887964,2.8636667881395272,1126.8545263270607,1.0,synthetic
150.0,hybrid,segmentation,453.33903510113214,512,int8,1,cpu,0.6,300.0,8.0,cpu_4thread,tflite,2269.6951755056607,3.079496096277676,3003.6950241758905,1.0,synthetic
44.0,hybrid,segmentation,94.40358427810301,512,int8,1,cpu,0.6,300.0,8.0,cpu_4thread,onnxruntime,475.0179213905151,4.389788724223725,355.0122167811339,1.0,synthetic
100.0,cnn,segmentation,274.74163002010994,768,fp16,1,gpu,25.0,300.0,8.0,consumer_mid,onnxruntime,1376.7081501005496,4.6241795156636245,1488.50769347411,1.0,synthetic
150.0,transformer,segmentation,434.4346109660911,512,fp32,1,gpu,9.0,300.0,8.0,consumer_low,tensorrt,2175.1730548304554,4.323680749743762,2007.1301265559605,1.0,synthetic
100.0,transformer,classification,33.84278062572856,224,fp16,1,gpu,150.0,300.0,8.0,datacenter_low,coreml,172.21390312864278,4.917096454339935,132.4898790707631,1.0,synthetic
25.0,cnn,classification,9.575091574627072,224,fp32,1,gpu,9.0,300.0,8.0,consumer_low,onnxruntime,50.87545787313536,3.609048883698668,61.53492653261978,1.0,synthetic
150.0,hybrid,classification,48.070044391861366,256,int8,1,cpu,0.6,300.0,8.0,cpu_4thread,coreml,243.35022195930682,3.0539466357595266,274.9861689491598,1.0,synthetic
25.0,cnn,detection,74.97245854707378,832,fp16,1,gpu,150.0,300.0,8.0,datacenter_low,tensorrt,16.889188753432567,3.8266012838876993,11.974362618122427,1.0,synthetic
100.0,transformer,segmentation,301.6421531307669,768,fp16,1,gpu,150.0,300.0,8.0,datacenter_low,tensorrt,64.71649431059181,2.9212472392500235,51.32438940803039,1.0,synthetic
100.0,hybrid,detection,279.89687007506075,832,fp16,1,gpu,150.0,300.0,8.0,datacenter_low,tensorrt,60.12823958583782,4.792511094679732,69.8237307413914,1.0,synthetic
44.0,cnn,detection,121.96207150926853,640,int8,1,gpu,9.0,300.0,8.0,consumer_low,tflite,612.8103575463426,2.4327539423497746,755.5135079259057,1.0,synthetic
100.0,transformer,detection,325.30296247103956,832,int8,1,gpu,25.0,300.0,8.0,consumer_mid,tflite,1629.5148123551978,3.796899908971627,1439.829188731744,1.0,synthetic
25.0,cnn,detection,69.77215260400229,416,fp32,1,cpu,0.6,300.0,8.0,cpu_4thread,onnxruntime,351.8607630200114,3.43884126249225,718.7639384454791,1.0,synthetic
5.0,transformer,detection,17.011792390013873,832,int8,1,gpu,45.0,300.0,8.0,consumer_high,pytorch,88.05896195006937,1.6767869208307595,152.65000777014467,1.0,synthetic
68.0,transformer,segmentation,165.03216235716584,512,fp16,1,gpu,45.0,300.0,8.0,consumer_high,onnxruntime,828.1608117858292,2.910815141261277,673.7788669035284,1.0,synthetic
25.0,cnn,segmentation,62.683453533703286,768,int8,1,gpu,65.0,300.0,8.0,consumer_flagship,tflite,316.41726766851644,2.1380994084251554,279.1717319389709,1.0,synthetic
11.0,transformer,detection,42.053800411188654,416,fp32,1,gpu,65.0,300.0,8.0,consumer_flagship,pytorch,16.015651227262886,2.7910947663532006,21.560550944658043,1.0,synthetic
11.0,cnn,detection,29.94282539340609,640,int8,1,gpu,150.0,300.0,8.0,datacenter_low,coreml,152.71412696703044,2.881749790671697,230.37774203326853,1.0,synthetic
44.0,cnn,detection,145.00728444474558,416,fp16,1,cpu,0.6,300.0,8.0,cpu_4thread,pytorch,6638.342899124874,3.2466799833114264,5303.574724729584,1.0,synthetic
68.0,hybrid,segmentation,149.76826953380248,512,fp32,1,gpu,25.0,300.0,8.0,consumer_mid,onnxruntime,751.8413476690124,3.836011691994337,1080.5887071650077,1.0,synthetic
150.0,transformer,classification,44.51534597755479,256,fp16,1,gpu,65.0,300.0,8.0,consumer_flagship,onnxruntime,225.57672988777392,2.4899672291429256,171.55404727466006,1.0,synthetic
44.0,hybrid,detection,148.72610279619533,416,int8,1,cpu,0.15,300.0,8.0,cpu_1thread,tflite,746.6305139809767,3.7859322555303505,638.4234098008261,1.0,synthetic
5.0,hybrid,classification,1.5194505121264736,224,int8,1,gpu,9.0,300.0,8.0,consumer_low,pytorch,10.597252560632368,1.4670645053579858,14.681570848408189,1.0,synthetic
11.0,transformer,segmentation,23.111891152899723,512,fp32,1,gpu,150.0,300.0,8.0,datacenter_low,pytorch,21.246799801037525,4.448376720961861,18.1913506072024,1.0,synthetic
44.0,hybrid,segmentation,123.93514829799997,512,int8,1,gpu,45.0,300.0,8.0,consumer_high,tensorrt,622.6757414899998,4.486232797185431,948.4227382228501,1.0,synthetic
25.0,cnn,classification,7.99980534354009,384,fp16,1,gpu,45.0,300.0,8.0,consumer_high,onnxruntime,42.99902671770045,2.039400121129801,54.63750677010341,1.0,synthetic
25.0,transformer,segmentation,61.21600212769305,768,int8,1,gpu,65.0,300.0,8.0,consumer_flagship,tflite,309.08001063846524,4.228450071731995,361.20542460978237,1.0,synthetic
11.0,transformer,classification,3.2000935628045744,384,fp32,1,cpu,0.15,300.0,8.0,cpu_1thread,pytorch,574.5786972181044,2.052849521423322,329.5816791183827,1.0,synthetic
100.0,transformer,detection,286.2048738712898,416,fp32,1,gpu,700.0,300.0,8.0,datacenter,tflite,1434.024369356449,2.8543759672001427,2430.716625306503,1.0,synthetic
68.0,cnn,detection,183.81628972998394,640,fp16,1,gpu,150.0,300.0,8.0,datacenter_low,tensorrt,39.85523713302661,2.8328584988581653,26.840562194566246,1.0,synthetic
44.0,cnn,classification,17.853149764912907,224,fp32,1,gpu,65.0,300.0,8.0,consumer_flagship,tensorrt,92.26574882456453,3.4013692780794185,112.90440048173438,1.0,synthetic
150.0,cnn,segmentation,373.1719909272065,768,fp32,1,cpu,0.15,300.0,8.0,cpu_1thread,tflite,1868.8599546360324,2.0751090087123316,2145.420144294107,1.0,synthetic
25.0,cnn,classification,8.568835962943888,256,int8,1,gpu,700.0,300.0,8.0,datacenter,coreml,45.84417981471944,3.8323440682338417,49.43579382453073,1.0,synthetic
11.0,cnn,classification,3.570587171114024,256,int8,1,cpu,0.15,300.0,8.0,cpu_1thread,onnxruntime,13.928355840632609,4.120990890891255,9.042090629541725,1.0,synthetic
11.0,transformer,classification,3.5180072988118387,256,fp16,1,cpu,1.0,300.0,8.0,cpu_modern_mt,onnxruntime,20.590036494059195,2.801740925213157,19.366262384771915,1.0,synthetic
68.0,cnn,detection,250.6098367094904,640,fp32,1,cpu,0.6,300.0,8.0,cpu_4thread,coreml,1256.049183547452,2.3692635602098115,1545.4675310518355,1.0,synthetic
68.0,transformer,classification,23.529581280075075,384,int8,1,cpu,0.6,300.0,8.0,cpu_4thread,pytorch,1086.811864499431,3.8820113312759594,694.7013230177222,1.0,synthetic
11.0,cnn,classification,4.387054968593487,224,fp32,1,gpu,150.0,300.0,8.0,datacenter_low,tflite,24.935274842967438,2.704718783393716,30.30359543382348,1.0,synthetic
11.0,hybrid,detection,37.68887290065414,832,fp16,1,gpu,45.0,300.0,8.0,consumer_high,onnxruntime,191.4443645032707,3.292020714447365,162.16666235375087,1.0,synthetic
11.0,hybrid,segmentation,24.19195341281199,768,fp32,1,cpu,0.15,300.0,8.0,cpu_1thread,tensorrt,123.95976706405995,2.5298702780737745,93.64772158533621,1.0,synthetic
68.0,transformer,segmentation,166.7805975098412,768,int8,1,cpu,1.0,300.0,8.0,cpu_modern_mt,onnxruntime,836.9029875492059,3.959870734278451,1035.448168750398,1.0,synthetic
11.0,cnn,classification,3.4403545773375663,384,int8,1,gpu,9.0,300.0,8.0,consumer_low,tflite,20.20177288668783,2.701603230912129,9.417293297742976,1.0,synthetic
11.0,hybrid,segmentation,23.493780756270866,512,fp32,1,gpu,9.0,300.0,8.0,consumer_low,tensorrt,120.46890378135433,3.2877676237875106,88.9504969463271,1.0,synthetic
100.0,hybrid,detection,356.8902542171688,416,fp16,1,gpu,45.0,300.0,8.0,consumer_high,onnxruntime,1787.451271085844,2.0287480631394668,2216.050798646495,1.0,synthetic
44.0,transformer,classification,18.273142991516323,224,int8,1,cpu,1.0,300.0,8.0,cpu_modern_mt,tensorrt,94.36571495758162,3.024236757882345,107.27843109166501,1.0,synthetic
5.0,transformer,detection,19.138545894988575,416,int8,1,cpu,0.15,300.0,8.0,cpu_1thread,tflite,98.69272947494287,1.5308915148629554,93.20011822060859,1.0,synthetic
44.0,cnn,segmentation,107.7996103181393,768,fp32,1,cpu,0.15,300.0,8.0,cpu_1thread,coreml,541.9980515906965,4.526846296244647,329.5042432540277,1.0,synthetic
5.0,transformer,classification,1.922493257816137,224,fp32,1,cpu,1.0,300.0,8.0,cpu_modern_mt,tflite,12.612466289080684,4.989684258541571,9.689485602986988,1.0,synthetic
5.0,transformer,classification,1.786071457052598,256,int8,1,cpu,0.6,300.0,8.0,cpu_4thread,coreml,11.930357285262989,2.0507162045352127,11.651729632580972,1.0,synthetic
68.0,hybrid,segmentation,170.20482162216953,512,int8,1,gpu,9.0,300.0,8.0,consumer_low,pytorch,854.0241081108477,2.499258313794808,1046.620497864456,1.0,synthetic
44.0,hybrid,segmentation,104.89896945895246,768,int8,1,gpu,150.0,300.0,8.0,datacenter_low,tensorrt,23.20368255583897,2.456179183334097,23.718044419719917,1.0,synthetic
25.0,cnn,detection,89.35090892175279,640,fp16,1,gpu,65.0,300.0,8.0,consumer_flagship,onnxruntime,449.7545446087639,3.2188244016787597,468.1653546905693,1.0,synthetic
100.0,cnn,classification,28.6274283493913,224,fp32,1,cpu,1.0,300.0,8.0,cpu_modern_mt,onnxruntime,146.1371417469565,4.872474673612855,82.66135129651626,1.0,synthetic
5.0,hybrid,classification,2.0670086642506584,384,fp16,1,gpu,700.0,300.0,8.0,datacenter,tensorrt,13.335043321253291,3.7357262341496713,17.827444033105564,1.0,synthetic
100.0,hybrid,detection,286.3970169607199,832,int8,1,cpu,1.0,300.0,8.0,cpu_modern_mt,onnxruntime,1434.9850848035994,2.7865146552248463,1088.1263132282165,1.0,synthetic
25.0,hybrid,classification,8.719036110086575,256,fp32,1,cpu,1.0,300.0,8.0,cpu_modern_mt,tflite,46.59518055043288,4.4225347889154465,28.214873275552893,1.0,synthetic
11.0,transformer,segmentation,28.387935777771684,768,int8,1,cpu,1.0,300.0,8.0,cpu_modern_mt,pytorch,144.93967888885842,3.9645441871673834,119.37321879269456,1.0,synthetic
150.0,hybrid,classification,45.97474350352539,384,fp16,1,gpu,65.0,300.0,8.0,consumer_flagship,onnxruntime,232.87371751762694,3.5792408311846344,129.31368022509136,1.0,synthetic
68.0,cnn,segmentation,196.66000293882084,512,fp16,1,cpu,0.6,300.0,8.0,cpu_4thread,tflite,986.3000146941042,4.3067396302737855,1099.102096096508,1.0,synthetic
150.0,cnn,detection,452.01037018258097,416,fp32,1,gpu,150.0,300.0,8.0,datacenter_low,tflite,2263.0518509129047,3.877007989774719,2512.75265679314,1.0,synthetic
25.0,hybrid,classification,7.51943543183923,224,int8,1,gpu,45.0,300.0,8.0,consumer_high,coreml,40.59717715919615,4.039125887837285,42.51159737479646,1.0,synthetic
100.0,cnn,classification,29.46866140889036,224,fp32,1,gpu,45.0,300.0,8.0,consumer_high,tflite,150.3433070444518,3.1554222089347386,152.5485848603817,1.0,synthetic
5.0,hybrid,detection,13.164842205758031,832,fp16,1,cpu,1.0,300.0,8.0,cpu_modern_mt,tflite,68.82421102879016,3.1423512037763284,95.27720131002246,1.0,synthetic
44.0,hybrid,segmentation,132.85073712382652,768,fp16,1,gpu,9.0,300.0,8.0,consumer_low,pytorch,667.2536856191326,4.793474273331867,662.9585491915249,1.0,synthetic
150.0,transformer,segmentation,373.5951959633433,768,fp32,1,gpu,45.0,300.0,8.0,consumer_high,tensorrt,1870.9759798167165,3.2845270623864513,1656.0591842444958,1.0,synthetic
5.0,hybrid,detection,16.502784353274368,416,int8,1,gpu,45.0,300.0,8.0,consumer_high,pytorch,85.51392176637184,1.0278333086047906,58.5085859515269,1.0,synthetic
100.0,transformer,classification,36.53736321170182,256,fp32,1,gpu,45.0,300.0,8.0,consumer_high,pytorch,185.68681605850912,4.762419761023437,177.97064285039798,1.0,synthetic
25.0,transformer,detection,67.40365225686931,416,int8,1,gpu,45.0,300.0,8.0,consumer_high,pytorch,340.0182612843465,4.426226687063359,288.0159193033911,1.0,synthetic
68.0,cnn,segmentation,160.48208958082756,768,fp16,1,gpu,65.0,300.0,8.0,consumer_flagship,coreml,805.4104479041378,4.6461632128363055,556.4875337818133,1.0,synthetic
5.0,cnn,detection,13.151730397760426,640,fp32,1,gpu,150.0,300.0,8.0,datacenter_low,onnxruntime,68.75865198880213,3.9763330354631137,70.70544663522142,1.0,synthetic
44.0,cnn,detection,133.3482739092474,416,int8,1,cpu,0.15,300.0,8.0,cpu_1thread,pytorch,23800.822961844297,4.3459828565331815,29148.070767693214,1.0,synthetic
44.0,hybrid,segmentation,99.14207160386243,512,fp32,1,cpu,0.6,300.0,8.0,cpu_4thread,pytorch,4542.302672296513,4.561087141943118,4375.014877707459,1.0,synthetic
11.0,cnn,detection,38.78936985985874,832,fp32,1,cpu,1.0,300.0,8.0,cpu_modern_mt,tflite,196.9468492992937,3.5514679114668737,167.49099527253435,1.0,synthetic
68.0,hybrid,detection,223.87886951327238,832,fp16,1,gpu,65.0,300.0,8.0,consumer_flagship,tflite,1122.3943475663618,3.3985731089868154,1353.5692062231515,1.0,synthetic
44.0,hybrid,segmentation,135.6536561164705,512,fp32,1,cpu,0.15,300.0,8.0,cpu_1thread,onnxruntime,384.1571980944668,4.637095915629413,541.5938281607258,1.0,synthetic
11.0,transformer,detection,37.23358134868583,416,int8,1,gpu,65.0,300.0,8.0,consumer_flagship,onnxruntime,189.16790674342917,3.7263227795919955,287.1095837362033,1.0,synthetic
44.0,hybrid,detection,134.8437087548625,832,fp32,1,cpu,1.0,300.0,8.0,cpu_modern_mt,tflite,677.2185437743125,2.9200219150642286,430.4316842109224,1.0,synthetic
68.0,hybrid,segmentation,170.22380322702344,768,int8,1,gpu,45.0,300.0,8.0,consumer_high,coreml,854.1190161351171,2.7907234646041514,504.96114555616754,1.0,synthetic
150.0,cnn,detection,530.1049570100752,832,fp32,1,gpu,65.0,300.0,8.0,consumer_flagship,coreml,2653.5247850503756,3.5944024878722387,4555.991917028491,1.0,synthetic
68.0,cnn,classification,19.684267553907713,224,int8,1,gpu,25.0,300.0,8.0,consumer_mid,tflite,101.42133776953857,4.265709593599856,131.2495732473464,1.0,synthetic
5.0,cnn,detection,14.868779417241646,832,int8,1,gpu,45.0,300.0,8.0,consumer_high,coreml,77.34389708620823,2.4072747280667635,70.8141858386665,1.0,synthetic
5.0,cnn,classification,1.4536220358507472,224,fp32,1,gpu,45.0,300.0,8.0,consumer_high,onnxruntime,10.268110179253735,3.0769112890610257,10.188825187769812,1.0,synthetic
25.0,cnn,segmentation,66.01631413537663,512,fp16,1,cpu,0.6,300.0,8.0,cpu_4thread,tflite,333.0815706768832,4.390318581709536,314.4734466699376,1.0,synthetic
68.0,transformer,detection,247.40517701917491,832,fp16,1,gpu,65.0,300.0,8.0,consumer_flagship,tensorrt,1240.0258850958746,2.444533190988421,819.9247508926284,1.0,synthetic
5.0,hybrid,classification,1.4332833262168145,224,fp32,1,gpu,150.0,300.0,8.0,datacenter_low,tflite,10.166416631084072,3.9236449707050745,5.678447468068105,1.0,synthetic
25.0,transformer,detection,66.06200401768616,640,int8,1,gpu,700.0,300.0,8.0,datacenter,tflite,333.3100200884308,2.5957489346782503,363.0477445699247,1.0,synthetic
68.0,transformer,detection,221.04007700334105,640,int8,1,gpu,150.0,300.0,8.0,datacenter_low,tflite,1108.2003850167052,2.5489931498062965,1847.7180085922382,1.0,synthetic
150.0,transformer,classification,51.21348135771865,224,fp16,1,gpu,25.0,300.0,8.0,consumer_mid,tensorrt,259.06740678859325,2.446097954892645,245.5147973164426,1.0,synthetic
25.0,cnn,segmentation,70.81954572739657,768,fp32,1,gpu,65.0,300.0,8.0,consumer_flagship,pytorch,24.91864940262924,2.5603052488100264,38.026744787637696,1.0,synthetic
25.0,transformer,classification,9.584924560295383,384,fp32,1,gpu,65.0,300.0,8.0,consumer_flagship,tflite,50.924622801476914,4.554305113572424,22.22712313699054,1.0,synthetic
100.0,hybrid,classification,37.92044934076936,256,fp16,1,gpu,9.0,300.0,8.0,consumer_low,coreml,192.6022467038468,2.098732390864818,133.0309744154793,1.0,synthetic
44.0,cnn,segmentation,105.07293663616933,768,fp32,1,gpu,65.0,300.0,8.0,consumer_flagship,pytorch,35.52007388889441,3.865568256453727,59.46526165562621,1.0,synthetic
100.0,hybrid,classification,38.64745082946211,256,fp32,1,gpu,45.0,300.0,8.0,consumer_high,tensorrt,196.23725414731055,4.177075546744238,217.38680890457147,1.0,synthetic
25.0,hybrid,classification,9.422107433035896,384,fp16,1,gpu,9.0,300.0,8.0,consumer_low,pytorch,50.11053716517948,3.2072554827709463,57.993820140068046,1.0,synthetic
5.0,transformer,detection,15.82021830345336,416,int8,1,cpu,1.0,300.0,8.0,cpu_modern_mt,onnxruntime,82.10109151726681,2.075087174022176,113.34156150789636,1.0,synthetic
11.0,hybrid,detection,40.498388897708466,640,fp16,1,gpu,150.0,300.0,8.0,datacenter_low,onnxruntime,205.49194448854234,4.792218189087238,158.0363712035367,1.0,synthetic
25.0,hybrid,detection,82.51237735710225,832,int8,1,cpu,0.6,300.0,8.0,cpu_4thread,coreml,415.56188678551126,2.536885451405003,284.5462561968282,1.0,synthetic
25.0,transformer,segmentation,69.25607361172194,768,fp16,1,gpu,45.0,300.0,8.0,consumer_high,tflite,349.2803680586097,4.6284193540520215,275.13443774916175,1.0,synthetic
150.0,transformer,detection,484.9514579588249,640,fp16,1,gpu,9.0,300.0,8.0,consumer_low,onnxruntime,2427.7572897941245,4.667870066215867,2967.7779616320163,1.0,synthetic
150.0,transformer,segmentation,363.45314139028113,512,fp16,1,gpu,25.0,300.0,8.0,consumer_mid,coreml,1820.2657069514057,2.809512814453633,1798.742006795348,1.0,synthetic
68.0,hybrid,detection,236.33355738212902,832,fp32,1,cpu,0.6,300.0,8.0,cpu_4thread,coreml,1184.6677869106452,4.871319658568098,953.7268355417463,1.0,synthetic
25.0,transformer,segmentation,69.96532792994066,768,fp16,1,gpu,9.0,300.0,8.0,consumer_low,onnxruntime,352.8266396497033,4.314922211585905,340.3213155401554,1.0,synthetic
5.0,transformer,detection,18.1954779946989,832,int8,1,gpu,25.0,300.0,8.0,consumer_mid,coreml,93.97738997349451,2.0663134413753137,126.50654819032438,1.0,synthetic
5.0,cnn,classification,1.7554441002486953,384,fp16,1,cpu,1.0,300.0,8.0,cpu_modern_mt,coreml,11.777220501243477,2.759253209664281,18.275609878961546,1.0,synthetic
100.0,hybrid,classification,39.334109652809786,256,int8,1,gpu,65.0,300.0,8.0,consumer_flagship,onnxruntime,199.67054826404893,4.85097361690182,263.0903434472234,1.0,synthetic
68.0,hybrid,segmentation,174.34172436952508,768,fp32,1,gpu,700.0,300.0,8.0,datacenter,onnxruntime,874.7086218476254,3.9867426425644408,1199.1462700121479,1.0,synthetic
150.0,cnn,classification,53.48941727490134,384,fp16,1,cpu,1.0,300.0,8.0,cpu_modern_mt,onnxruntime,270.44708637450674,4.644943863724432,353.4318944292262,1.0,synthetic
5.0,cnn,segmentation,12.73441888819825,768,fp32,1,cpu,0.15,300.0,8.0,cpu_1thread,tflite,66.67209444099126,2.415642327334083,87.11407835657693,1.0,synthetic
25.0,hybrid,detection,64.98409409631093,416,fp16,1,gpu,45.0,300.0,8.0,consumer_high,tflite,327.9204704815546,4.803123621147504,374.64949328871387,1.0,synthetic
150.0,transformer,detection,412.3638347233103,832,fp32,1,gpu,45.0,300.0,8.0,consumer_high,onnxruntime,2064.8191736165513,4.126115601647009,2384.984738250772,1.0,synthetic
5.0,cnn,classification,1.4918835477650099,256,fp16,1,cpu,0.15,300.0,8.0,cpu_1thread,coreml,10.45941773882505,4.002195873682423,12.008397936098666,1.0,synthetic
5.0,transformer,detection,18.490154133291938,416,int8,1,gpu,65.0,300.0,8.0,consumer_flagship,coreml,95.45077066645969,1.6642874643691286,54.92594354375043,1.0,synthetic
150.0,cnn,segmentation,324.8344149454882,512,fp32,1,gpu,9.0,300.0,8.0,consumer_low,tensorrt,1627.1720747274412,4.67607670708992,1011.0535687438792,1.0,synthetic
11.0,cnn,classification,4.418541610529986,384,fp16,1,cpu,0.6,300.0,8.0,cpu_4thread,tensorrt,25.09270805264993,4.0025864546725085,19.949682263489382,1.0,synthetic
100.0,hybrid,detection,339.165804640946,832,fp16,1,gpu,65.0,300.0,8.0,consumer_flagship,onnxruntime,1698.8290232047302,4.703626207524837,2062.0751053361696,1.0,synthetic
100.0,transformer,segmentation,294.40244317526367,768,fp32,1,gpu,45.0,300.0,8.0,consumer_high,coreml,1475.0122158763184,3.141333355297884,1631.8423513259925,1.0,synthetic
68.0,hybrid,classification,19.57801922417435,224,fp32,1,gpu,65.0,300.0,8.0,consumer_flagship,tensorrt,100.89009612087176,4.033021324304141,139.66966128921328,1.0,synthetic
11.0,transformer,segmentation,26.634628026150345,768,int8,1,gpu,45.0,300.0,8.0,consumer_high,tensorrt,136.17314013075173,4.735323641072428,245.60165156014523,1.0,synthetic
5.0,cnn,detection,18.08279625987199,416,fp32,1,gpu,65.0,300.0,8.0,consumer_flagship,coreml,93.41398129935996,3.351791387310799,84.13828639038586,1.0,synthetic
11.0,cnn,detection,33.61998685684502,640,fp32,1,gpu,700.0,300.0,8.0,datacenter,onnxruntime,171.09993428422507,2.333139161875695,140.77968000940456,1.0,synthetic
100.0,hybrid,classification,41.59547711710656,224,fp32,1,gpu,65.0,300.0,8.0,consumer_flagship,onnxruntime,210.9773855855328,3.7217523318787364,141.72522015478583,1.0,synthetic
25.0,transformer,detection,68.0897869694468,416,fp16,1,gpu,9.0,300.0,8.0,consumer_low,tflite,343.448934847234,3.598656909922609,418.6164806594436,1.0,synthetic
5.0,cnn,segmentation,10.58461751733689,768,fp32,1,gpu,9.0,300.0,8.0,consumer_low,tflite,55.923087586684446,4.852523102687334,30.104059252426875,1.0,synthetic
100.0,hybrid,segmentation,236.63907087339425,768,int8,1,gpu,65.0,300.0,8.0,consumer_flagship,pytorch,76.23979243531552,2.12517437856051,55.359776296813706,1.0,synthetic
25.0,hybrid,segmentation,61.8702881267305,512,int8,1,cpu,0.15,300.0,8.0,cpu_1thread,tensorrt,312.3514406336525,3.868283577020566,335.2861052170695,1.0,synthetic
11.0,cnn,segmentation,24.15944736738805,512,int8,1,gpu,65.0,300.0,8.0,consumer_flagship,tflite,123.79723683694026,2.4783802933603014,98.4549174964987,1.0,synthetic
44.0,cnn,detection,141.14208196164515,640,fp32,1,gpu,150.0,300.0,8.0,datacenter_low,pytorch,122.09179482802962,2.255642260705313,72.59303944967381,1.0,synthetic
5.0,transformer,classification,1.4325629474415482,224,fp32,1,gpu,25.0,300.0,8.0,consumer_mid,coreml,10.162814737207741,2.2861214236940826,6.202029360668877,1.0,synthetic
11.0,cnn,classification,3.7328253847309534,384,int8,1,gpu,45.0,300.0,8.0,consumer_high,tensorrt,21.664126923654766,4.745422218552184,22.522490301500987,1.0,synthetic
11.0,transformer,detection,38.356629648890504,640,fp16,1,gpu,65.0,300.0,8.0,consumer_flagship,onnxruntime,194.78314824445252,4.917883224189257,209.3139840944535,1.0,synthetic
68.0,cnn,classification,26.306107379854925,224,int8,1,gpu,9.0,300.0,8.0,consumer_low,onnxruntime,134.53053689927464,3.8252237658184387,143.0005733911154,1.0,synthetic
11.0,cnn,classification,3.64275585566546,256,fp16,1,cpu,0.15,300.0,8.0,cpu_1thread,coreml,21.2137792783273,4.9848499583658255,25.075520589484288,1.0,synthetic
5.0,cnn,classification,1.7271510792332434,224,fp32,1,cpu,0.6,300.0,8.0,cpu_4thread,onnxruntime,11.635755396166218,4.1710381042784235,8.74817794259249,1.0,synthetic
44.0,transformer,detection,140.52360678361458,640,fp32,1,gpu,9.0,300.0,8.0,consumer_low,pytorch,705.6180339180729,3.513874048795093,393.6643149177875,1.0,synthetic
150.0,transformer,detection,454.443967078152,416,fp16,1,gpu,65.0,300.0,8.0,consumer_flagship,tflite,2275.21983539076,4.246319965465423,1461.1407210851212,1.0,synthetic
68.0,hybrid,detection,250.17663719452565,640,fp16,1,cpu,1.0,300.0,8.0,cpu_modern_mt,onnxruntime,1253.8831859726283,4.687727416194472,1149.7079984067059,1.0,synthetic
100.0,transformer,classification,32.78171724597147,256,fp32,1,cpu,0.15,300.0,8.0,cpu_1thread,pytorch,5853.715259716068,2.927922996455893,6613.008109032865,1.0,synthetic
100.0,cnn,classification,38.1745848035753,384,int8,1,cpu,0.6,300.0,8.0,cpu_4thread,tensorrt,193.8729240178765,3.120853316930924,177.84487388476597,1.0,synthetic
5.0,cnn,classification,1.9050259202508442,224,fp16,1,gpu,150.0,300.0,8.0,datacenter_low,onnxruntime,12.525129601254221,2.98087526081053,12.061726964188873,1.0,synthetic
25.0,hybrid,classification,9.203456695983013,256,fp32,1,cpu,0.15,300.0,8.0,cpu_1thread,coreml,49.017283479915065,4.69139139893281,71.18176245608029,1.0,synthetic
100.0,transformer,classification,34.05590298975804,224,fp32,1,cpu,0.15,300.0,8.0,cpu_1thread,onnxruntime,99.37869608029179,2.499296229987371,128.31687470675044,1.0,synthetic
5.0,transformer,classification,1.6232480008023225,256,int8,1,gpu,25.0,300.0,8.0,consumer_mid,tflite,11.116240004011612,1.0196831883424502,18.547700873308642,1.0,synthetic
44.0,hybrid,segmentation,105.97033914620887,512,fp16,1,gpu,25.0,300.0,8.0,consumer_mid,tflite,532.8516957310444,4.339527743057951,452.9984911494646,1.0,synthetic
5.0,transformer,detection,17.09348930131645,832,int8,1,gpu,45.0,300.0,8.0,consumer_high,onnxruntime,88.46744650658225,2.1748535783169434,112.67800681787351,1.0,synthetic
25.0,transformer,classification,9.387641081534722,384,int8,1,gpu,25.0,300.0,8.0,consumer_mid,onnxruntime,49.938205407673614,3.318984597111772,59.77382466498925,1.0,synthetic
150.0,cnn,detection,572.8508791446055,832,fp16,1,gpu,700.0,300.0,8.0,datacenter,onnxruntime,2867.2543957230278,2.878438565314353,1901.5564752821188,1.0,synthetic
11.0,cnn,segmentation,30.814354496302172,512,fp16,1,gpu,45.0,300.0,8.0,consumer_high,coreml,157.07177248151086,4.774218695598391,172.80104592583004,1.0,synthetic
25.0,hybrid,segmentation,56.646723359353345,768,fp16,1,cpu,0.15,300.0,8.0,cpu_1thread,coreml,286.23361679676674,3.1318571731137195,267.22508084365904,1.0,synthetic
68.0,transformer,segmentation,188.12849518304853,512,fp32,1,gpu,25.0,300.0,8.0,consumer_mid,tflite,943.6424759152426,2.9897900625274243,1072.083567454071,1.0,synthetic
44.0,cnn,segmentation,131.65878249043763,512,fp32,1,gpu,9.0,300.0,8.0,consumer_low,pytorch,661.2939124521881,2.338779773866625,540.2913960253245,1.0,synthetic
5.0,cnn,classification,1.4459833005384528,224,int8,1,cpu,1.0,300.0,8.0,cpu_modern_mt,tflite,10.229916502692264,2.1334115702526972,7.767232617006218,1.0,synthetic
100.0,cnn,classification,30.299871922631606,256,int8,1,gpu,700.0,300.0,8.0,datacenter,coreml,154.49935961315802,4.0118174291640365,144.29482012377147,1.0,synthetic
5.0,hybrid,segmentation,11.572090996797762,512,fp16,1,gpu,65.0,300.0,8.0,consumer_flagship,pytorch,6.581562163508908,2.7209683054756004,8.154283470173842,1.0,synthetic
5.0,hybrid,detection,16.478138898352483,832,fp32,1,gpu,150.0,300.0,8.0,datacenter_low,coreml,85.39069449176242,4.273439917082798,134.16992608275274,1.0,synthetic
68.0,cnn,detection,232.4566630363251,832,int8,1,cpu,1.0,300.0,8.0,cpu_modern_mt,tensorrt,1165.2833151816255,3.347391697680473,1290.3786795679036,1.0,synthetic
25.0,hybrid,classification,10.11724135198216,384,fp32,1,gpu,45.0,300.0,8.0,consumer_high,tflite,53.5862067599108,4.164408613614461,66.60900232203397,1.0,synthetic
11.0,cnn,classification,3.9275182065533896,256,fp16,1,cpu,0.6,300.0,8.0,cpu_4thread,tensorrt,22.63759103276695,4.358391267386546,13.152329717607696,1.0,synthetic
44.0,hybrid,classification,14.061158820985241,224,fp32,1,gpu,9.0,300.0,8.0,consumer_low,pytorch,73.3057941049262,2.9784491513580846,124.77783148806047,1.0,synthetic
11.0,cnn,detection,36.799265322770744,416,fp16,1,gpu,45.0,300.0,8.0,consumer_high,onnxruntime,186.9963266138537,2.156471692559988,229.9475027092488,1.0,synthetic
100.0,transformer,segmentation,218.3265080148676,768,int8,1,gpu,65.0,300.0,8.0,consumer_flagship,tflite,1094.632540074338,4.014002093309017,826.9107604622635,1.0,synthetic
100.0,hybrid,classification,39.644095683918856,224,int8,1,gpu,9.0,300.0,8.0,consumer_low,coreml,201.2204784195943,4.557867312428351,308.99397993987765,1.0,synthetic
25.0,transformer,classification,7.602586759125579,256,fp16,1,gpu,9.0,300.0,8.0,consumer_low,pytorch,41.012933795627895,4.321941788800731,69.08457667445626,1.0,synthetic
44.0,hybrid,segmentation,127.42677287815343,768,fp32,1,gpu,25.0,300.0,8.0,consumer_mid,tensorrt,640.1338643907671,2.6845020031417532,620.860616127381,1.0,synthetic
5.0,cnn,classification,1.5347743724066416,256,int8,1,gpu,150.0,300.0,8.0,datacenter_low,tflite,10.673871862033208,1.4787092733012899,16.876174790096375,1.0,synthetic
5.0,transformer,segmentation,10.944466815684592,768,fp32,1,gpu,700.0,300.0,8.0,datacenter,tflite,57.72233407842296,4.150239148730233,68.48968532223535,1.0,synthetic
100.0,hybrid,detection,294.3613224166406,416,fp16,1,gpu,150.0,300.0,8.0,datacenter_low,tflite,1474.806612083203,2.9447286425801487,1367.5171859028844,1.0,synthetic
100.0,hybrid,classification,36.297492922792436,256,fp16,1,gpu,9.0,300.0,8.0,consumer_low,onnxruntime,184.48746461396217,3.07520671608145,171.75135467544854,1.0,synthetic
44.0,transformer,classification,12.447277005815538,256,fp16,1,gpu,25.0,300.0,8.0,consumer_mid,onnxruntime,65.2363850290777,3.9791134464412754,59.87953599791964,1.0,synthetic
11.0,hybrid,detection,29.54709223443696,416,fp16,1,cpu,1.0,300.0,8.0,cpu_modern_mt,pytorch,150.73546117218478,3.6819705605020454,127.82537160246848,1.0,synthetic
5.0,hybrid,detection,13.567269573273627,416,int8,1,gpu,65.0,300.0,8.0,consumer_flagship,onnxruntime,70.83634786636813,1.1008429533562158,60.009373522367746,1.0,synthetic
68.0,transformer,segmentation,188.91644468557968,512,fp32,1,cpu,0.15,300.0,8.0,cpu_1thread,coreml,947.5822234278984,3.3902106421581033,818.9246331372718,1.0,synthetic
25.0,cnn,classification,9.908687043140683,256,fp32,1,gpu,25.0,300.0,8.0,consumer_mid,pytorch,46.70566376457913,2.9172764694670965,63.934552652583385,1.0,synthetic
25.0,transformer,segmentation,62.61888639496601,768,fp32,1,cpu,1.0,300.0,8.0,cpu_modern_mt,tflite,316.09443197483006,2.9048106988914935,251.50494492889658,1.0,synthetic
100.0,hybrid,detection,266.2687093505318,416,int8,1,gpu,9.0,300.0,8.0,consumer_low,tflite,1334.3435467526592,4.3634995645564905,1365.5371283936672,1.0,synthetic
25.0,hybrid,segmentation,69.1172843968177,512,fp32,1,cpu,1.0,300.0,8.0,cpu_modern_mt,tflite,348.5864219840885,3.542762837185925,429.7017681358243,1.0,synthetic
100.0,transformer,classification,29.255495593231323,256,int8,1,gpu,65.0,300.0,8.0,consumer_flagship,coreml,149.27747796615662,3.24314950806883,110.58191702692038,1.0,synthetic
68.0,hybrid,segmentation,185.93088150693606,768,fp32,1,cpu,0.15,300.0,8.0,cpu_1thread,onnxruntime,525.0842608639417,4.34668700141637,594.5644212847683,1.0,synthetic
11.0,cnn,segmentation,30.71691681010661,512,fp32,1,gpu,9.0,300.0,8.0,consumer_low,tensorrt,156.58458405053307,3.038385620214764,119.79452049140707,1.0,synthetic
150.0,hybrid,classification,42.90115772586408,224,fp32,1,gpu,700.0,300.0,8.0,datacenter,pytorch,217.50578862932042,4.158430679529394,247.92441538387996,1.0,synthetic
150.0,cnn,classification,62.004305607665806,224,fp32,1,cpu,1.0,300.0,8.0,cpu_modern_mt,tensorrt,313.02152803832905,3.426710230260961,278.2044845080701,1.0,synthetic
5.0,hybrid,segmentation,14.854830760263358,768,int8,1,gpu,25.0,300.0,8.0,consumer_mid,onnxruntime,77.27415380131679,1.8279612929076698,72.23299414184233,1.0,synthetic
68.0,transformer,segmentation,144.74808006144482,768,fp16,1,gpu,65.0,300.0,8.0,consumer_flagship,tensorrt,726.7404003072241,3.3831599915815644,384.494431531422,1.0,synthetic
5.0,hybrid,classification,1.9842003698096629,384,fp16,1,cpu,0.15,300.0,8.0,cpu_1thread,tensorrt,12.921001849048315,3.978439034860357,10.11263074541979,1.0,synthetic
44.0,cnn,segmentation,94.23120918181154,768,fp16,1,gpu,700.0,300.0,8.0,datacenter,onnxruntime,474.1560459090577,2.5625841438396826,591.41765399556,1.0,synthetic
11.0,transformer,classification,3.3429273972140963,384,int8,1,cpu,0.15,300.0,8.0,cpu_1thread,tflite,19.71463698607048,4.6109827811140764,29.37029481449711,1.0,synthetic
44.0,hybrid,segmentation,110.72523969934157,512,fp16,1,gpu,150.0,300.0,8.0,datacenter_low,coreml,556.6261984967078,4.182060551227878,566.2334348223679,1.0,synthetic
100.0,transformer,segmentation,257.8412070040904,768,fp16,1,gpu,45.0,300.0,8.0,consumer_high,tflite,1292.206035020452,2.8621397457667053,2474.689131985877,1.0,synthetic
68.0,cnn,segmentation,167.13847199687223,768,int8,1,gpu,25.0,300.0,8.0,consumer_mid,onnxruntime,838.6923599843611,2.6403479967338277,813.5564344371217,1.0,synthetic
11.0,hybrid,detection,41.31924386412773,416,int8,1,gpu,9.0,300.0,8.0,consumer_low,onnxruntime,209.59621932063862,4.389801369495131,295.0069731469384,1.0,synthetic
5.0,cnn,classification,1.4389663022393395,224,fp32,1,gpu,65.0,300.0,8.0,consumer_flagship,pytorch,3.4453600705430754,4.077336443724641,2.9859997098839828,1.0,synthetic
5.0,cnn,segmentation,14.454757487451435,768,fp32,1,gpu,25.0,300.0,8.0,consumer_mid,coreml,75.27378743725717,2.7171078294494184,62.56280221421512,1.0,synthetic
150.0,cnn,segmentation,352.08714120828625,512,fp16,1,gpu,25.0,300.0,8.0,consumer_mid,tflite,1763.4357060414313,2.5154485349038307,2261.5527734869165,1.0,synthetic
150.0,hybrid,segmentation,328.2619390260253,512,fp32,1,gpu,700.0,300.0,8.0,datacenter,tflite,1644.3096951301263,4.036592267256541,1007.7896657911676,1.0,synthetic
68.0,transformer,classification,26.45701238683098,384,int8,1,gpu,150.0,300.0,8.0,datacenter_low,coreml,135.2850619341549,3.2961281405794294,68.24543119512468,1.0,synthetic
68.0,hybrid,segmentation,168.90820201142446,512,int8,1,gpu,25.0,300.0,8.0,consumer_mid,onnxruntime,847.5410100571223,4.879954724713025,851.5086937511074,1.0,synthetic
5.0,cnn,segmentation,14.394067507139528,512,fp32,1,gpu,700.0,300.0,8.0,datacenter,onnxruntime,74.97033753569764,3.6320368740893287,64.47007950362764,1.0,synthetic
5.0,transformer,detection,16.723109517207604,832,int8,1,gpu,65.0,300.0,8.0,consumer_flagship,onnxruntime,86.61554758603802,1.7022758440431507,59.213097768121514,1.0,synthetic
25.0,cnn,classification,9.835443222541857,224,int8,1,cpu,0.15,300.0,8.0,cpu_1thread,onnxruntime,31.48874735278482,4.563288160345191,31.777880854655468,1.0,synthetic
68.0,cnn,detection,239.45483272970532,640,fp32,1,gpu,700.0,300.0,8.0,datacenter,pytorch,1200.2741636485266,4.33574554616193,1928.5493981172958,1.0,synthetic
5.0,hybrid,detection,18.920964988373868,640,fp32,1,cpu,0.15,300.0,8.0,cpu_1thread,tensorrt,97.60482494186934,4.66685676707192,74.26004483708238,1.0,synthetic
68.0,cnn,segmentation,196.05184912583528,512,fp16,1,gpu,9.0,300.0,8.0,consumer_low,coreml,983.2592456291763,4.779636624306882,747.0478752804576,1.0,synthetic
11.0,hybrid,detection,29.048872657368303,832,int8,1,cpu,1.0,300.0,8.0,cpu_modern_mt,coreml,148.24436328684152,3.5116915948777483,109.9180049401447,1.0,synthetic
44.0,transformer,classification,13.279401100217216,384,int8,1,cpu,0.15,300.0,8.0,cpu_1thread,tflite,69.39700550108608,2.3842355269546376,77.27579748464039,1.0,synthetic
11.0,transformer,detection,28.33133030297903,416,fp32,1,cpu,1.0,300.0,8.0,cpu_modern_mt,coreml,144.65665151489515,2.315564854636915,93.98327352601522,1.0,synthetic
44.0,hybrid,segmentation,106.29305670898474,512,fp32,1,gpu,9.0,300.0,8.0,consumer_low,tflite,534.4652835449236,2.506832274354755,796.0515567541054,1.0,synthetic
68.0,cnn,segmentation,208.03665848379737,768,int8,1,gpu,65.0,300.0,8.0,consumer_flagship,pytorch,67.38734580073529,4.519574010198757,47.7861461319101,1.0,synthetic
44.0,cnn,detection,149.12160447562778,640,fp32,1,gpu,700.0,300.0,8.0,datacenter,onnxruntime,748.6080223781389,4.130514822209004,515.7488405877898,1.0,synthetic
150.0,transformer,segmentation,411.2162814222778,512,fp32,1,gpu,65.0,300.0,8.0,consumer_flagship,pytorch,130.27143910019498,3.946477629501843,220.09833067866384,1.0,synthetic
68.0,hybrid,classification,19.595932053043146,224,fp32,1,gpu,9.0,300.0,8.0,consumer_low,onnxruntime,100.97966026521573,2.6540494955958156,134.59862108907254,1.0,synthetic
68.0,hybrid,classification,28.193202820675605,384,int8,1,cpu,1.0,300.0,8.0,cpu_modern_mt,onnxruntime,143.96601410337803,4.286115390167225,73.14820899833464,1.0,synthetic
100.0,transformer,classification,35.34326519718133,384,int8,1,gpu,45.0,300.0,8.0,consumer_high,pytorch,179.71632598590665,2.039488314295693,217.59894841923722,1.0,synthetic
100.0,transformer,detection,350.238412379535,832,int8,1,gpu,700.0,300.0,8.0,datacenter,pytorch,1754.192061897675,4.86998026527264,1403.5441997452283,1.0,synthetic
44.0,transformer,detection,125.25050596839557,416,int8,1,gpu,65.0,300.0,8.0,consumer_flagship,pytorch,41.76503159721843,3.373248102146598,48.750434730845534,1.0,synthetic
25.0,hybrid,segmentation,54.98313499278379,512,fp32,1,gpu,65.0,300.0,8.0,consumer_flagship,coreml,277.91567496391895,3.0595203866291163,170.15979640720343,1.0,synthetic
150.0,hybrid,classification,59.366514421639884,256,fp32,1,gpu,700.0,300.0,8.0,datacenter,pytorch,299.83257210819943,2.0286851385514346,450.35588685666687,1.0,synthetic
44.0,hybrid,detection,157.58036213666122,640,fp32,1,cpu,1.0,300.0,8.0,cpu_modern_mt,tflite,790.9018106833062,3.768329661812747,855.5327917363943,1.0,synthetic
25.0,cnn,segmentation,53.43985748784691,768,int8,1,gpu,700.0,300.0,8.0,datacenter,coreml,270.1992874392345,2.1519359793311787,273.3369947328084,1.0,synthetic
25.0,hybrid,segmentation,74.96197764566763,768,int8,1,gpu,9.0,300.0,8.0,consumer_low,tflite,377.80988822833814,3.8540974525434115,330.8151171617608,1.0,synthetic
5.0,hybrid,segmentation,12.945875056689122,512,int8,1,cpu,1.0,300.0,8.0,cpu_modern_mt,tflite,67.7293752834456,2.4507460827040783,90.88741935028855,1.0,synthetic
150.0,hybrid,detection,566.3924929683631,640,int8,1,gpu,65.0,300.0,8.0,consumer_flagship,tflite,2834.9624648418153,4.493020366969324,2769.5209491949545,1.0,synthetic
68.0,transformer,segmentation,191.57037504580634,512,fp32,1,cpu,1.0,300.0,8.0,cpu_modern_mt,tensorrt,960.8518752290317,4.88835952648421,993.9147958657475,1.0,synthetic
68.0,transformer,classification,24.47841260677373,384,int8,1,gpu,150.0,300.0,8.0,datacenter_low,coreml,125.39206303386865,4.059742784063864,132.46076948874602,1.0,synthetic
11.0,transformer,detection,31.262120084270993,832,fp16,1,cpu,1.0,300.0,8.0,cpu_modern_mt,tflite,159.31060042135496,3.182340150538186,126.12594418371857,1.0,synthetic
25.0,hybrid,detection,83.15210924965376,416,int8,1,cpu,0.15,300.0,8.0,cpu_1thread,coreml,418.76054624826884,2.399259917518392,272.3071220104712,1.0,synthetic
100.0,transformer,detection,376.41558055394125,640,fp32,1,cpu,0.15,300.0,8.0,cpu_1thread,coreml,1885.0779027697063,4.25148315348529,1222.2614026943556,1.0,synthetic
25.0,hybrid,detection,64.03979004371527,416,fp16,1,gpu,65.0,300.0,8.0,consumer_flagship,coreml,323.19895021857633,2.029192880466569,407.8141042510307,1.0,synthetic
68.0,cnn,detection,206.2503580643021,416,int8,1,gpu,65.0,300.0,8.0,consumer_flagship,coreml,1034.2517903215105,3.820243070976592,1338.111303045395,1.0,synthetic
100.0,hybrid,detection,313.9520834378286,640,fp16,1,gpu,150.0,300.0,8.0,datacenter_low,coreml,1572.760417189143,2.4615889083615112,1401.2186809409982,1.0,synthetic
150.0,hybrid,segmentation,464.3208373867172,768,fp16,1,gpu,45.0,300.0,8.0,consumer_high,tensorrt,2324.604186933586,2.72611997832814,3575.9940677279915,1.0,synthetic
150.0,cnn,segmentation,423.9600004444478,768,fp32,1,cpu,0.6,300.0,8.0,cpu_4thread,tflite,2122.800002222239,3.3260828252912713,1872.5968635666343,1.0,synthetic
150.0,transformer,classification,46.03687209506835,256,int8,1,gpu,150.0,300.0,8.0,datacenter_low,tensorrt,10.78378001205942,3.3498787291058285,8.300518715564088,1.0,synthetic
68.0,hybrid,detection,187.75945211320195,832,int8,1,gpu,9.0,300.0,8.0,consumer_low,pytorch,941.7972605660098,2.1873028520840325,1681.8960485084976,1.0,synthetic
68.0,hybrid,detection,249.90333981899195,416,fp16,1,gpu,65.0,300.0,8.0,consumer_flagship,tensorrt,1252.5166990949597,2.5554226551261063,1543.6678939661494,1.0,synthetic
11.0,hybrid,classification,3.4270581349932985,384,int8,1,gpu,45.0,300.0,8.0,consumer_high,coreml,20.13529067496649,3.4981867975131973,17.85239974439217,1.0,synthetic
11.0,transformer,classification,3.2773586762272244,224,fp32,1,gpu,65.0,300.0,8.0,consumer_flagship,onnxruntime,19.386793381136123,4.417207465629225,36.086970017123896,1.0,synthetic
5.0,transformer,classification,1.831937972272947,256,fp16,1,gpu,65.0,300.0,8.0,consumer_flagship,tensorrt,12.159689861364734,4.4312297982050906,11.00472946585335,1.0,synthetic
5.0,cnn,segmentation,13.355446239130426,512,fp16,1,gpu,700.0,300.0,8.0,datacenter,coreml,69.77723119565213,2.3259463373987916,52.27431009878027,1.0,synthetic
5.0,hybrid,detection,15.185773093051434,416,fp32,1,gpu,25.0,300.0,8.0,consumer_mid,coreml,78.92886546525718,4.530083386615969,81.58203459485144,1.0,synthetic
11.0,hybrid,segmentation,27.870896022162565,512,fp16,1,gpu,700.0,300.0,8.0,datacenter,tflite,142.35448011081283,3.3000260911049693,87.4654763968423,1.0,synthetic
68.0,hybrid,segmentation,205.46641581256807,512,int8,1,gpu,25.0,300.0,8.0,consumer_mid,coreml,1030.3320790628404,2.7857296756261682,1694.9953120410883,1.0,synthetic
5.0,hybrid,detection,16.689425586157608,832,fp16,1,gpu,150.0,300.0,8.0,datacenter_low,tflite,86.44712793078804,3.7277314022521892,153.31512590003734,1.0,synthetic
44.0,cnn,classification,14.76460505730588,256,fp32,1,gpu,9.0,300.0,8.0,consumer_low,pytorch,76.8230252865294,3.3861794056838908,82.67545638532941,1.0,synthetic
100.0,cnn,classification,30.588563533124795,256,int8,1,cpu,0.15,300.0,8.0,cpu_1thread,tflite,155.94281766562398,2.917212422043871,254.71764066070455,1.0,synthetic
150.0,hybrid,classification,58.25317679628741,384,fp16,1,gpu,65.0,300.0,8.0,consumer_flagship,onnxruntime,294.26588398143707,2.4437334090365863,398.98317330235074,1.0,synthetic
25.0,transformer,detection,80.26710707243637,416,int8,1,cpu,0.15,300.0,8.0,cpu_1thread,tensorrt,404.3355353621819,3.940897052063926,389.71324839065255,1.0,synthetic
100.0,hybrid,detection,322.1566024074145,640,fp16,1,gpu,9.0,300.0,8.0,consumer_low,tflite,1613.7830120370725,3.1180282864875135,1813.0085746211084,1.0,synthetic
100.0,transformer,segmentation,284.26472477165424,512,int8,1,cpu,0.15,300.0,8.0,cpu_1thread,pytorch,50733.372782749415,3.216414418660936,40007.488623396755,1.0,synthetic
44.0,cnn,detection,147.98681054542183,832,fp32,1,gpu,700.0,300.0,8.0,datacenter,pytorch,742.9340527271091,3.6185107713500186,806.2709117756751,1.0,synthetic
44.0,cnn,segmentation,95.55760272507064,768,int8,1,cpu,0.6,300.0,8.0,cpu_4thread,pytorch,4378.492444535728,3.2323452287283043,6921.262693214974,1.0,synthetic
25.0,transformer,classification,8.910220036287281,256,fp16,1,cpu,0.15,300.0,8.0,cpu_1thread,onnxruntime,28.89534676171325,4.719591896358468,38.15839155309728,1.0,synthetic
25.0,transformer,detection,90.30135617884036,832,fp16,1,cpu,0.15,300.0,8.0,cpu_1thread,tflite,454.5067808942018,3.12589422611936,442.67456582369044,1.0,synthetic
11.0,transformer,detection,38.259572055760486,640,fp32,1,gpu,700.0,300.0,8.0,datacenter,tflite,194.29786027880243,3.028707930652645,128.1702662494096,1.0,synthetic
25.0,cnn,classification,7.248376216499374,256,int8,1,cpu,1.0,300.0,8.0,cpu_modern_mt,coreml,39.241881082496874,2.9953325270139417,33.34252545490978,1.0,synthetic
25.0,cnn,detection,78.74375095235749,640,fp32,1,gpu,65.0,300.0,8.0,consumer_flagship,onnxruntime,396.7187547617874,4.707360617616562,385.5769147244626,1.0,synthetic
5.0,hybrid,classification,1.5602007930764479,256,fp32,1,cpu,1.0,300.0,8.0,cpu_modern_mt,onnxruntime,10.80100396538224,2.5729066932777482,11.578826198135511,1.0,synthetic
25.0,cnn,detection,80.60785460582927,640,fp16,1,gpu,25.0,300.0,8.0,consumer_mid,tflite,406.0392730291464,2.66319759514165,370.9970317248014,1.0,synthetic
25.0,hybrid,detection,78.58187732804213,832,fp16,1,gpu,65.0,300.0,8.0,consumer_flagship,tensorrt,395.90938664021064,2.9930130079495445,409.67138532800294,1.0,synthetic
25.0,transformer,segmentation,70.52814806305636,512,fp32,1,gpu,9.0,300.0,8.0,consumer_low,onnxruntime,355.64074031528185,4.683396137945271,245.00094961248502,1.0,synthetic
5.0,transformer,classification,1.6050339728383518,256,fp32,1,gpu,700.0,300.0,8.0,datacenter,onnxruntime,11.02516986419176,4.19339332689327,11.161009371230428,1.0,synthetic
25.0,hybrid,detection,88.9573049313731,416,fp32,1,gpu,25.0,300.0,8.0,consumer_mid,onnxruntime,447.7865246568655,3.8475065463932965,447.54706631676765,1.0,synthetic
11.0,hybrid,classification,3.5957094919584813,256,fp32,1,cpu,0.15,300.0,8.0,cpu_1thread,onnxruntime,13.998773705959623,4.0345378802362,16.526397659821097,1.0,synthetic
150.0,hybrid,classification,51.731053203192715,256,fp32,1,cpu,0.6,300.0,8.0,cpu_4thread,onnxruntime,261.65526601596355,2.1505065304960658,366.67205002346384,1.0,synthetic
44.0,cnn,detection,162.31212393549083,640,int8,1,gpu,150.0,300.0,8.0,datacenter_low,coreml,814.5606196774542,4.556209513485671,767.749245057301,1.0,synthetic
68.0,transformer,segmentation,177.25022145188976,768,int8,1,gpu,9.0,300.0,8.0,consumer_low,tensorrt,889.2511072594488,4.982521375045203,451.3955504116855,1.0,synthetic
11.0,cnn,detection,29.72526420517409,832,int8,1,gpu,700.0,300.0,8.0,datacenter,tensorrt,151.62632102587045,3.770645706885821,144.5101640667155,1.0,synthetic
11.0,transformer,segmentation,30.67843739088605,768,fp32,1,cpu,1.0,300.0,8.0,cpu_modern_mt,tflite,156.39218695443026,3.121200550494402,121.63839996505219,1.0,synthetic
44.0,transformer,segmentation,97.87339356299582,768,int8,1,cpu,0.6,300.0,8.0,cpu_4thread,pytorch,4484.324085828909,4.643638197396541,4927.984899437323,1.0,synthetic
25.0,cnn,classification,9.62367404447275,224,int8,1,gpu,150.0,300.0,8.0,datacenter_low,pytorch,9.722467103597518,3.521130610810129,12.1007207963191,1.0,synthetic
5.0,hybrid,detection,13.759814780566384,640,fp16,1,gpu,45.0,300.0,8.0,consumer_high,tflite,71.79907390283192,2.9890846601151555,103.96016124170433,1.0,synthetic
11.0,transformer,detection,30.087774358074622,640,int8,1,gpu,25.0,300.0,8.0,consumer_mid,onnxruntime,153.4388717903731,4.106340650515056,122.36042289039533,1.0,synthetic
44.0,transformer,classification,16.58429319991077,384,int8,1,gpu,45.0,300.0,8.0,consumer_high,tensorrt,85.92146599955386,3.3779134369738673,99.80863862885398,1.0,synthetic
25.0,cnn,detection,68.32731693177767,832,fp16,1,cpu,0.6,300.0,8.0,cpu_4thread,coreml,344.63658465888835,4.10115539942988,245.33384513732665,1.0,synthetic
25.0,transformer,classification,7.398100567948036,384,fp32,1,gpu,150.0,300.0,8.0,datacenter_low,pytorch,7.820937125254802,4.487205938648272,5.51204620319137,1.0,synthetic
68.0,transformer,classification,26.2847894025699,384,fp32,1,gpu,45.0,300.0,8.0,consumer_high,onnxruntime,134.4239470128495,4.005539544403465,160.56616678641655,1.0,synthetic
11.0,hybrid,classification,4.232106032170826,256,fp32,1,gpu,9.0,300.0,8.0,consumer_low,pytorch,24.16053016085413,2.5667856663460835,18.73446778774381,1.0,synthetic
68.0,hybrid,classification,20.54025986692958,384,fp32,1,gpu,9.0,300.0,8.0,consumer_low,tflite,105.7012993346479,4.380994943107403,86.77813684785147,1.0,synthetic
68.0,transformer,segmentation,193.62598085850428,512,int8,1,cpu,0.15,300.0,8.0,cpu_1thread,pytorch,34557.98254400867,4.7763547768356,23455.04444106477,1.0,synthetic
68.0,transformer,classification,19.59815340261882,256,fp32,1,gpu,45.0,300.0,8.0,consumer_high,pytorch,100.9907670130941,3.6404060777435365,76.49408047194676,1.0,synthetic
11.0,transformer,segmentation,24.05160612857058,768,int8,1,gpu,25.0,300.0,8.0,consumer_mid,pytorch,106.23321019515356,3.9280832496441493,73.41139437605702,1.0,synthetic
44.0,cnn,classification,14.322908268783884,384,fp16,1,gpu,45.0,300.0,8.0,consumer_high,tflite,74.61454134391943,2.5133340000122892,102.79356313816905,1.0,synthetic
25.0,cnn,segmentation,76.20270041577751,512,fp16,1,gpu,45.0,300.0,8.0,consumer_high,coreml,384.01350207888754,3.592064423187331,436.14780874975565,1.0,synthetic
68.0,hybrid,classification,27.826272324456173,224,fp16,1,cpu,0.15,300.0,8.0,cpu_1thread,tflite,142.13136162228088,3.211661351970814,163.41580609446476,1.0,synthetic
25.0,transformer,classification,9.709777669046046,256,fp16,1,gpu,150.0,300.0,8.0,datacenter_low,pytorch,9.796034040432943,3.817726829639889,6.632109582700629,1.0,synthetic
44.0,hybrid,detection,140.4911105358925,416,int8,1,gpu,150.0,300.0,8.0,datacenter_low,tflite,705.4555526794625,2.6599406146945443,660.3972404368086,1.0,synthetic
11.0,cnn,detection,36.722064710877454,640,fp32,1,cpu,0.6,300.0,8.0,cpu_4thread,coreml,186.61032355438726,3.872085311518441,232.95450008804252,1.0,synthetic
150.0,hybrid,detection,468.30616734180006,640,fp16,1,gpu,25.0,300.0,8.0,consumer_mid,tensorrt,2344.530836709,4.1980570741904035,2789.421411680953,1.0,synthetic
68.0,hybrid,segmentation,149.26175586484786,512,int8,1,cpu,0.15,300.0,8.0,cpu_1thread,pytorch,26640.74295164075,2.636390212611833,26506.214956119125,1.0,synthetic
68.0,hybrid,classification,28.327489559826518,384,fp16,1,cpu,0.6,300.0,8.0,cpu_4thread,tflite,144.6374477991326,2.911584391966166,163.82103323002667,1.0,synthetic
68.0,cnn,segmentation,193.90482434532385,512,int8,1,gpu,9.0,300.0,8.0,consumer_low,tensorrt,972.5241217266192,4.142008125570534,1040.9107614711315,1.0,synthetic
5.0,hybrid,classification,1.6062829898075626,384,int8,1,cpu,1.0,300.0,8.0,cpu_modern_mt,tflite,11.031414949037813,1.7216977162411973,20.791688656956634,1.0,synthetic
11.0,transformer,detection,39.80667618974483,832,fp16,1,gpu,700.0,300.0,8.0,datacenter,tflite,202.03338094872413,4.498607125393969,260.1375862088228,1.0,synthetic
150.0,hybrid,segmentation,444.69368553504285,768,int8,1,gpu,25.0,300.0,8.0,consumer_mid,coreml,2226.468427675214,3.144314894447022,2189.752822682644,1.0,synthetic
44.0,transformer,segmentation,129.5637787427696,512,int8,1,gpu,150.0,300.0,8.0,datacenter_low,tensorrt,28.40795731472439,3.4706043756688008,43.38259626004486,1.0,synthetic
100.0,hybrid,detection,287.53553902438165,832,fp16,1,gpu,150.0,300.0,8.0,datacenter_low,coreml,1440.6776951219083,4.074888471796397,1018.894248349729,1.0,synthetic
5.0,hybrid,segmentation,12.146790664444314,512,fp32,1,cpu,1.0,300.0,8.0,cpu_modern_mt,onnxruntime,63.733953322221566,2.781976395342363,64.18823616881711,1.0,synthetic
68.0,hybrid,detection,257.33452127227224,640,int8,1,cpu,0.6,300.0,8.0,cpu_4thread,coreml,1289.6726063613612,3.871165907837551,1583.622918670377,1.0,synthetic
68.0,transformer,classification,27.028925156058026,384,fp32,1,cpu,0.6,300.0,8.0,cpu_4thread,coreml,138.14462578029014,4.277487443490144,168.3997509875673,1.0,synthetic
5.0,transformer,classification,1.8191415928935317,256,int8,1,gpu,150.0,300.0,8.0,datacenter_low,coreml,12.095707964467659,1.79259847510223,11.617308959596935,1.0,synthetic
150.0,transformer,detection,407.56594935250735,416,fp16,1,gpu,25.0,300.0,8.0,consumer_mid,onnxruntime,2040.8297467625366,3.620322316765373,2447.0692013325347,1.0,synthetic
68.0,cnn,detection,227.27943568173717,640,int8,1,gpu,65.0,300.0,8.0,consumer_flagship,pytorch,73.34298534349766,4.973799496235131,71.47505964175068,1.0,synthetic
11.0,hybrid,classification,3.78143635345647,384,fp32,1,cpu,0.6,300.0,8.0,cpu_4thread,onnxruntime,21.90718176728235,4.555508776285702,23.71663504041469,1.0,synthetic
150.0,transformer,segmentation,345.7459151669596,768,int8,1,gpu,700.0,300.0,8.0,datacenter,pytorch,1731.729575834798,4.841094190770283,2030.361071111739,1.0,synthetic
68.0,cnn,segmentation,189.7937305595313,768,int8,1,cpu,0.6,300.0,8.0,cpu_4thread,pytorch,8685.083486570582,4.39344296765918,8702.39622146966,1.0,synthetic
5.0,hybrid,detection,13.92913085825537,416,int8,1,gpu,25.0,300.0,8.0,consumer_mid,coreml,72.64565429127686,1.1373276036268691,91.80262448266983,1.0,synthetic
44.0,transformer,classification,13.017059480592405,384,fp32,1,cpu,1.0,300.0,8.0,cpu_modern_mt,tensorrt,68.08529740296203,2.3253308532537855,105.6594434791623,1.0,synthetic
150.0,hybrid,classification,57.21149563142655,256,fp16,1,gpu,45.0,300.0,8.0,consumer_high,coreml,289.0574781571328,3.0709454176332733,280.2674643783888,1.0,synthetic
5.0,transformer,classification,1.7853528985391525,384,int8,1,gpu,9.0,300.0,8.0,consumer_low,tensorrt,11.926764492695762,2.0597147308291044,8.464625515941975,1.0,synthetic
150.0,cnn,segmentation,418.8167158065278,768,int8,1,gpu,700.0,300.0,8.0,datacenter,pytorch,2097.083579032639,3.1934467853667763,870.5413894577733,1.0,synthetic
100.0,cnn,classification,40.06673927626131,256,fp32,1,gpu,45.0,300.0,8.0,consumer_high,pytorch,203.33369638130654,2.992555414617935,298.10111825297236,1.0,synthetic
150.0,cnn,segmentation,352.4610681021292,512,fp32,1,cpu,0.6,300.0,8.0,cpu_4thread,onnxruntime,1765.3053405106461,4.540995799271805,1406.0274743183859,1.0,synthetic
44.0,hybrid,classification,14.33979450680481,256,fp32,1,gpu,700.0,300.0,8.0,datacenter,tensorrt,74.69897253402405,4.105834473723764,110.86166086716305,1.0,synthetic
100.0,cnn,classification,28.631526087994704,256,fp32,1,gpu,45.0,300.0,8.0,consumer_high,coreml,146.15763043997353,4.45003621782777,91.21934779879548,1.0,synthetic
25.0,hybrid,segmentation,77.14344048393606,512,int8,1,cpu,0.15,300.0,8.0,cpu_1thread,pytorch,13770.50838876323,3.382643830078884,9761.130155849598,1.0,synthetic
5.0,transformer,detection,18.078952173784053,416,fp16,1,cpu,0.15,300.0,8.0,cpu_1thread,onnxruntime,54.5953029431167,2.0493081737969816,59.74859566574889,1.0,synthetic
5.0,transformer,classification,1.5759190711078106,256,int8,1,gpu,150.0,300.0,8.0,datacenter_low,coreml,10.879595355539053,2.382632867540339,18.705099682228585,1.0,synthetic
150.0,transformer,classification,61.44728882852181,256,fp32,1,gpu,150.0,300.0,8.0,datacenter_low,tflite,310.23644414260906,3.5106756389765676,298.5826790431273,1.0,synthetic
25.0,hybrid,classification,9.966362012117061,384,int8,1,cpu,0.6,300.0,8.0,cpu_4thread,coreml,52.831810060585305,4.585900268471324,49.99083451458286,1.0,synthetic
11.0,cnn,segmentation,29.929349261895474,768,fp32,1,gpu,65.0,300.0,8.0,consumer_flagship,coreml,152.64674630947738,4.667108132399605,152.6519963993194,1.0,synthetic
100.0,cnn,segmentation,255.22278665852926,768,int8,1,cpu,0.15,300.0,8.0,cpu_1thread,tensorrt,1279.1139332926464,2.8316750222656464,1620.0291462847908,1.0,synthetic
100.0,transformer,classification,40.82978085340599,256,fp16,1,gpu,65.0,300.0,8.0,consumer_flagship,onnxruntime,207.14890426702996,2.9865818975920315,211.81489439592625,1.0,synthetic
150.0,transformer,segmentation,415.4026656453538,768,fp16,1,cpu,0.6,300.0,8.0,cpu_4thread,onnxruntime,2080.013328226769,4.985093675018106,999.0749854213478,1.0,synthetic
25.0,cnn,segmentation,52.66335227048401,768,fp32,1,gpu,150.0,300.0,8.0,datacenter_low,pytorch,46.49556817990154,4.272025342017654,33.737895525193295,1.0,synthetic
44.0,cnn,detection,115.49040255144402,832,int8,1,gpu,65.0,300.0,8.0,consumer_flagship,pytorch,38.744279589671926,3.6604548607529837,33.97338937972871,1.0,synthetic
44.0,cnn,segmentation,105.01581988476151,768,fp32,1,cpu,1.0,300.0,8.0,cpu_modern_mt,tflite,528.0790994238075,2.65225050276577,588.4843206296329,1.0,synthetic
68.0,hybrid,classification,21.169388018763016,256,int8,1,cpu,0.15,300.0,8.0,cpu_1thread,tflite,108.84694009381508,2.825230355413769,94.0645233772831,1.0,synthetic
11.0,transformer,classification,3.983620816295162,256,fp32,1,gpu,65.0,300.0,8.0,consumer_flagship,coreml,22.91810408147581,2.9959308564836995,20.271732251626393,1.0,synthetic
25.0,transformer,detection,92.29346107234835,416,int8,1,cpu,0.6,300.0,8.0,cpu_4thread,tflite,464.46730536174175,4.363126192659257,293.5543652741754,1.0,synthetic
68.0,cnn,classification,24.998474851929636,384,fp16,1,cpu,0.6,300.0,8.0,cpu_4thread,tensorrt,127.99237425964819,4.530914038537383,187.14782214550598,1.0,synthetic
150.0,hybrid,detection,498.2074324529254,832,fp16,1,gpu,9.0,300.0,8.0,consumer_low,tflite,2494.037162264627,4.353384400680137,1835.4182039954235,1.0,synthetic
5.0,transformer,classification,1.9243734729798234,224,fp32,1,gpu,25.0,300.0,8.0,consumer_mid,coreml,12.621867364899117,4.237346474003815,7.392261939889643,1.0,synthetic
44.0,cnn,classification,13.593865616762855,224,fp32,1,gpu,700.0,300.0,8.0,datacenter,tensorrt,70.96932808381428,4.338465039414601,87.0595070788994,1.0,synthetic
11.0,transformer,detection,39.48801742536687,640,fp32,1,cpu,1.0,300.0,8.0,cpu_modern_mt,coreml,200.44008712683436,2.577442303311265,193.89574936913417,1.0,synthetic
25.0,hybrid,detection,67.1911552021142,832,fp16,1,cpu,0.6,300.0,8.0,cpu_4thread,tflite,338.955776010571,4.230083751463773,503.0537648197708,1.0,synthetic
11.0,hybrid,segmentation,33.018830239021064,768,fp32,1,cpu,0.6,300.0,8.0,cpu_4thread,pytorch,1520.4705419232628,4.804689345552722,1148.775507137054,1.0,synthetic
44.0,cnn,segmentation,136.78130818531926,768,fp16,1,gpu,65.0,300.0,8.0,consumer_flagship,tensorrt,686.9065409265963,3.300135829804766,773.5772571741819,1.0,synthetic
11.0,cnn,segmentation,29.68480130929194,768,int8,1,cpu,0.15,300.0,8.0,cpu_1thread,coreml,151.4240065464597,4.903361575800348,188.50333924304195,1.0,synthetic
150.0,transformer,detection,406.0575534871275,640,fp32,1,gpu,150.0,300.0,8.0,datacenter_low,onnxruntime,2033.2877674356375,3.742174598428418,2628.795794924916,1.0,synthetic
44.0,hybrid,segmentation,123.1827817642407,512,fp16,1,gpu,45.0,300.0,8.0,consumer_high,pytorch,618.9139088212034,4.49228260043968,620.8998774016261,1.0,synthetic
5.0,cnn,detection,15.534602932014897,832,fp16,1,gpu,150.0,300.0,8.0,datacenter_low,coreml,80.67301466007449,3.2669416335680967,91.5776824408964,1.0,synthetic
150.0,cnn,classification,47.320315653930045,256,fp16,1,gpu,700.0,300.0,8.0,datacenter,pytorch,239.60157826965022,4.879096401653014,273.91673537431757,1.0,synthetic
68.0,cnn,detection,196.03490162845793,832,int8,1,gpu,9.0,300.0,8.0,consumer_low,pytorch,983.1745081422896,2.2130829740038434,1396.9769563938187,1.0,synthetic
68.0,cnn,detection,216.9421743858203,640,fp16,1,gpu,700.0,300.0,8.0,datacenter,tensorrt,1087.7108719291014,2.377933582457505,1021.0316568676737,1.0,synthetic
11.0,hybrid,classification,3.425163556676521,224,fp16,1,gpu,700.0,300.0,8.0,datacenter,tensorrt,20.125817783382605,2.3184339584641753,18.02779943044529,1.0,synthetic
150.0,cnn,detection,567.1499518900388,640,fp32,1,gpu,150.0,300.0,8.0,datacenter_low,onnxruntime,2838.749759450194,4.695835422902666,2491.6392089835717,1.0,synthetic
68.0,cnn,segmentation,189.34018270063547,512,fp16,1,cpu,0.15,300.0,8.0,cpu_1thread,onnxruntime,534.6405321098812,3.854112441685323,319.5177720065554,1.0,synthetic
5.0,transformer,segmentation,14.068928589876352,512,int8,1,gpu,700.0,300.0,8.0,datacenter,onnxruntime,73.34464294938176,1.8030962911382153,93.50150098052448,1.0,synthetic
25.0,transformer,classification,7.970517996939482,224,fp32,1,gpu,65.0,300.0,8.0,consumer_flagship,tensorrt,42.85258998469741,4.640230126651533,46.83213919705013,1.0,synthetic
150.0,cnn,segmentation,396.4697610764416,512,fp32,1,cpu,0.6,300.0,8.0,cpu_4thread,coreml,1985.348805382208,2.7489502782749082,2353.8168675734855,1.0,synthetic
25.0,hybrid,segmentation,76.47994239700081,768,fp16,1,cpu,0.15,300.0,8.0,cpu_1thread,onnxruntime,218.29327853879326,4.86170738338775,209.951736922944,1.0,synthetic
5.0,transformer,detection,18.445710811045508,416,fp32,1,cpu,0.15,300.0,8.0,cpu_1thread,tflite,95.22855405522753,4.6088509953496075,171.35295652122142,1.0,synthetic
11.0,hybrid,classification,4.2748815068793435,224,fp16,1,gpu,25.0,300.0,8.0,consumer_mid,tensorrt,24.374407534396717,3.890281548366235,31.439675531044955,1.0,synthetic
5.0,hybrid,segmentation,15.507748920927654,512,int8,1,gpu,9.0,300.0,8.0,consumer_low,tflite,80.53874460463827,2.1741022620355417,42.000128087578304,1.0,synthetic
11.0,hybrid,classification,3.3273456007625737,224,fp16,1,gpu,25.0,300.0,8.0,consumer_mid,coreml,19.63672800381287,4.928285537334466,14.922595865722528,1.0,synthetic
100.0,hybrid,classification,32.4109222536528,384,int8,1,gpu,150.0,300.0,8.0,datacenter_low,tflite,165.054611268264,3.738090851979642,100.56168798353312,1.0,synthetic
25.0,transformer,segmentation,53.52434621098718,768,fp32,1,cpu,1.0,300.0,8.0,cpu_modern_mt,onnxruntime,270.62173105493594,2.4490325167113465,231.4518381511074,1.0,synthetic
44.0,cnn,detection,154.64332665654257,640,fp32,1,cpu,1.0,300.0,8.0,cpu_modern_mt,onnxruntime,776.2166332827128,4.378946707174514,653.440201575703,1.0,synthetic
150.0,transformer,classification,43.95932474550233,384,int8,1,gpu,25.0,300.0,8.0,consumer_mid,onnxruntime,222.79662372751164,3.3124214683125226,181.66613939794163,1.0,synthetic
5.0,cnn,detection,12.947605676782253,832,int8,1,cpu,1.0,300.0,8.0,cpu_modern_mt,pytorch,67.73802838391126,1.1351549195758426,100.50277528490858,1.0,synthetic
44.0,transformer,classification,17.792141300957162,384,fp16,1,cpu,0.15,300.0,8.0,cpu_1thread,pytorch,3178.675536568815,4.7284971288221485,2346.0109577365306,1.0,synthetic
44.0,cnn,classification,12.966740710770832,224,fp32,1,gpu,65.0,300.0,8.0,consumer_flagship,coreml,67.83370355385416,2.99653774970994,114.6990217686709,1.0,synthetic
100.0,hybrid,detection,363.09982278075165,416,fp32,1,gpu,65.0,300.0,8.0,consumer_flagship,onnxruntime,1818.4991139037584,4.14981882669515,1255.9172192643186,1.0,synthetic
25.0,hybrid,classification,8.225565361888114,224,fp16,1,cpu,0.15,300.0,8.0,cpu_1thread,tflite,44.12782680944057,2.2792879956290513,45.22347908754631,1.0,synthetic
25.0,hybrid,classification,8.07136386055166,224,fp16,1,cpu,1.0,300.0,8.0,cpu_modern_mt,coreml,43.356819302758296,3.3899778173500805,43.9261615410448,1.0,synthetic
44.0,transformer,classification,15.387619186969374,256,int8,1,cpu,0.15,300.0,8.0,cpu_1thread,tensorrt,79.93809593484687,4.001778937947048,45.83945415811852,1.0,synthetic
44.0,cnn,classification,16.29372054174375,224,fp32,1,cpu,0.15,300.0,8.0,cpu_1thread,tensorrt,84.46860270871875,3.733464518814841,95.01885688594818,1.0,synthetic
11.0,transformer,classification,3.25519305143475,384,fp16,1,cpu,0.15,300.0,8.0,cpu_1thread,pytorch,584.4117519590455,3.4731154095143677,302.645834101392,1.0,synthetic
44.0,hybrid,classification,17.998697242772558,224,fp32,1,gpu,9.0,300.0,8.0,consumer_low,pytorch,92.99348621386278,3.4415940294752247,83.68942367665082,1.0,synthetic
150.0,hybrid,classification,42.29359662862975,256,int8,1,cpu,0.6,300.0,8.0,cpu_4thread,pytorch,1944.3273659283798,4.340182769654504,2856.9949506493813,1.0,synthetic
100.0,cnn,detection,321.7139294116072,640,fp16,1,gpu,700.0,300.0,8.0,datacenter,onnxruntime,1611.569647058036,2.749307038577946,1497.501635405263,1.0,synthetic
150.0,cnn,classification,51.76686192120545,256,fp16,1,cpu,1.0,300.0,8.0,cpu_modern_mt,tensorrt,261.8343096060272,3.474362430704156,394.74275642606864,1.0,synthetic
5.0,transformer,classification,1.6481426855477708,384,fp32,1,gpu,65.0,300.0,8.0,consumer_flagship,coreml,11.240713427738854,4.4388589509416185,15.244530112971796,1.0,synthetic
44.0,cnn,detection,140.5145885067858,640,fp16,1,cpu,0.6,300.0,8.0,cpu_4thread,onnxruntime,705.572942533929,2.204000850942732,702.5353025991707,1.0,synthetic
150.0,cnn,classification,56.33414087889173,224,fp16,1,gpu,65.0,300.0,8.0,consumer_flagship,tensorrt,284.67070439445865,2.139924352777433,299.19889125776115,1.0,synthetic
11.0,transformer,classification,3.465772459202443,224,int8,1,cpu,1.0,300.0,8.0,cpu_modern_mt,tflite,20.328862296012215,3.4827077792228387,30.00040166178407,1.0,synthetic
11.0,transformer,classification,3.124114734217795,224,int8,1,cpu,0.15,300.0,8.0,cpu_1thread,tensorrt,18.620573671088977,3.8505495538277663,14.681477789632245,1.0,synthetic
100.0,hybrid,classification,33.76010732397327,384,fp32,1,cpu,0.6,300.0,8.0,cpu_4thread,coreml,171.80053661986636,4.1269254378180165,171.75644453930397,1.0,synthetic
150.0,hybrid,detection,426.022750527273,640,fp16,1,gpu,25.0,300.0,8.0,consumer_mid,onnxruntime,2133.113752636365,4.28292069359496,2731.811536247124,1.0,synthetic
11.0,cnn,segmentation,31.127728751933216,512,fp16,1,gpu,65.0,300.0,8.0,consumer_flagship,tensorrt,158.63864375966608,2.285491700240645,280.93656236201053,1.0,synthetic
11.0,cnn,classification,3.7123302634093247,256,fp16,1,gpu,45.0,300.0,8.0,consumer_high,pytorch,21.561651317046625,4.826439809198586,18.236867915314875,1.0,synthetic
100.0,transformer,segmentation,253.33718705267734,512,int8,1,gpu,150.0,300.0,8.0,datacenter_low,onnxruntime,1269.6859352633867,3.501619031396377,1524.765117097207,1.0,synthetic
25.0,hybrid,detection,95.06711684752031,832,int8,1,gpu,25.0,300.0,8.0,consumer_mid,tensorrt,478.33558423760155,2.388951201473386,782.5346657567181,1.0,synthetic
11.0,cnn,detection,40.77566523966726,416,fp32,1,cpu,0.6,300.0,8.0,cpu_4thread,coreml,206.8783261983363,4.70500743689688,149.09832617763678,1.0,synthetic
68.0,hybrid,detection,211.4458296506226,416,fp32,1,cpu,0.6,300.0,8.0,cpu_4thread,tflite,1060.2291482531132,4.442681984219213,1374.9002345639003,1.0,synthetic
25.0,hybrid,detection,76.4427685455168,832,int8,1,gpu,700.0,300.0,8.0,datacenter,coreml,385.213842727584,2.4231399007511816,432.5481744299168,1.0,synthetic
68.0,transformer,detection,230.6266817483877,640,int8,1,gpu,65.0,300.0,8.0,consumer_flagship,tflite,1156.1334087419386,2.5740342881056177,1556.9936380367606,1.0,synthetic
44.0,transformer,classification,14.857443387828042,224,fp32,1,cpu,1.0,300.0,8.0,cpu_modern_mt,coreml,77.28721693914021,3.4446829033320374,81.68924307881905,1.0,synthetic
44.0,transformer,detection,140.88431642059112,640,fp32,1,gpu,700.0,300.0,8.0,datacenter,coreml,707.4215821029557,2.7430606353398037,456.15679517858035,1.0,synthetic
68.0,hybrid,detection,233.71643090145878,416,int8,1,gpu,9.0,300.0,8.0,consumer_low,pytorch,1171.5821545072938,4.643510265422523,880.0119971555629,1.0,synthetic
68.0,transformer,detection,230.1357807759581,832,fp32,1,cpu,0.15,300.0,8.0,cpu_1thread,pytorch,41073.52143727748,4.139117825775895,61987.04691958424,1.0,synthetic
5.0,cnn,detection,14.574975474809213,640,int8,1,gpu,65.0,300.0,8.0,consumer_flagship,coreml,75.87487737404606,1.5611577024344596,72.80950444899823,1.0,synthetic
100.0,hybrid,detection,340.6514314737386,832,fp32,1,gpu,9.0,300.0,8.0,consumer_low,onnxruntime,1706.2571573686932,3.956332571656185,1767.5410969225788,1.0,synthetic
68.0,transformer,classification,27.230535187377452,256,int8,1,gpu,45.0,300.0,8.0,consumer_high,tflite,139.15267593688725,2.2916732537792743,130.5354187258179,1.0,synthetic
68.0,cnn,detection,207.99037042409822,416,fp32,1,gpu,25.0,300.0,8.0,consumer_mid,onnxruntime,1042.9518521204911,2.045322336763113,751.1231887725457,1.0,synthetic
25.0,transformer,detection,92.74473808352406,640,fp32,1,gpu,700.0,300.0,8.0,datacenter,onnxruntime,466.7236904176203,2.1797141030100913,666.335668530183,1.0,synthetic
11.0,cnn,classification,3.4302854901282975,224,int8,1,cpu,0.15,300.0,8.0,cpu_1thread,tflite,20.15142745064149,2.778139985663542,20.71385137688808,1.0,synthetic
25.0,transformer,classification,8.353420231235757,224,fp32,1,cpu,1.0,300.0,8.0,cpu_modern_mt,onnxruntime,44.76710115617879,2.6139605889389808,38.96094142835501,1.0,synthetic
5.0,cnn,classification,1.445493182237138,384,int8,1,cpu,0.15,300.0,8.0,cpu_1thread,tflite,10.22746591118569,1.1192376225290313,14.819551776937018,1.0,synthetic
100.0,hybrid,detection,353.2860423630051,640,fp16,1,gpu,9.0,300.0,8.0,consumer_low,onnxruntime,1769.4302118150254,4.046861365291093,2945.4571276372844,1.0,synthetic
5.0,cnn,segmentation,11.103884801153342,512,fp32,1,cpu,0.6,300.0,8.0,cpu_4thread,tensorrt,58.51942400576671,2.4286638025768017,51.67607451833634,1.0,synthetic
5.0,cnn,detection,17.634188898778458,832,fp32,1,cpu,0.6,300.0,8.0,cpu_4thread,tflite,91.17094449389229,2.23226678999852,71.76785289530105,1.0,synthetic
100.0,cnn,classification,28.169372303778335,256,fp32,1,cpu,1.0,300.0,8.0,cpu_modern_mt,tflite,143.84686151889167,2.864470848385235,222.04284584352237,1.0,synthetic
44.0,hybrid,segmentation,91.94201123935152,512,fp16,1,gpu,700.0,300.0,8.0,datacenter,pytorch,462.7100561967576,2.3642472959358627,406.34593634289143,1.0,synthetic
25.0,transformer,segmentation,54.711221703620204,512,int8,1,gpu,700.0,300.0,8.0,datacenter,tflite,276.55610851810104,4.68931230715621,178.9044097453393,1.0,synthetic
11.0,transformer,detection,36.403418008642284,416,fp32,1,gpu,150.0,300.0,8.0,datacenter_low,pytorch,32.603080346583965,4.03143481198749,30.791054587989382,1.0,synthetic
11.0,hybrid,detection,31.04205877867481,416,fp16,1,gpu,700.0,300.0,8.0,datacenter,pytorch,158.21029389337406,3.855020951839824,185.87293306583828,1.0,synthetic
44.0,cnn,segmentation,97.4498430052569,512,fp32,1,cpu,0.6,300.0,8.0,cpu_4thread,coreml,490.24921502628445,3.0014945711062158,617.213325519763,1.0,synthetic
100.0,cnn,detection,297.9566168527049,832,int8,1,cpu,0.6,300.0,8.0,cpu_4thread,tensorrt,1492.7830842635244,3.201965005319095,1537.6471293744614,1.0,synthetic
11.0,hybrid,detection,38.10105705413101,832,fp16,1,gpu,25.0,300.0,8.0,consumer_mid,onnxruntime,193.50528527065507,2.076322703397318,243.43306516298907,1.0,synthetic
25.0,hybrid,classification,9.478685782903877,384,fp32,1,cpu,0.15,300.0,8.0,cpu_1thread,pytorch,1695.056264817026,2.9909830680996627,1756.3340321863723,1.0,synthetic
150.0,transformer,classification,45.78490668818768,224,fp16,1,gpu,45.0,300.0,8.0,consumer_high,tflite,231.9245334409384,2.4110330860652853,386.20253579415254,1.0,synthetic
25.0,transformer,classification,7.706636196465115,256,int8,1,gpu,65.0,300.0,8.0,consumer_flagship,coreml,41.533180982325575,3.2244939947046647,118.31930356303128,1.0,synthetic
100.0,hybrid,detection,308.3278607862164,640,fp16,1,gpu,25.0,300.0,8.0,consumer_mid,tflite,1544.639303931082,2.0131210373029385,1194.3652261196062,1.0,synthetic
5.0,hybrid,classification,2.0791645436996142,224,fp32,1,gpu,150.0,300.0,8.0,datacenter_low,coreml,13.39582271849807,4.83049768911178,11.721700601854428,1.0,synthetic
100.0,hybrid,detection,317.9072485345453,416,fp32,1,cpu,1.0,300.0,8.0,cpu_modern_mt,coreml,1592.5362426727265,4.529550879972053,1701.6370093133828,1.0,synthetic
11.0,hybrid,segmentation,33.156204791811184,512,int8,1,cpu,0.6,300.0,8.0,cpu_4thread,onnxruntime,168.78102395905591,3.343826033847158,208.64092237043437,1.0,synthetic
150.0,hybrid,detection,393.3169827027251,640,fp32,1,gpu,700.0,300.0,8.0,datacenter,onnxruntime,1969.5849135136255,2.354590431544956,1765.780573155418,1.0,synthetic
68.0,cnn,classification,20.627300519106868,256,int8,1,gpu,65.0,300.0,8.0,consumer_flagship,pytorch,9.384149510663576,3.337465346215038,6.41735367837179,1.0,synthetic
25.0,hybrid,detection,74.88547041243167,416,fp16,1,gpu,150.0,300.0,8.0,datacenter_low,onnxruntime,377.4273520621584,3.9334340779396504,179.30454611933274,1.0,synthetic
44.0,cnn,segmentation,134.4057937565591,768,fp32,1,gpu,45.0,300.0,8.0,consumer_high,onnxruntime,675.0289687827955,2.3235930153327273,480.53138627709455,1.0,synthetic
5.0,cnn,detection,13.435264955578848,640,fp32,1,gpu,45.0,300.0,8.0,consumer_high,onnxruntime,70.17632477789424,4.299215070705326,70.6283918065568,1.0,synthetic
68.0,cnn,segmentation,156.67463702310695,768,fp32,1,cpu,0.6,300.0,8.0,cpu_4thread,coreml,786.3731851155347,4.486587719502655,1120.566183282877,1.0,synthetic
5.0,transformer,segmentation,15.204002445802018,512,int8,1,cpu,0.6,300.0,8.0,cpu_4thread,tensorrt,79.02001222901009,2.3429422212345083,62.026836444478754,1.0,synthetic
25.0,cnn,segmentation,72.60468091162184,768,fp32,1,gpu,45.0,300.0,8.0,consumer_high,pytorch,366.0234045581092,4.252633329543469,397.79359114111014,1.0,synthetic
11.0,hybrid,detection,28.677132899795296,416,fp32,1,cpu,0.15,300.0,8.0,cpu_1thread,tensorrt,146.3856644989765,2.667158528590665,130.35132617221583,1.0,synthetic
5.0,cnn,detection,16.493662943163248,416,fp32,1,gpu,65.0,300.0,8.0,consumer_flagship,coreml,85.46831471581623,2.7949423187506492,94.06088496239052,1.0,synthetic
44.0,cnn,segmentation,121.78329392083346,512,fp32,1,gpu,9.0,300.0,8.0,consumer_low,pytorch,611.9164696041673,3.968043738774519,470.3092628982136,1.0,synthetic
68.0,cnn,classification,27.83605074153333,384,int8,1,cpu,1.0,300.0,8.0,cpu_modern_mt,tflite,142.18025370766665,2.4833297155574994,152.88505970788597,1.0,synthetic
11.0,cnn,detection,36.56663325487586,416,int8,1,cpu,0.6,300.0,8.0,cpu_4thread,tensorrt,185.8331662743793,2.86100053723691,158.81609685748097,1.0,synthetic
5.0,transformer,segmentation,12.241479309008016,768,int8,1,gpu,700.0,300.0,8.0,datacenter,tflite,64.20739654504007,1.043367734899836,34.70926937120276,1.0,synthetic
150.0,cnn,detection,572.4579336801064,832,fp16,1,gpu,65.0,300.0,8.0,consumer_flagship,tensorrt,2865.289668400532,3.15114604850098,2876.7631527910066,1.0,synthetic
25.0,cnn,segmentation,66.02373852942472,512,fp32,1,gpu,65.0,300.0,8.0,consumer_flagship,tflite,333.11869264712357,3.1403179961474126,675.4219114798049,1.0,synthetic
25.0,hybrid,classification,8.259677746227856,256,fp32,1,gpu,65.0,300.0,8.0,consumer_flagship,pytorch,5.556370262457522,2.5401496999003563,3.281810660047756,1.0,synthetic
5.0,cnn,detection,16.36227774835388,640,fp16,1,cpu,0.6,300.0,8.0,cpu_4thread,onnxruntime,84.81138874176939,4.528296308450903,77.92030095965585,1.0,synthetic
25.0,cnn,detection,68.89050168722855,416,fp16,1,gpu,25.0,300.0,8.0,consumer_mid,coreml,347.45250843614275,3.3358373505117345,428.5128538044156,1.0,synthetic
44.0,transformer,classification,18.377008511863067,384,fp32,1,gpu,65.0,300.0,8.0,consumer_flagship,onnxruntime,94.88504255931534,2.8889061353578516,99.4343558546785,1.0,synthetic
100.0,hybrid,classification,31.36428049322315,224,fp16,1,gpu,45.0,300.0,8.0,consumer_high,onnxruntime,159.82140246611573,3.8790966259287734,107.47066552813516,1.0,synthetic
68.0,cnn,detection,200.62680991306578,640,fp16,1,gpu,65.0,300.0,8.0,consumer_flagship,tflite,1006.134049565329,3.8537547705139725,1577.3133811643934,1.0,synthetic
11.0,transformer,segmentation,26.03453722109282,512,fp16,1,gpu,45.0,300.0,8.0,consumer_high,pytorch,133.1726861054641,3.677009210224492,178.26747971084637,1.0,synthetic
44.0,hybrid,detection,119.7330768889741,832,fp16,1,gpu,150.0,300.0,8.0,datacenter_low,coreml,601.6653844448705,2.5677059328478102,850.0516571320475,1.0,synthetic
150.0,transformer,detection,439.57818022512697,416,int8,1,gpu,25.0,300.0,8.0,consumer_mid,onnxruntime,2200.8909011256346,4.146708906419216,2230.0383056792307,1.0,synthetic
25.0,cnn,segmentation,54.86635665369474,512,fp32,1,cpu,0.15,300.0,8.0,cpu_1thread,tflite,277.3317832684737,2.807100646327733,354.03026613055266,1.0,synthetic
68.0,transformer,segmentation,209.22643597059047,768,fp16,1,cpu,0.6,300.0,8.0,cpu_4thread,onnxruntime,1049.1321798529523,2.5927921545232384,799.0261078351978,1.0,synthetic
150.0,transformer,classification,44.71054697144342,256,fp32,1,cpu,1.0,300.0,8.0,cpu_modern_mt,tensorrt,226.5527348572171,2.699772924361994,165.67113684758922,1.0,synthetic
44.0,hybrid,detection,148.81585055466897,832,fp16,1,cpu,0.15,300.0,8.0,cpu_1thread,coreml,747.0792527733448,2.3670944862980727,1427.6167849388123,1.0,synthetic
5.0,cnn,classification,1.96148151301403,256,int8,1,cpu,1.0,300.0,8.0,cpu_modern_mt,tflite,12.80740756507015,2.176142050869772,7.4808308185722145,1.0,synthetic
150.0,hybrid,segmentation,315.3680261382574,768,fp32,1,gpu,25.0,300.0,8.0,consumer_mid,tensorrt,1579.840130691287,4.376317338244874,1300.5942866284333,1.0,synthetic
5.0,cnn,segmentation,14.233802352253662,768,int8,1,gpu,25.0,300.0,8.0,consumer_mid,tensorrt,74.16901176126831,2.352982141439734,70.37280563894365,1.0,synthetic
150.0,cnn,segmentation,348.87901759668586,512,fp32,1,gpu,25.0,300.0,8.0,consumer_mid,coreml,1747.3950879834292,3.1137048034223582,1172.3830250439594,1.0,synthetic
68.0,hybrid,classification,24.011755754916734,224,int8,1,gpu,150.0,300.0,8.0,datacenter_low,onnxruntime,123.05877877458367,2.159992369515767,116.44060044196905,1.0,synthetic
150.0,cnn,classification,57.01227862422509,384,fp16,1,gpu,150.0,300.0,8.0,datacenter_low,onnxruntime,288.06139312112543,2.815341503573592,421.62563865227395,1.0,synthetic
100.0,transformer,classification,40.64649547376956,384,fp16,1,gpu,25.0,300.0,8.0,consumer_mid,coreml,206.2324773688478,4.99608275909133,216.83550902325186,1.0,synthetic
5.0,hybrid,classification,2.043508906864372,384,int8,1,gpu,700.0,300.0,8.0,datacenter,tensorrt,13.21754453432186,1.8606163638168798,15.977150720667101,1.0,synthetic
44.0,cnn,segmentation,100.22144076688106,768,fp16,1,gpu,65.0,300.0,8.0,consumer_flagship,pytorch,34.01853591734969,4.031122055443152,40.26941410029639,1.0,synthetic
5.0,cnn,classification,1.8989271014419522,224,fp32,1,gpu,45.0,300.0,8.0,consumer_high,onnxruntime,12.494635507209761,2.8141070450751693,12.597660679682239,1.0,synthetic
100.0,cnn,detection,343.51008278265687,832,fp16,1,gpu,45.0,300.0,8.0,consumer_high,pytorch,1720.5504139132843,4.938127458999364,1894.8715616555228,1.0,synthetic
5.0,cnn,classification,1.524049735788366,384,fp16,1,cpu,1.0,300.0,8.0,cpu_modern_mt,pytorch,10.620248678941831,2.5106439046460145,12.244505960048343,1.0,synthetic
68.0,hybrid,segmentation,143.01144362685005,768,fp32,1,gpu,25.0,300.0,8.0,consumer_mid,onnxruntime,718.0572181342502,3.010949367323752,397.5321972836922,1.0,synthetic
100.0,cnn,classification,40.11519122101481,384,int8,1,gpu,150.0,300.0,8.0,datacenter_low,coreml,203.57595610507406,4.286602318778248,198.36364908860998,1.0,synthetic
11.0,cnn,classification,4.547901199242762,224,fp32,1,gpu,65.0,300.0,8.0,consumer_flagship,onnxruntime,25.73950599621381,4.956426197013297,21.789245728543985,1.0,synthetic
68.0,transformer,segmentation,171.28167459665022,512,fp32,1,cpu,0.6,300.0,8.0,cpu_4thread,pytorch,7839.082529066915,2.748565572758457,9829.774498824303,1.0,synthetic
11.0,cnn,classification,3.861270491046659,256,fp16,1,gpu,25.0,300.0,8.0,consumer_mid,pytorch,21.25208749681539,2.3886612132814866,31.384224298629317,1.0,synthetic
44.0,hybrid,classification,17.689038449861613,384,fp32,1,gpu,9.0,300.0,8.0,consumer_low,coreml,91.44519224930806,2.4763288588617867,135.29177079844695,1.0,synthetic
44.0,hybrid,segmentation,100.95410329032404,512,int8,1,gpu,150.0,300.0,8.0,datacenter_low,pytorch,87.75518585125286,4.975869112409456,56.42753087641013,1.0,synthetic
100.0,transformer,classification,38.54320952217861,384,int8,1,gpu,65.0,300.0,8.0,consumer_flagship,pytorch,14.92912334711428,3.48400484668203,14.980978091538432,1.0,synthetic
68.0,cnn,detection,189.3073445574953,832,fp16,1,gpu,700.0,300.0,8.0,datacenter,tflite,949.5367227874765,4.199658708744231,649.9717002777389,1.0,synthetic
5.0,transformer,detection,15.115376220407898,832,fp32,1,gpu,700.0,300.0,8.0,datacenter,pytorch,78.5768811020395,3.690976098905046,66.60725527300023,1.0,synthetic
11.0,transformer,detection,38.388710725100644,640,int8,1,gpu,9.0,300.0,8.0,consumer_low,onnxruntime,194.94355362550323,3.4456726581724535,143.1958843384747,1.0,synthetic
11.0,transformer,classification,3.889416284335695,384,int8,1,cpu,0.6,300.0,8.0,cpu_4thread,tflite,22.447081421678476,2.0528942268020742,23.890726377132946,1.0,synthetic
44.0,cnn,segmentation,116.09651611973621,512,fp16,1,gpu,700.0,300.0,8.0,datacenter,coreml,583.482580598681,3.8876569162658408,674.9903348467973,1.0,synthetic
44.0,cnn,segmentation,137.0353772425631,512,fp16,1,cpu,0.15,300.0,8.0,cpu_1thread,pytorch,24458.823422707814,3.2215785490575604,35540.6289904978,1.0,synthetic
100.0,hybrid,classification,32.475372597284256,384,fp32,1,gpu,65.0,300.0,8.0,consumer_flagship,coreml,165.3768629864213,3.389732436451424,190.2133263084302,1.0,synthetic
11.0,cnn,classification,3.3061867499719937,384,int8,1,gpu,150.0,300.0,8.0,datacenter_low,coreml,19.53093374985997,2.1138514587826442,25.962654197722884,1.0,synthetic
44.0,transformer,detection,121.13745159716174,416,int8,1,gpu,65.0,300.0,8.0,consumer_flagship,onnxruntime,608.6872579858087,2.3753484789484567,543.2289280961201,1.0,synthetic
5.0,cnn,detection,15.37968347328146,640,fp16,1,gpu,150.0,300.0,8.0,datacenter_low,coreml,79.8984173664073,4.303222429558127,100.39965308616725,1.0,synthetic
150.0,cnn,classification,52.38455155071436,256,int8,1,cpu,0.6,300.0,8.0,cpu_4thread,pytorch,2405.484005867647,4.974137655344887,3481.7860137168127,1.0,synthetic
44.0,transformer,detection,115.10946409380146,832,fp32,1,gpu,700.0,300.0,8.0,datacenter,pytorch,578.5473204690073,3.3493338246971094,491.4184221743534,1.0,synthetic
100.0,transformer,segmentation,303.82220988074994,768,fp32,1,cpu,1.0,300.0,8.0,cpu_modern_mt,onnxruntime,1522.1110494037498,3.6800130922317766,1001.0039449047191,1.0,synthetic
11.0,cnn,detection,28.79516281692715,416,fp16,1,gpu,9.0,300.0,8.0,consumer_low,coreml,146.97581408463574,4.896472815313354,91.37327276710387,1.0,synthetic
100.0,hybrid,detection,332.69722765070185,640,int8,1,cpu,0.15,300.0,8.0,cpu_1thread,tensorrt,1666.4861382535091,3.9069532134768163,986.390517199664,1.0,synthetic
100.0,transformer,detection,347.29638800016266,640,fp32,1,gpu,150.0,300.0,8.0,datacenter_low,tflite,1739.4819400008132,2.711583053401806,2104.7499502825503,1.0,synthetic
25.0,hybrid,segmentation,74.72519377287027,512,fp16,1,gpu,150.0,300.0,8.0,datacenter_low,coreml,376.62596886435136,4.1963594012318906,551.3570355094632,1.0,synthetic
150.0,hybrid,classification,57.57928018703607,256,int8,1,cpu,0.6,300.0,8.0,cpu_4thread,onnxruntime,290.89640093518034,3.741701070772363,290.21511333493453,1.0,synthetic
100.0,cnn,detection,298.14729334047456,416,fp16,1,cpu,0.6,300.0,8.0,cpu_4thread,tensorrt,1493.7364667023728,4.518210031683516,1042.2051703678544,1.0,synthetic
5.0,cnn,detection,17.679485578532628,640,fp32,1,cpu,1.0,300.0,8.0,cpu_modern_mt,onnxruntime,91.39742789266313,3.654213424717702,119.00183808824802,1.0,synthetic
150.0,cnn,detection,444.09392303882424,832,int8,1,gpu,9.0,300.0,8.0,consumer_low,tensorrt,2223.469615194121,2.4817606121693774,1697.8486191193217,1.0,synthetic
100.0,cnn,detection,370.67313114464605,832,int8,1,cpu,1.0,300.0,8.0,cpu_modern_mt,pytorch,1856.3656557232302,3.6360349520046347,2658.9816435736902,1.0,synthetic
11.0,hybrid,classification,3.41876470420719,256,int8,1,gpu,700.0,300.0,8.0,datacenter,tensorrt,20.09382352103595,3.0126464393009758,22.330876320392026,1.0,synthetic
5.0,cnn,classification,1.6670771897314824,224,fp16,1,gpu,700.0,300.0,8.0,datacenter,pytorch,11.335385948657413,4.891426908862998,11.3093406679731,1.0,synthetic
150.0,cnn,segmentation,373.7134723685731,512,fp16,1,gpu,65.0,300.0,8.0,consumer_flagship,onnxruntime,1871.5673618428655,2.07888332200516,1965.0659248361574,1.0,synthetic
25.0,cnn,classification,7.785215152301176,224,fp16,1,cpu,0.15,300.0,8.0,cpu_1thread,tflite,41.92607576150588,2.8591897352827353,33.073362504855524,1.0,synthetic
44.0,hybrid,segmentation,95.55112884857594,768,fp16,1,gpu,45.0,300.0,8.0,consumer_high,onnxruntime,480.7556442428797,4.578585863339169,493.2733379281945,1.0,synthetic
150.0,hybrid,segmentation,404.20703070504214,768,fp32,1,gpu,9.0,300.0,8.0,consumer_low,tensorrt,2024.0351535252107,4.9130873937352995,2209.534640398104,1.0,synthetic
5.0,cnn,classification,1.7569143583322848,256,fp32,1,gpu,700.0,300.0,8.0,datacenter,pytorch,11.784571791661424,3.9161317452886237,14.210682071102838,1.0,synthetic
25.0,transformer,detection,82.44188223644981,416,fp16,1,gpu,25.0,300.0,8.0,consumer_mid,coreml,415.2094111822491,3.9335754070110807,597.05883211836,1.0,synthetic
44.0,transformer,classification,17.25608355150971,224,int8,1,gpu,65.0,300.0,8.0,consumer_flagship,tensorrt,89.28041775754855,4.359091809807239,87.8171446921754,1.0,synthetic
11.0,cnn,segmentation,25.06555663789658,512,fp16,1,gpu,45.0,300.0,8.0,consumer_high,tflite,128.3277831894829,3.749961434731312,91.46705901785569,1.0,synthetic
11.0,cnn,classification,4.123249414047303,384,fp16,1,gpu,45.0,300.0,8.0,consumer_high,coreml,23.61624707023651,4.99170521476276,27.972595973563628,1.0,synthetic
25.0,cnn,segmentation,52.7940914318932,768,fp16,1,gpu,150.0,300.0,8.0,datacenter_low,onnxruntime,266.970457159466,4.532168998361406,382.268532283891,1.0,synthetic
150.0,cnn,segmentation,426.9688169324997,768,fp32,1,gpu,65.0,300.0,8.0,consumer_flagship,onnxruntime,2137.8440846624985,4.6906347254898435,1908.5423413418673,1.0,synthetic
25.0,cnn,classification,8.130009804593083,256,fp16,1,gpu,65.0,300.0,8.0,consumer_flagship,tensorrt,43.65004902296542,4.095845918033363,50.02941292455588,1.0,synthetic
44.0,transformer,detection,131.77057138689207,416,fp32,1,gpu,25.0,300.0,8.0,consumer_mid,tensorrt,661.8528569344603,3.1397155658546785,815.2445288324079,1.0,synthetic
5.0,cnn,detection,18.93192658495564,640,fp32,1,cpu,0.6,300.0,8.0,cpu_4thread,pytorch,876.6990449324728,4.227710332227368,852.3183403690231,1.0,synthetic
25.0,cnn,detection,74.58918034170799,640,fp16,1,gpu,700.0,300.0,8.0,datacenter,tflite,375.94590170853996,4.1664425562283895,371.59233065169803,1.0,synthetic
44.0,cnn,segmentation,123.90226457148518,512,fp32,1,gpu,700.0,300.0,8.0,datacenter,pytorch,622.5113228574259,3.7431149725137303,980.163429737069,1.0,synthetic
11.0,transformer,detection,32.19584688810352,832,fp32,1,gpu,150.0,300.0,8.0,datacenter_low,onnxruntime,163.9792344405176,4.202345903193257,173.58598800644336,1.0,synthetic
150.0,cnn,detection,497.1148446485229,640,int8,1,gpu,150.0,300.0,8.0,datacenter_low,tensorrt,105.96123222083831,4.648210516946734,146.5986458829949,1.0,synthetic
44.0,cnn,segmentation,111.88167421219767,512,fp32,1,gpu,150.0,300.0,8.0,datacenter_low,coreml,562.4083710609883,3.5229799893536926,585.4750049900649,1.0,synthetic
150.0,transformer,detection,463.82484243371556,640,int8,1,cpu,1.0,300.0,8.0,cpu_modern_mt,coreml,2322.1242121685777,4.364432041903733,3083.8554211598175,1.0,synthetic
11.0,transformer,classification,3.27484954152599,384,int8,1,gpu,65.0,300.0,8.0,consumer_flagship,tensorrt,19.374247707629948,3.8309233446202877,18.683533706980484,1.0,synthetic
44.0,transformer,detection,168.7294619865588,640,fp32,1,cpu,0.15,300.0,8.0,cpu_1thread,pytorch,30114.949786121284,4.307184420143512,45143.92520478842,1.0,synthetic
100.0,transformer,segmentation,244.43302269072217,512,fp32,1,gpu,150.0,300.0,8.0,datacenter_low,tflite,1225.165113453611,3.1155479081118767,1402.685637529216,1.0,synthetic
25.0,cnn,segmentation,70.82598696655049,512,int8,1,cpu,0.6,300.0,8.0,cpu_4thread,coreml,357.12993483275244,4.138717371094513,826.8881618198716,1.0,synthetic
100.0,transformer,detection,355.52960346099843,416,fp16,1,gpu,65.0,300.0,8.0,consumer_flagship,coreml,1780.6480173049922,2.814549733199214,1780.2991830464325,1.0,synthetic
44.0,hybrid,classification,13.22424955813169,384,int8,1,cpu,1.0,300.0,8.0,cpu_modern_mt,tflite,69.12124779065846,3.0264239518911173,70.53961873632451,1.0,synthetic
100.0,hybrid,detection,328.750433132492,416,fp16,1,cpu,0.15,300.0,8.0,cpu_1thread,coreml,1646.75216566246,2.1603971723768853,939.6823691741873,1.0,synthetic
100.0,hybrid,detection,321.2480526865622,416,fp32,1,gpu,700.0,300.0,8.0,datacenter,pytorch,1609.240263432811,3.26760006465493,1914.4012575312297,1.0,synthetic
25.0,cnn,detection,73.09522722040137,416,fp16,1,gpu,45.0,300.0,8.0,consumer_high,pytorch,368.4761361020069,4.712323716372907,190.20908877902465,1.0,synthetic
44.0,cnn,segmentation,99.9748458701613,512,int8,1,gpu,700.0,300.0,8.0,datacenter,tflite,502.8742293508065,3.6160098790562993,587.5687583527412,1.0,synthetic
150.0,hybrid,detection,552.2704298072606,640,fp16,1,cpu,0.6,300.0,8.0,cpu_4thread,tensorrt,2764.3521490363028,2.374554435299853,2954.370823256623,1.0,synthetic
100.0,cnn,detection,319.20496259282027,832,int8,1,cpu,0.15,300.0,8.0,cpu_1thread,tensorrt,1599.0248129641013,3.3297720240780038,1495.3837310529786,1.0,synthetic
100.0,cnn,detection,303.2358088169725,640,int8,1,gpu,65.0,300.0,8.0,consumer_flagship,coreml,1519.1790440848627,4.009396183323846,1510.3107956072881,1.0,synthetic
25.0,hybrid,detection,94.02655291444859,640,fp16,1,gpu,150.0,300.0,8.0,datacenter_low,onnxruntime,473.13276457224293,3.3321942121827557,438.55000027560806,1.0,synthetic
100.0,hybrid,classification,34.372595292481364,224,fp32,1,gpu,65.0,300.0,8.0,consumer_flagship,coreml,174.86297646240683,4.324429162526761,145.7321586345434,1.0,synthetic
44.0,cnn,classification,15.051317301533993,224,fp16,1,gpu,25.0,300.0,8.0,consumer_mid,onnxruntime,78.25658650766997,3.743325565095516,79.12782636394594,1.0,synthetic
11.0,cnn,segmentation,24.74399286180589,512,int8,1,gpu,150.0,300.0,8.0,datacenter_low,onnxruntime,126.71996430902945,2.661937834036871,172.1557477185887,1.0,synthetic
44.0,cnn,segmentation,102.28139014234223,512,fp32,1,cpu,1.0,300.0,8.0,cpu_modern_mt,pytorch,514.4069507117111,3.5653543001446586,643.1587388661626,1.0,synthetic
44.0,hybrid,detection,123.4589393777402,640,int8,1,gpu,150.0,300.0,8.0,datacenter_low,pytorch,106.98331780434123,2.798263207606849,103.18658097985363,1.0,synthetic
11.0,transformer,classification,3.6713831457798634,224,fp16,1,gpu,150.0,300.0,8.0,datacenter_low,onnxruntime,21.356915728899317,3.1773345325307747,15.843680808218384,1.0,synthetic
25.0,cnn,detection,82.07131521276784,640,int8,1,gpu,700.0,300.0,8.0,datacenter,tflite,413.3565760638392,2.7255049848633965,763.6263427971669,1.0,synthetic
25.0,cnn,classification,7.276161454046038,224,fp32,1,gpu,700.0,300.0,8.0,datacenter,tflite,39.38080727023019,4.318800621079267,36.35993192856024,1.0,synthetic
150.0,hybrid,classification,57.0421809402236,224,fp32,1,cpu,0.15,300.0,8.0,cpu_1thread,pytorch,10183.237610592305,3.8327828683640863,8344.278924398204,1.0,synthetic
68.0,transformer,segmentation,201.72881724715677,512,fp32,1,cpu,1.0,300.0,8.0,cpu_modern_mt,tensorrt,1011.6440862357838,3.1977175090075374,1214.3072106275004,1.0,synthetic
25.0,transformer,segmentation,62.42322627493229,768,fp32,1,cpu,1.0,300.0,8.0,cpu_modern_mt,pytorch,315.11613137466145,3.2160548408765646,284.17641145947954,1.0,synthetic
150.0,cnn,segmentation,327.30272113359314,512,fp16,1,gpu,65.0,300.0,8.0,consumer_flagship,tflite,1639.5136056679657,2.224038298450129,1115.669755674288,1.0,synthetic
44.0,cnn,classification,13.25792240148916,224,fp16,1,cpu,0.15,300.0,8.0,cpu_1thread,pytorch,2369.4988317697557,2.1345750085561574,1688.2916580229423,1.0,synthetic
5.0,cnn,segmentation,11.92050336651467,768,int8,1,gpu,45.0,300.0,8.0,consumer_high,onnxruntime,62.60251683257334,1.1855377481010687,55.88453429241432,1.0,synthetic
150.0,transformer,classification,55.55957123606228,256,fp32,1,gpu,9.0,300.0,8.0,consumer_low,tensorrt,280.79785618031144,4.989802736164732,363.8964521501872,1.0,synthetic
11.0,hybrid,detection,31.43111895660954,416,fp16,1,gpu,25.0,300.0,8.0,consumer_mid,onnxruntime,160.15559478304772,2.7189563990482846,162.39974823718723,1.0,synthetic
11.0,transformer,detection,41.287514722449515,832,fp32,1,gpu,25.0,300.0,8.0,consumer_mid,coreml,209.43757361224758,4.944563043728882,140.58786186919218,1.0,synthetic
100.0,cnn,segmentation,292.7285759964816,768,fp16,1,gpu,9.0,300.0,8.0,consumer_low,tensorrt,1466.642879982408,2.7269170509992637,1131.924627435158,1.0,synthetic
68.0,transformer,classification,27.52001584592559,384,int8,1,cpu,0.15,300.0,8.0,cpu_1thread,coreml,140.60007922962797,4.743674833064475,85.52139980965879,1.0,synthetic
68.0,hybrid,classification,23.027648704582365,224,int8,1,gpu,45.0,300.0,8.0,consumer_high,coreml,118.13824352291182,3.304807701090227,87.59116385960334,1.0,synthetic
100.0,transformer,classification,36.84098749342897,224,fp16,1,gpu,9.0,300.0,8.0,consumer_low,onnxruntime,187.20493746714484,3.1562093555540587,215.34226859793222,1.0,synthetic
68.0,cnn,classification,22.444347484535097,224,fp16,1,gpu,700.0,300.0,8.0,datacenter,onnxruntime,115.22173742267549,2.8078535594261282,129.468034143211,1.0,synthetic
25.0,cnn,segmentation,77.98178637505096,768,fp32,1,gpu,45.0,300.0,8.0,consumer_high,onnxruntime,392.9089318752548,3.769258563596317,663.4579791780736,1.0,synthetic
44.0,transformer,segmentation,122.68961034984122,768,int8,1,gpu,65.0,300.0,8.0,consumer_flagship,tensorrt,616.4480517492061,2.0290176165407576,802.5250051445462,1.0,synthetic
68.0,cnn,detection,193.25029369514664,832,fp16,1,cpu,1.0,300.0,8.0,cpu_modern_mt,tensorrt,969.2514684757332,3.996602000510042,1114.199135908453,1.0,synthetic
25.0,transformer,segmentation,75.27378915743876,768,fp32,1,gpu,9.0,300.0,8.0,consumer_low,tflite,379.36894578719375,3.0846664876107854,298.4432999768922,1.0,synthetic
44.0,hybrid,segmentation,125.28850085904473,768,fp32,1,cpu,0.15,300.0,8.0,cpu_1thread,tflite,629.4425042952237,4.223713091411581,1052.4393261340374,1.0,synthetic
150.0,transformer,detection,500.55513456109253,416,fp32,1,gpu,150.0,300.0,8.0,datacenter_low,pytorch,429.1743069689975,3.6556398263559173,486.6120457702473,1.0,synthetic
100.0,hybrid,classification,39.066892987476635,224,int8,1,gpu,700.0,300.0,8.0,datacenter,onnxruntime,198.3344649373832,2.642924786485495,186.48441226908852,1.0,synthetic
150.0,cnn,classification,49.22485656090929,224,fp16,1,cpu,0.15,300.0,8.0,cpu_1thread,tensorrt,249.12428280454645,4.253690566724247,103.4018517537137,1.0,synthetic
25.0,cnn,segmentation,59.32923803558265,768,int8,1,gpu,9.0,300.0,8.0,consumer_low,coreml,299.64619017791324,2.657200465578798,541.606548374096,1.0,synthetic
11.0,cnn,segmentation,33.4749596755658,512,fp16,1,cpu,0.15,300.0,8.0,cpu_1thread,onnxruntime,97.75031197061094,2.579108486642963,74.16551331623207,1.0,synthetic
5.0,cnn,classification,2.0991782416599736,224,fp32,1,gpu,9.0,300.0,8.0,consumer_low,tensorrt,13.495891208299868,2.5868269887565774,14.189087290596806,1.0,synthetic
150.0,cnn,classification,54.819985738427256,256,int8,1,cpu,0.6,300.0,8.0,cpu_4thread,tensorrt,277.0999286921363,4.265505776885983,369.25565775168786,1.0,synthetic
68.0,cnn,classification,24.722977292412484,384,fp32,1,gpu,45.0,300.0,8.0,consumer_high,tensorrt,126.61488646206242,2.0322169453939476,119.30445932477213,1.0,synthetic
100.0,hybrid,detection,368.6137865591628,416,fp32,1,gpu,25.0,300.0,8.0,consumer_mid,tflite,1846.068932795814,3.4866170385626036,2304.6881330886163,1.0,synthetic
25.0,hybrid,segmentation,70.04983671875087,512,int8,1,gpu,700.0,300.0,8.0,datacenter,onnxruntime,353.2491835937543,2.2078779483999265,343.3415120302153,1.0,synthetic
25.0,cnn,classification,9.608030787343749,224,fp16,1,gpu,9.0,300.0,8.0,consumer_low,onnxruntime,51.040153936718745,2.35596753412817,35.33704226668287,1.0,synthetic
150.0,cnn,classification,45.08400012144425,384,fp32,1,gpu,65.0,300.0,8.0,consumer_flagship,tensorrt,228.42000060722125,2.55727716861863,153.00188683409115,1.0,synthetic
5.0,cnn,segmentation,12.106672076571396,512,fp16,1,gpu,700.0,300.0,8.0,datacenter,tensorrt,63.53336038285698,4.173088119689655,58.45539993413908,1.0,synthetic
5.0,hybrid,classification,1.45792325272291,256,fp16,1,cpu,0.6,300.0,8.0,cpu_4thread,coreml,10.289616263614551,3.7732963978159777,13.183734126497049,1.0,synthetic
68.0,hybrid,detection,216.02381276977906,832,fp32,1,gpu,65.0,300.0,8.0,consumer_flagship,pytorch,69.85937005224662,2.5791162238813325,109.8323048862442,1.0,synthetic
44.0,cnn,classification,15.783991776733352,256,fp32,1,cpu,0.6,300.0,8.0,cpu_4thread,pytorch,732.8384241967142,2.2238571667061247,680.3743098427868,1.0,synthetic
68.0,transformer,detection,204.3776693671865,640,fp16,1,gpu,150.0,300.0,8.0,datacenter_low,onnxruntime,1024.8883468359327,3.470272073643084,1280.7563163749971,1.0,synthetic
11.0,transformer,classification,4.2366485374259355,384,fp16,1,cpu,0.6,300.0,8.0,cpu_4thread,pytorch,205.12483816036524,3.545886312894336,155.17062052456626,1.0,synthetic
68.0,transformer,detection,181.60760584487866,416,int8,1,gpu,9.0,300.0,8.0,consumer_low,onnxruntime,911.0380292243933,4.710593677738378,1136.396151659528,1.0,synthetic
5.0,transformer,detection,16.46074844996293,832,fp32,1,cpu,1.0,300.0,8.0,cpu_modern_mt,pytorch,85.30374224981466,4.260756076998485,99.71726724354569,1.0,synthetic
100.0,cnn,detection,352.26167512097624,640,fp32,1,gpu,150.0,300.0,8.0,datacenter_low,tflite,1764.3083756048811,2.2126565174273782,1624.2684556171619,1.0,synthetic
11.0,transformer,detection,32.66438398277545,832,int8,1,gpu,25.0,300.0,8.0,consumer_mid,tflite,166.32191991387725,3.420525763223194,152.80118059543076,1.0,synthetic
11.0,cnn,detection,42.21040176677937,832,fp32,1,gpu,25.0,300.0,8.0,consumer_mid,coreml,214.05200883389685,4.080191078817604,351.6862771083453,1.0,synthetic
150.0,transformer,classification,46.29412095526217,224,fp32,1,gpu,65.0,300.0,8.0,consumer_flagship,pytorch,17.328030435653645,2.175521454348309,14.892844119765554,1.0,synthetic
68.0,hybrid,segmentation,180.05359746845534,768,fp16,1,cpu,1.0,300.0,8.0,cpu_modern_mt,onnxruntime,903.2679873422767,3.1457973676075595,1142.1342786928367,1.0,synthetic
11.0,cnn,classification,4.141694030982989,384,fp32,1,gpu,25.0,300.0,8.0,consumer_mid,pytorch,22.4323901764074,3.794758791551156,20.63127924969403,1.0,synthetic
150.0,cnn,segmentation,320.26469175520515,768,fp16,1,gpu,45.0,300.0,8.0,consumer_high,pytorch,1604.3234587760257,2.518266181972168,2410.9901465611097,1.0,synthetic
11.0,transformer,classification,4.013013571311199,384,fp32,1,gpu,45.0,300.0,8.0,consumer_high,pytorch,23.065067856555995,2.8664833400932337,18.620604314982597,1.0,synthetic
100.0,cnn,detection,358.01505586932126,416,int8,1,cpu,0.6,300.0,8.0,cpu_4thread,tflite,1793.0752793466063,3.574500541404131,2158.82480257298,1.0,synthetic
100.0,transformer,segmentation,237.59493784830457,512,fp16,1,gpu,150.0,300.0,8.0,datacenter_low,tflite,1190.9746892415228,4.428332131635903,1456.2923000851747,1.0,synthetic
100.0,hybrid,detection,279.8208719282229,640,fp32,1,cpu,1.0,300.0,8.0,cpu_modern_mt,onnxruntime,1402.1043596411146,4.022630481162944,1078.6994228808476,1.0,synthetic
11.0,hybrid,segmentation,30.73054016164496,768,int8,1,cpu,0.6,300.0,8.0,cpu_4thread,tensorrt,156.6527008082248,3.957529978360259,131.57825203870155,1.0,synthetic
11.0,hybrid,classification,3.720026258971588,384,fp32,1,gpu,700.0,300.0,8.0,datacenter,tensorrt,21.60013129485794,3.7664746797448796,9.955066742446995,1.0,synthetic
5.0,transformer,detection,14.033858789242277,640,fp16,1,gpu,700.0,300.0,8.0,datacenter,tflite,73.16929394621138,2.3976463373146233,78.0343823733077,1.0,synthetic
150.0,cnn,classification,50.516029650616815,224,int8,1,gpu,9.0,300.0,8.0,consumer_low,coreml,255.58014825308408,4.677534463335588,204.85746580799727,1.0,synthetic
5.0,transformer,detection,16.19685873398928,640,int8,1,gpu,700.0,300.0,8.0,datacenter,pytorch,83.9842936699464,1.7252035964850267,66.32990224536736,1.0,synthetic
100.0,transformer,detection,344.25338799726046,832,int8,1,cpu,1.0,300.0,8.0,cpu_modern_mt,tensorrt,1724.2669399863023,2.4384960614355116,1885.9775210803407,1.0,synthetic
68.0,cnn,detection,199.94387669868985,640,int8,1,gpu,65.0,300.0,8.0,consumer_flagship,coreml,1002.7193834934492,3.4470842493942184,1431.2961222879803,1.0,synthetic
68.0,hybrid,segmentation,190.32004766451536,512,int8,1,gpu,45.0,300.0,8.0,consumer_high,coreml,954.6002383225768,4.054014882247586,1018.9150956790764,1.0,synthetic
44.0,hybrid,detection,137.91307908773155,832,fp16,1,cpu,1.0,300.0,8.0,cpu_modern_mt,onnxruntime,692.5653954386578,4.5890778833605275,428.0511000135585,1.0,synthetic
100.0,cnn,classification,40.17242743976566,384,fp16,1,gpu,65.0,300.0,8.0,consumer_flagship,tflite,203.86213719882832,2.226755277216342,234.22586974043742,1.0,synthetic
68.0,hybrid,classification,19.072009841634355,224,fp16,1,gpu,150.0,300.0,8.0,datacenter_low,tensorrt,5.094194076584849,3.142004791411757,5.050549136593724,1.0,synthetic
100.0,transformer,segmentation,270.51409438274095,768,fp32,1,gpu,9.0,300.0,8.0,consumer_low,coreml,1355.5704719137048,2.3746499397219383,1196.9750507398096,1.0,synthetic
11.0,hybrid,classification,3.342566183553357,224,fp32,1,gpu,65.0,300.0,8.0,consumer_flagship,tensorrt,19.712830917766787,4.5564439515560275,39.00798089056023,1.0,synthetic
11.0,hybrid,classification,4.416583142878462,256,int8,1,cpu,0.15,300.0,8.0,cpu_1thread,tflite,25.08291571439231,3.7930463840834223,35.72785656433924,1.0,synthetic
11.0,transformer,detection,31.017196470684,832,fp16,1,cpu,1.0,300.0,8.0,cpu_modern_mt,onnxruntime,158.08598235341998,3.28475210077971,229.92100727128067,1.0,synthetic
5.0,hybrid,classification,1.8871262560243651,224,fp32,1,gpu,25.0,300.0,8.0,consumer_mid,onnxruntime,12.435631280121825,4.860670420160295,11.121015275970382,1.0,synthetic
25.0,cnn,detection,91.03411368230859,832,int8,1,gpu,9.0,300.0,8.0,consumer_low,onnxruntime,458.17056841154294,2.7816350423292135,462.14890712897784,1.0,synthetic
100.0,hybrid,classification,36.630425092328146,384,fp16,1,cpu,0.15,300.0,8.0,cpu_1thread,tflite,186.15212546164074,3.2306150158505975,73.17149892730981,1.0,synthetic
5.0,transformer,segmentation,14.74506076624321,512,fp16,1,cpu,1.0,300.0,8.0,cpu_modern_mt,tflite,76.72530383121605,3.141938440092372,81.8492876690556,1.0,synthetic
150.0,transformer,detection,396.22335998227345,416,int8,1,cpu,0.15,300.0,8.0,cpu_1thread,tensorrt,1984.1167999113673,2.6111673857915463,3204.1207925254976,1.0,synthetic
5.0,cnn,classification,1.8525279643020847,256,fp16,1,gpu,65.0,300.0,8.0,consumer_flagship,pytorch,3.573357404951495,4.061265416311112,2.927465937807611,1.0,synthetic
68.0,cnn,segmentation,159.4878942103831,512,fp32,1,cpu,0.15,300.0,8.0,cpu_1thread,pytorch,28465.69960078497,3.3998408684063772,46479.46620331476,1.0,synthetic
150.0,transformer,classification,49.071048542882,224,int8,1,gpu,9.0,300.0,8.0,consumer_low,coreml,248.35524271441,3.857454654722982,324.26490384713316,1.0,synthetic
25.0,cnn,classification,10.4224648056482,256,fp32,1,cpu,1.0,300.0,8.0,cpu_modern_mt,pytorch,55.112324028241005,3.3928007072783406,30.983992731449984,1.0,synthetic
100.0,cnn,detection,265.7559543609662,416,fp16,1,gpu,9.0,300.0,8.0,consumer_low,pytorch,1331.779771804831,3.65948983901417,902.4495860531836,1.0,synthetic
44.0,transformer,classification,14.344775905258343,384,fp32,1,gpu,700.0,300.0,8.0,datacenter,tensorrt,74.72387952629171,2.010151959721932,72.66828112742354,1.0,synthetic
5.0,transformer,detection,15.371425569041657,832,int8,1,gpu,65.0,300.0,8.0,consumer_flagship,tflite,79.85712784520828,1.1586029018896757,58.39779403562547,1.0,synthetic
150.0,transformer,detection,388.66419905275785,416,fp16,1,cpu,0.15,300.0,8.0,cpu_1thread,tensorrt,1946.3209952637892,2.8338744713929547,2062.7025077818644,1.0,synthetic
100.0,hybrid,segmentation,259.33205362190694,768,fp32,1,gpu,9.0,300.0,8.0,consumer_low,pytorch,1299.6602681095346,3.3098939626824806,843.7459226142881,1.0,synthetic
11.0,transformer,classification,3.4943386248239476,224,fp16,1,gpu,45.0,300.0,8.0,consumer_high,tflite,20.47169312411974,2.1592183465141015,16.513248962899464,1.0,synthetic
100.0,transformer,detection,354.26245542877166,416,fp32,1,cpu,0.6,300.0,8.0,cpu_4thread,pytorch,16201.304213094865,3.9977900936620396,18181.02286156014,1.0,synthetic
5.0,transformer,classification,1.7489682869024785,224,int8,1,gpu,9.0,300.0,8.0,consumer_low,coreml,11.744841434512393,1.6555361141480092,10.846750973217086,1.0,synthetic
5.0,hybrid,detection,15.314510693319546,640,fp16,1,gpu,25.0,300.0,8.0,consumer_mid,onnxruntime,79.57255346659772,3.499071808658361,29.57253603680229,1.0,synthetic
44.0,cnn,segmentation,115.70485423227063,768,fp16,1,gpu,9.0,300.0,8.0,consumer_low,tensorrt,581.5242711613532,3.132887240420434,810.9546899112873,1.0,synthetic
44.0,cnn,segmentation,110.44361432074204,512,fp16,1,cpu,0.6,300.0,8.0,cpu_4thread,tflite,555.2180716037102,3.1210915092086684,751.0886514069275,1.0,synthetic
44.0,transformer,segmentation,116.07187700111251,768,fp32,1,gpu,65.0,300.0,8.0,consumer_flagship,tflite,583.3593850055626,4.0890838007494175,782.1927381122782,1.0,synthetic
25.0,hybrid,detection,92.75700428014225,416,int8,1,gpu,9.0,300.0,8.0,consumer_low,pytorch,466.7850214007113,4.127410974678277,450.67759420695427,1.0,synthetic
44.0,cnn,detection,167.3262778048612,640,fp16,1,gpu,25.0,300.0,8.0,consumer_mid,pytorch,709.2763032806607,2.474509671228278,789.416218720768,1.0,synthetic
5.0,transformer,segmentation,10.6728839403129,512,fp16,1,gpu,700.0,300.0,8.0,datacenter,coreml,56.3644197015645,3.7373755556115777,58.15919927791889,1.0,synthetic
100.0,transformer,classification,41.768904881196846,224,fp32,1,gpu,9.0,300.0,8.0,consumer_low,onnxruntime,211.84452440598423,3.564624347580542,140.17765716006485,1.0,synthetic
44.0,cnn,segmentation,121.20902506072994,768,fp16,1,gpu,25.0,300.0,8.0,consumer_mid,tensorrt,609.0451253036497,2.945536086547667,541.1707196511023,1.0,synthetic
11.0,cnn,detection,38.22395256766958,640,fp16,1,cpu,0.6,300.0,8.0,cpu_4thread,tflite,194.1197628383479,3.114623673348766,143.78361738252602,1.0,synthetic
150.0,hybrid,classification,50.28560834626656,256,int8,1,gpu,45.0,300.0,8.0,consumer_high,tensorrt,254.42804173133277,2.3009584975798383,177.32466624758297,1.0,synthetic
11.0,cnn,segmentation,31.59685487689347,768,fp16,1,gpu,150.0,300.0,8.0,datacenter_low,coreml,160.98427438446734,4.780821869360326,209.33904250931712,1.0,synthetic
44.0,cnn,segmentation,92.63797671391981,512,fp16,1,gpu,45.0,300.0,8.0,consumer_high,coreml,466.18988356959903,4.965509209784619,424.7386680601905,1.0,synthetic
44.0,hybrid,detection,152.62848023809042,416,fp32,1,cpu,0.15,300.0,8.0,cpu_1thread,coreml,766.1424011904521,3.555554397829139,372.5592618967001,1.0,synthetic
25.0,hybrid,segmentation,60.44024282343956,512,int8,1,gpu,65.0,300.0,8.0,consumer_flagship,pytorch,21.706255153854546,3.8680634410896446,24.796078486887996,1.0,synthetic
11.0,transformer,segmentation,23.943694362528415,768,int8,1,cpu,0.15,300.0,8.0,cpu_1thread,tensorrt,122.71847181264208,2.052904487157039,79.58354240170078,1.0,synthetic
11.0,transformer,segmentation,29.202953964903323,512,fp16,1,gpu,150.0,300.0,8.0,datacenter_low,tensorrt,7.231823286594601,3.735343267558089,9.133864181565848,1.0,synthetic
68.0,hybrid,detection,211.20856617009213,416,fp32,1,gpu,9.0,300.0,8.0,consumer_low,coreml,1059.0428308504606,3.532791729782443,806.8057836998197,1.0,synthetic
5.0,hybrid,detection,15.982427622070217,640,int8,1,gpu,9.0,300.0,8.0,consumer_low,tflite,82.91213811035108,1.0906028031893904,89.71730791111855,1.0,synthetic
150.0,transformer,detection,500.51706309176586,832,int8,1,cpu,0.15,300.0,8.0,cpu_1thread,tflite,2505.5853154588294,2.60890824249255,3004.9171754878357,1.0,synthetic
44.0,cnn,detection,161.20431526449318,832,int8,1,cpu,0.6,300.0,8.0,cpu_4thread,tensorrt,809.0215763224659,3.0276264969780526,1013.1748811267389,1.0,synthetic
5.0,transformer,classification,2.0625558648043585,256,int8,1,gpu,25.0,300.0,8.0,consumer_mid,tflite,13.312779324021793,1.895686565766324,13.212144802654372,1.0,synthetic
150.0,transformer,segmentation,350.63341536203836,768,fp16,1,cpu,0.6,300.0,8.0,cpu_4thread,tensorrt,1756.1670768101917,4.314140566160683,1387.5089803436747,1.0,synthetic
100.0,cnn,detection,336.24264701577175,640,fp32,1,gpu,65.0,300.0,8.0,consumer_flagship,tflite,1684.2132350788588,3.4744347032553393,1708.9051984051594,1.0,synthetic
100.0,transformer,classification,30.744408823849106,256,int8,1,gpu,700.0,300.0,8.0,datacenter,pytorch,156.72204411924554,4.987244681178589,146.90023815001697,1.0,synthetic
100.0,hybrid,detection,370.83676093793474,832,int8,1,gpu,700.0,300.0,8.0,datacenter,pytorch,1857.1838046896737,2.9495064197308722,2069.114416750608,1.0,synthetic
44.0,transformer,classification,17.097053830078238,384,fp32,1,cpu,0.15,300.0,8.0,cpu_1thread,coreml,88.48526915039119,4.790994299589365,51.26019350542257,1.0,synthetic
25.0,hybrid,classification,8.255900124200343,256,fp32,1,cpu,0.6,300.0,8.0,cpu_4thread,tflite,44.279500621001716,3.1897356839347317,44.182459920281104,1.0,synthetic
25.0,cnn,detection,94.02949926716063,416,fp16,1,gpu,700.0,300.0,8.0,datacenter,tflite,473.14749633580317,3.5312140661570943,720.8387890050839,1.0,synthetic
5.0,transformer,classification,1.7271873501802253,224,int8,1,gpu,65.0,300.0,8.0,consumer_flagship,onnxruntime,11.635936750901127,1.4871893061824737,8.168058136857647,1.0,synthetic
68.0,transformer,detection,255.20526958620974,832,fp32,1,gpu,150.0,300.0,8.0,datacenter_low,onnxruntime,1279.0263479310488,4.035589536310827,1651.4581096847417,1.0,synthetic
100.0,transformer,detection,361.8095549146887,640,int8,1,cpu,0.15,300.0,8.0,cpu_1thread,onnxruntime,1018.0721824258724,4.914188800968494,1123.4671130379231,1.0,synthetic
100.0,transformer,detection,296.7940990756119,416,int8,1,cpu,0.15,300.0,8.0,cpu_1thread,onnxruntime,835.83385970894,2.4814294289511256,499.4621043413494,1.0,synthetic
44.0,cnn,segmentation,114.89814373636064,768,fp16,1,cpu,1.0,300.0,8.0,cpu_modern_mt,coreml,577.4907186818032,4.665654148110104,415.6780476956188,1.0,synthetic
5.0,hybrid,classification,2.0935067373876444,384,fp16,1,gpu,25.0,300.0,8.0,consumer_mid,coreml,13.467533686938221,3.705746542069993,12.08468739386705,1.0,synthetic
11.0,transformer,detection,39.06744889869824,832,fp16,1,gpu,700.0,300.0,8.0,datacenter,coreml,198.3372444934912,2.1324681473351936,225.73220640965263,1.0,synthetic
150.0,transformer,detection,414.26577248962906,416,int8,1,cpu,0.15,300.0,8.0,cpu_1thread,tflite,2074.328862448145,2.2129675734541596,2613.696997325482,1.0,synthetic
150.0,hybrid,detection,385.8968844752749,416,int8,1,gpu,9.0,300.0,8.0,consumer_low,coreml,1932.4844223763744,2.723089197007777,1486.4672776240698,1.0,synthetic
5.0,transformer,detection,13.213469747752455,832,fp16,1,gpu,700.0,300.0,8.0,datacenter,tensorrt,69.06734873876228,3.5895892725100333,43.04125846638926,1.0,synthetic
25.0,hybrid,segmentation,59.10630231888568,512,fp32,1,cpu,0.15,300.0,8.0,cpu_1thread,pytorch,10551.60071182834,4.8006869348081995,14186.416760598637,1.0,synthetic
100.0,transformer,classification,30.92699799420489,384,fp16,1,gpu,150.0,300.0,8.0,datacenter_low,pytorch,27.92402708624866,4.98369670462573,36.71966483342947,1.0,synthetic
100.0,hybrid,detection,355.00559403245336,640,fp32,1,gpu,700.0,300.0,8.0,datacenter,tflite,1778.0279701622667,3.6373324562168317,1385.6793346584661,1.0,synthetic
150.0,cnn,classification,55.73227355374028,224,fp32,1,gpu,65.0,300.0,8.0,consumer_flagship,tflite,281.6613677687014,3.8610285839516485,422.99238889108193,1.0,synthetic
5.0,hybrid,segmentation,14.065920120083419,768,fp32,1,cpu,1.0,300.0,8.0,cpu_modern_mt,coreml,73.3296006004171,3.302000049786431,68.44631240468755,1.0,synthetic
5.0,hybrid,segmentation,11.755272348949825,512,fp16,1,cpu,1.0,300.0,8.0,cpu_modern_mt,pytorch,61.776361744749124,2.5178818108076713,50.60985147244915,1.0,synthetic
100.0,transformer,classification,29.94498471878008,256,fp32,1,gpu,700.0,300.0,8.0,datacenter,onnxruntime,152.7249235939004,2.188929320439982,147.6528601115726,1.0,synthetic
100.0,transformer,classification,41.25041332426769,224,int8,1,gpu,150.0,300.0,8.0,datacenter_low,tflite,209.25206662133846,4.295729968582275,105.15446985646192,1.0,synthetic
11.0,transformer,segmentation,31.24094428524174,768,int8,1,gpu,25.0,300.0,8.0,consumer_mid,tensorrt,159.2047214262087,3.5891748404260024,177.94958769209353,1.0,synthetic
100.0,cnn,classification,41.75456384101371,384,int8,1,cpu,1.0,300.0,8.0,cpu_modern_mt,coreml,211.77281920506857,4.243015310240474,149.11390148948774,1.0,synthetic
150.0,hybrid,classification,54.09099955804085,224,fp16,1,gpu,9.0,300.0,8.0,consumer_low,tensorrt,273.45499779020423,2.045649589072932,259.19906782012146,1.0,synthetic
25.0,transformer,classification,9.415816666950832,384,int8,1,cpu,0.15,300.0,8.0,cpu_1thread,tflite,50.07908333475416,2.2949343807117124,52.88189716147993,1.0,synthetic
68.0,transformer,classification,20.13892825264301,224,fp32,1,gpu,150.0,300.0,8.0,datacenter_low,coreml,103.69464126321505,3.8858936467066787,80.00922878186006,1.0,synthetic
11.0,transformer,segmentation,33.375135234501045,512,fp16,1,gpu,45.0,300.0,8.0,consumer_high,tensorrt,169.87567617250522,2.9494235949135748,223.9829087495384,1.0,synthetic
11.0,transformer,classification,3.4144020030734747,384,int8,1,gpu,700.0,300.0,8.0,datacenter,tensorrt,20.072010015367376,4.119682442968994,11.587752445713988,1.0,synthetic
11.0,hybrid,classification,4.420172153700382,384,int8,1,gpu,9.0,300.0,8.0,consumer_low,pytorch,25.10086076850191,4.354319609427153,20.37627717285229,1.0,synthetic
5.0,hybrid,segmentation,13.15931373466139,768,fp16,1,gpu,150.0,300.0,8.0,datacenter_low,coreml,68.79656867330695,3.0884861741806207,75.37779944275799,1.0,synthetic
44.0,hybrid,detection,117.46383018531591,832,fp16,1,cpu,0.15,300.0,8.0,cpu_1thread,onnxruntime,333.17111600944054,4.527399221637877,280.201718953562,1.0,synthetic
68.0,hybrid,detection,203.5183656555653,832,fp32,1,cpu,0.6,300.0,8.0,cpu_4thread,pytorch,9312.299310459335,4.706401605341014,10567.36192889542,1.0,synthetic
150.0,transformer,segmentation,364.8794506018833,512,int8,1,gpu,65.0,300.0,8.0,consumer_flagship,coreml,1827.3972530094165,3.0644042578441204,1660.287460114143,1.0,synthetic
11.0,cnn,detection,36.32116966837067,640,fp32,1,cpu,0.6,300.0,8.0,cpu_4thread,pytorch,1671.3874538445398,3.7800309715654152,1587.706212596349,1.0,synthetic
11.0,hybrid,classification,4.547342895146715,256,int8,1,gpu,150.0,300.0,8.0,datacenter_low,tensorrt,2.029489350875957,2.786281691539861,2.0859651254138574,1.0,synthetic
11.0,cnn,detection,40.956287174484835,416,int8,1,cpu,0.15,300.0,8.0,cpu_1thread,coreml,207.78143587242417,4.212833485196398,163.1595328956411,1.0,synthetic
150.0,hybrid,segmentation,436.39751552105685,512,fp16,1,cpu,0.15,300.0,8.0,cpu_1thread,onnxruntime,1227.1422360055224,2.7416171111319483,1552.6243228828514,1.0,synthetic
11.0,hybrid,classification,4.1824390971181815,384,fp16,1,gpu,65.0,300.0,8.0,consumer_flagship,coreml,23.912195485590907,2.503108327969181,20.535561001221215,1.0,synthetic
150.0,transformer,segmentation,326.3464725015321,768,int8,1,cpu,1.0,300.0,8.0,cpu_modern_mt,tensorrt,1634.7323625076606,3.7261451108298256,2287.453264810671,1.0,synthetic
44.0,cnn,segmentation,136.27776993988704,512,int8,1,cpu,0.15,300.0,8.0,cpu_1thread,coreml,684.3888496994352,3.609862708564876,634.5768663356906,1.0,synthetic
100.0,cnn,segmentation,237.07090008282918,768,int8,1,gpu,45.0,300.0,8.0,consumer_high,tensorrt,1188.3545004141458,2.489197602080191,1738.3549169901182,1.0,synthetic
68.0,transformer,classification,23.629412626371238,224,fp16,1,cpu,0.6,300.0,8.0,cpu_4thread,coreml,121.14706313185619,4.858413756691823,196.762527821911,1.0,synthetic
44.0,hybrid,segmentation,119.15424893462479,512,fp32,1,cpu,0.6,300.0,8.0,cpu_4thread,tflite,598.771244673124,3.817315509867121,267.1199246090338,1.0,synthetic
5.0,cnn,detection,13.619358482310892,832,fp32,1,gpu,65.0,300.0,8.0,consumer_flagship,coreml,71.09679241155446,3.506384287356875,66.4664677210209,1.0,synthetic
68.0,cnn,classification,24.01023786322487,224,fp16,1,cpu,1.0,300.0,8.0,cpu_modern_mt,pytorch,123.05118931612435,2.5822836178688156,165.5072890560736,1.0,synthetic
100.0,cnn,detection,344.2546120098506,640,fp16,1,cpu,1.0,300.0,8.0,cpu_modern_mt,tensorrt,1724.2730600492528,2.8196054950189455,1839.0428603634673,1.0,synthetic
44.0,hybrid,detection,147.77593834388801,832,int8,1,gpu,9.0,300.0,8.0,consumer_low,onnxruntime,741.8796917194401,4.087275013976543,663.3372901191632,1.0,synthetic
100.0,hybrid,detection,297.2045777384732,640,fp32,1,gpu,25.0,300.0,8.0,consumer_mid,pytorch,1255.9340677012335,4.606998223855408,1337.59875292341,1.0,synthetic
100.0,hybrid,classification,38.68610973582526,256,int8,1,cpu,1.0,300.0,8.0,cpu_modern_mt,onnxruntime,196.4305486791263,4.605726896112362,292.20520456583074,1.0,synthetic
25.0,hybrid,classification,7.07056483741263,224,fp16,1,gpu,25.0,300.0,8.0,consumer_mid,coreml,38.35282418706315,3.3262490515680474,34.95205106670586,1.0,synthetic
11.0,cnn,segmentation,33.06114379127924,512,fp16,1,cpu,0.15,300.0,8.0,cpu_1thread,tensorrt,168.30571895639622,3.4026207868006075,158.80767413929559,1.0,synthetic
68.0,cnn,classification,27.12926818440535,256,int8,1,gpu,9.0,300.0,8.0,consumer_low,tflite,138.64634092202675,4.686685190980633,97.32292283027482,1.0,synthetic
11.0,cnn,segmentation,27.751348156093865,768,int8,1,gpu,65.0,300.0,8.0,consumer_flagship,tflite,141.75674078046933,4.369296463383999,96.82309582019477,1.0,synthetic
11.0,transformer,classification,3.444431063738128,256,fp16,1,cpu,0.15,300.0,8.0,cpu_1thread,onnxruntime,13.574740271657973,4.277970705735205,13.991238421797755,1.0,synthetic
25.0,transformer,classification,7.3133049492821,224,int8,1,gpu,25.0,300.0,8.0,consumer_mid,tflite,39.5665247464105,3.477992677491586,47.458059299410586,1.0,synthetic
100.0,cnn,segmentation,301.7080037643384,768,fp16,1,gpu,25.0,300.0,8.0,consumer_mid,tensorrt,1511.540018821692,2.516794443067364,1291.3298477968337,1.0,synthetic
150.0,transformer,classification,57.32996453078938,384,fp16,1,cpu,0.15,300.0,8.0,cpu_1thread,coreml,289.6498226539469,2.5535359867961347,167.89672681004296,1.0,synthetic
25.0,cnn,classification,8.213238930294601,384,int8,1,gpu,700.0,300.0,8.0,datacenter,tflite,44.066194651473005,4.2157131159046815,41.127109344424916,1.0,synthetic
25.0,hybrid,classification,10.36422765428001,256,int8,1,gpu,150.0,300.0,8.0,datacenter_low,tflite,54.821138271400045,2.3496400631455927,102.85693364760277,1.0,synthetic
11.0,cnn,classification,4.172734283253013,224,fp16,1,gpu,65.0,300.0,8.0,consumer_flagship,pytorch,4.291461260666807,2.0985881773854196,3.7424342825897594,1.0,synthetic
68.0,transformer,detection,185.90937855475656,832,int8,1,gpu,65.0,300.0,8.0,consumer_flagship,tflite,932.5468927737828,2.959331867146699,605.6489406971297,1.0,synthetic
11.0,cnn,segmentation,26.79231761249455,768,int8,1,gpu,25.0,300.0,8.0,consumer_mid,tensorrt,136.96158806247274,4.9165489045611235,148.53195679396717,1.0,synthetic
11.0,cnn,segmentation,29.733378078235148,512,fp16,1,gpu,150.0,300.0,8.0,datacenter_low,onnxruntime,151.66689039117574,2.725141196273954,173.41718666842803,1.0,synthetic
11.0,cnn,detection,32.773382821296735,640,int8,1,gpu,700.0,300.0,8.0,datacenter,coreml,166.86691410648368,4.018892519335447,118.0149753172578,1.0,synthetic
44.0,transformer,classification,15.589776837036961,256,fp32,1,cpu,1.0,300.0,8.0,cpu_modern_mt,tflite,80.94888418518481,3.156272534259933,56.49431844437131,1.0,synthetic
25.0,cnn,classification,7.521814190550509,256,int8,1,gpu,65.0,300.0,8.0,consumer_flagship,coreml,40.609070952752546,2.337493873441656,43.1576408320195,1.0,synthetic
68.0,hybrid,segmentation,192.65742094233946,512,fp32,1,cpu,1.0,300.0,8.0,cpu_modern_mt,tensorrt,966.2871047116973,3.156976069328248,888.6989981726625,1.0,synthetic
150.0,transformer,segmentation,323.44702880002905,768,int8,1,gpu,700.0,300.0,8.0,datacenter,coreml,1620.2351440001453,2.707284538590719,1787.0026487871496,1.0,synthetic
44.0,transformer,segmentation,132.46061053746288,512,fp16,1,gpu,150.0,300.0,8.0,datacenter_low,tflite,665.3030526873144,2.1357749416116545,977.4921551027302,1.0,synthetic
11.0,cnn,detection,31.00162008342451,640,int8,1,cpu,0.15,300.0,8.0,cpu_1thread,onnxruntime,90.8175410938389,2.867815081173434,116.52322714092482,1.0,synthetic
68.0,transformer,segmentation,145.82639918494883,512,fp32,1,cpu,0.15,300.0,8.0,cpu_1thread,tensorrt,732.1319959247442,4.5742342166748315,988.3047377103549,1.0,synthetic
100.0,hybrid,segmentation,240.62455435926987,512,int8,1,gpu,9.0,300.0,8.0,consumer_low,pytorch,1206.1227717963493,4.730681597847342,1233.26862717575,1.0,synthetic
5.0,transformer,classification,1.4304826044903627,224,fp32,1,cpu,1.0,300.0,8.0,cpu_modern_mt,pytorch,10.152413022451814,4.297412264092664,6.659575435519886,1.0,synthetic
100.0,cnn,detection,329.2765731761548,832,int8,1,gpu,25.0,300.0,8.0,consumer_mid,tflite,1649.3828658807738,4.897473273324897,2640.5357421489666,1.0,synthetic
100.0,hybrid,classification,31.208886956277677,384,fp32,1,gpu,65.0,300.0,8.0,consumer_flagship,tensorrt,159.0444347813884,2.4309420952163587,137.75152218988342,1.0,synthetic
100.0,transformer,classification,40.780344433117754,384,fp32,1,gpu,9.0,300.0,8.0,consumer_low,onnxruntime,206.90172216558878,3.7197787107928493,167.88194148557665,1.0,synthetic
11.0,cnn,classification,4.228245413971416,384,int8,1,gpu,25.0,300.0,8.0,consumer_mid,tflite,24.141227069857077,4.319095696117151,42.66084277660202,1.0,synthetic
150.0,hybrid,classification,61.317777797198254,384,fp16,1,gpu,45.0,300.0,8.0,consumer_high,onnxruntime,309.5888889859913,3.918992800369525,185.22800853112116,1.0,synthetic
68.0,hybrid,segmentation,170.8402770370484,768,int8,1,cpu,0.15,300.0,8.0,cpu_1thread,tensorrt,857.201385185242,3.7837953618469338,714.6384167703782,1.0,synthetic
100.0,cnn,detection,309.75818220236164,832,int8,1,gpu,65.0,300.0,8.0,consumer_flagship,onnxruntime,1551.7909110118082,4.072753465823098,1503.434627368921,1.0,synthetic
68.0,transformer,classification,26.649181848996022,384,int8,1,gpu,25.0,300.0,8.0,consumer_mid,onnxruntime,136.2459092449801,3.4799788303896406,95.12117488740455,1.0,synthetic
11.0,cnn,segmentation,24.77032146400699,768,fp32,1,cpu,0.15,300.0,8.0,cpu_1thread,pytorch,4424.001568466688,3.2385778118512185,6683.99014365984,1.0,synthetic
68.0,transformer,detection,234.70604027531152,416,int8,1,gpu,150.0,300.0,8.0,datacenter_low,tensorrt,50.59297449809073,3.5216410450342694,44.73882379379814,1.0,synthetic
11.0,transformer,segmentation,25.6395925512515,512,int8,1,gpu,700.0,300.0,8.0,datacenter,tensorrt,131.1979627562575,2.201196885624127,84.64910526561525,1.0,synthetic
5.0,cnn,segmentation,13.015256472832894,512,fp16,1,gpu,65.0,300.0,8.0,consumer_flagship,tensorrt,68.07628236416447,3.4986864678047707,70.67522328337903,1.0,synthetic
44.0,cnn,segmentation,123.86778526068098,768,fp16,1,gpu,9.0,300.0,8.0,consumer_low,pytorch,622.3389263034048,3.228676198750265,806.5730304957003,1.0,synthetic
25.0,hybrid,detection,84.21407319125001,640,fp32,1,gpu,700.0,300.0,8.0,datacenter,tensorrt,424.07036595625004,3.730835727931881,560.3237538638103,1.0,synthetic
150.0,cnn,detection,464.93985717444855,640,fp16,1,cpu,0.15,300.0,8.0,cpu_1thread,tensorrt,2327.699285872243,2.578681231044132,2771.023183553929,1.0,synthetic
25.0,cnn,segmentation,75.55007449042367,512,fp32,1,cpu,0.6,300.0,8.0,cpu_4thread,onnxruntime,380.7503724521183,2.160366541949595,395.4551081224338,1.0,synthetic
25.0,hybrid,segmentation,60.01811953544318,768,fp32,1,gpu,150.0,300.0,8.0,datacenter_low,pytorch,52.77948133108265,2.393674855331871,68.33843695476463,1.0,synthetic
44.0,transformer,detection,162.33381749881497,416,int8,1,cpu,0.15,300.0,8.0,cpu_1thread,onnxruntime,458.94169044917834,4.485654225395123,297.61245371958233,1.0,synthetic
5.0,transformer,detection,16.973221245985776,416,fp16,1,cpu,0.6,300.0,8.0,cpu_4thread,pytorch,787.18621094155,4.4922396641616675,983.8175475299015,1.0,synthetic
100.0,cnn,classification,34.99041207313743,256,int8,1,cpu,1.0,300.0,8.0,cpu_modern_mt,coreml,177.95206036568715,4.105620063362934,174.18135029222668,1.0,synthetic
68.0,cnn,segmentation,181.5332862181473,768,fp32,1,cpu,0.6,300.0,8.0,cpu_4thread,onnxruntime,910.6664310907365,3.3862538138746903,539.8912135102347,1.0,synthetic
25.0,cnn,classification,7.273425007764105,384,fp32,1,gpu,150.0,300.0,8.0,datacenter_low,tensorrt,2.6046926766382263,3.0720460749937777,3.4189360253810115,1.0,synthetic
25.0,transformer,detection,86.26651249158886,832,int8,1,gpu,25.0,300.0,8.0,consumer_mid,pytorch,368.0957510770975,2.5571635565029025,694.3853407611132,1.0,synthetic
5.0,transformer,detection,17.249971891798594,640,int8,1,gpu,25.0,300.0,8.0,consumer_mid,coreml,89.24985945899297,1.1059881890115792,124.35471221500768,1.0,synthetic
25.0,cnn,classification,7.996399900298056,224,fp32,1,gpu,65.0,300.0,8.0,consumer_flagship,tflite,42.98199950149028,2.149540622343363,29.698236115607216,1.0,synthetic
150.0,cnn,detection,543.7191185953851,832,fp32,1,gpu,65.0,300.0,8.0,consumer_flagship,tflite,2721.5955929769257,2.930990021403689,3778.579017315089,1.0,synthetic
150.0,hybrid,segmentation,321.84441507795384,768,fp32,1,cpu,0.15,300.0,8.0,cpu_1thread,tflite,1612.222075389769,2.5340478416645786,1552.8659337792592,1.0,synthetic
150.0,cnn,segmentation,432.79081837370353,768,fp32,1,gpu,9.0,300.0,8.0,consumer_low,tensorrt,2166.9540918685175,2.965052140001103,2032.0999290914046,1.0,synthetic
25.0,cnn,detection,89.75026512127464,416,int8,1,gpu,45.0,300.0,8.0,consumer_high,pytorch,451.7513256063732,4.064111400659386,447.9017616847817,1.0,synthetic
5.0,hybrid,detection,16.97274146474147,640,fp16,1,gpu,700.0,300.0,8.0,datacenter,coreml,87.86370732370736,3.8033882297908064,59.371169793246835,1.0,synthetic
150.0,hybrid,segmentation,456.27216990126243,512,fp16,1,cpu,0.6,300.0,8.0,cpu_4thread,tflite,2284.360849506312,4.651977650217226,2259.7251487703943,1.0,synthetic
150.0,hybrid,detection,398.9556029942702,832,fp16,1,gpu,25.0,300.0,8.0,consumer_mid,tensorrt,1997.7780149713508,2.1676648047592257,1250.2769833417087,1.0,synthetic
5.0,hybrid,segmentation,11.613171895303115,768,fp32,1,gpu,9.0,300.0,8.0,consumer_low,tflite,61.06585947651557,2.570719651426397,40.671615753522254,1.0,synthetic
25.0,cnn,classification,8.605808103754022,224,int8,1,gpu,150.0,300.0,8.0,datacenter_low,onnxruntime,46.02904051877011,3.8407942063082343,57.651791557006426,1.0,synthetic
25.0,transformer,segmentation,58.46250038243525,768,fp32,1,cpu,0.15,300.0,8.0,cpu_1thread,coreml,295.31250191217623,4.837215265968358,383.8402563596383,1.0,synthetic
68.0,cnn,classification,25.463541245210596,384,int8,1,gpu,25.0,300.0,8.0,consumer_mid,onnxruntime,130.31770622605296,4.34871243075368,82.25297476843141,1.0,synthetic
5.0,hybrid,classification,1.656767066328828,384,fp32,1,cpu,1.0,300.0,8.0,cpu_modern_mt,coreml,11.283835331644141,4.421398486135021,10.17512070997013,1.0,synthetic
150.0,cnn,detection,471.6095312237867,832,int8,1,gpu,65.0,300.0,8.0,consumer_flagship,pytorch,148.96314991376198,4.540176226369583,89.00047461637502,1.0,synthetic
150.0,transformer,segmentation,466.2484289884398,768,int8,1,gpu,9.0,300.0,8.0,consumer_low,tensorrt,2334.242144942199,2.3931266274362972,2104.4430566433743,1.0,synthetic
68.0,transformer,segmentation,203.01339185719846,512,fp32,1,cpu,0.15,300.0,8.0,cpu_1thread,tflite,1018.0669592859923,2.0694387530811915,743.6700233476354,1.0,synthetic
100.0,hybrid,classification,32.421098028701515,256,fp32,1,gpu,45.0,300.0,8.0,consumer_high,tflite,165.10549014350758,4.91698613093118,199.3469965214627,1.0,synthetic
100.0,transformer,segmentation,259.6982173424464,512,fp32,1,gpu,25.0,300.0,8.0,consumer_mid,onnxruntime,1301.4910867122321,2.7029573241440787,1406.3969954652162,1.0,synthetic
11.0,transformer,segmentation,25.096257314088984,512,fp32,1,gpu,45.0,300.0,8.0,consumer_high,onnxruntime,128.48128657044492,2.1213371843690023,159.8185840233859,1.0,synthetic
150.0,transformer,detection,393.8613260222813,416,int8,1,gpu,150.0,300.0,8.0,datacenter_low,coreml,1972.3066301114063,3.8244288271494504,1475.9284630513405,1.0,synthetic
5.0,transformer,detection,16.909165739119402,832,int8,1,cpu,0.15,300.0,8.0,cpu_1thread,coreml,87.54582869559701,2.2089173330712297,62.111276349629264,1.0,synthetic
68.0,cnn,detection,220.52668411572483,416,fp32,1,gpu,700.0,300.0,8.0,datacenter,pytorch,1105.6334205786243,2.3163968900282583,1721.4402509786185,1.0,synthetic
150.0,hybrid,segmentation,436.3474919025058,768,fp32,1,cpu,0.6,300.0,8.0,cpu_4thread,pytorch,19952.590379944515,2.4394122802349507,18336.98440312895,1.0,synthetic
150.0,hybrid,classification,60.22188790344042,224,fp16,1,cpu,0.6,300.0,8.0,cpu_4thread,tflite,304.1094395172021,2.8524489346701323,145.83998443834088,1.0,synthetic
68.0,transformer,classification,26.49424130021128,256,int8,1,cpu,0.6,300.0,8.0,cpu_4thread,tensorrt,135.4712065010564,2.576428546089663,180.67616865400024,1.0,synthetic
11.0,transformer,classification,3.4198834216483944,256,fp32,1,gpu,700.0,300.0,8.0,datacenter,onnxruntime,20.099417108241973,2.142045214239708,33.21090374160487,1.0,synthetic
100.0,hybrid,classification,31.36997401695173,256,fp32,1,cpu,0.6,300.0,8.0,cpu_4thread,tensorrt,159.84987008475866,3.099178000144416,216.2798420294518,1.0,synthetic
11.0,hybrid,segmentation,31.512873194838534,512,fp32,1,gpu,150.0,300.0,8.0,datacenter_low,tensorrt,7.719216244110931,3.318326843886463,6.708993043802114,1.0,synthetic
100.0,transformer,segmentation,289.62630444736436,512,fp16,1,gpu,9.0,300.0,8.0,consumer_low,tflite,1451.1315222368219,4.4518827847659646,1602.2646569235949,1.0,synthetic
25.0,hybrid,detection,84.85074887256977,640,fp16,1,gpu,25.0,300.0,8.0,consumer_mid,pytorch,362.13680200464614,3.2718485218224505,486.23852850390057,1.0,synthetic
150.0,hybrid,segmentation,347.5796905529193,512,int8,1,gpu,700.0,300.0,8.0,datacenter,onnxruntime,1740.8984527645966,4.970978283580597,1774.2408286129635,1.0,synthetic
25.0,cnn,detection,87.6173377604546,640,int8,1,cpu,0.6,300.0,8.0,cpu_4thread,pytorch,4015.6223356527757,2.98203662419705,3191.646056828571,1.0,synthetic
68.0,cnn,segmentation,199.93992346213392,768,fp16,1,gpu,45.0,300.0,8.0,consumer_high,tflite,1002.6996173106696,2.042922469382704,797.442173254143,1.0,synthetic
150.0,cnn,detection,406.68722659851835,640,fp32,1,gpu,65.0,300.0,8.0,consumer_flagship,onnxruntime,2036.4361329925919,4.631918570936173,2700.2335248742056,1.0,synthetic
44.0,hybrid,segmentation,129.80112449555094,512,fp16,1,gpu,45.0,300.0,8.0,consumer_high,onnxruntime,652.0056224777547,4.378594961307414,476.4757514669117,1.0,synthetic
44.0,hybrid,classification,18.096462814555796,224,int8,1,cpu,0.15,300.0,8.0,cpu_1thread,coreml,93.48231407277898,4.3374117703928,69.32161352572354,1.0,synthetic
25.0,cnn,classification,9.119525369607665,256,int8,1,gpu,25.0,300.0,8.0,consumer_mid,tflite,48.597626848038324,2.7005355757797935,51.01289136919248,1.0,synthetic
68.0,transformer,classification,26.732268719321283,256,fp32,1,cpu,0.15,300.0,8.0,cpu_1thread,tensorrt,136.6613435966064,3.160883238553212,84.16277168831057,1.0,synthetic
5.0,cnn,detection,18.135662188761767,640,fp16,1,cpu,0.15,300.0,8.0,cpu_1thread,onnxruntime,54.75426111509923,2.9999534454957257,77.17216734229416,1.0,synthetic
5.0,transformer,classification,1.708092893232369,224,int8,1,gpu,65.0,300.0,8.0,consumer_flagship,coreml,11.540464466161845,1.9232326290139865,10.180933864818057,1.0,synthetic
44.0,hybrid,segmentation,94.73636121800908,768,fp32,1,cpu,0.6,300.0,8.0,cpu_4thread,coreml,476.68180609004537,3.523460044072407,491.26443362042744,1.0,synthetic
5.0,cnn,segmentation,14.764848649823545,512,int8,1,gpu,700.0,300.0,8.0,datacenter,pytorch,76.82424324911773,2.2986440948452413,92.29694047075091,1.0,synthetic
150.0,cnn,classification,52.96746849510934,384,fp32,1,cpu,0.6,300.0,8.0,cpu_4thread,pytorch,2432.123310226497,3.0621975853807513,2606.6589105948447,1.0,synthetic
5.0,cnn,detection,15.771041063610873,832,fp16,1,cpu,1.0,300.0,8.0,cpu_modern_mt,tensorrt,81.85520531805437,2.9842376536914994,62.05397524419986,1.0,synthetic
150.0,cnn,segmentation,375.13714858541,768,fp16,1,cpu,1.0,300.0,8.0,cpu_modern_mt,coreml,1878.68574292705,4.992033647850494,2087.303007724317,1.0,synthetic
25.0,hybrid,segmentation,72.45885914334504,512,fp32,1,gpu,150.0,300.0,8.0,datacenter_low,coreml,365.2942957167252,2.82099876230548,525.4013160130642,1.0,synthetic
5.0,cnn,detection,14.491808753450856,832,int8,1,cpu,1.0,300.0,8.0,cpu_modern_mt,coreml,75.45904376725429,1.0409314759758483,100.13634618564737,1.0,synthetic
150.0,cnn,classification,46.83380685629641,256,fp16,1,gpu,65.0,300.0,8.0,consumer_flagship,tflite,237.16903428148206,4.714755261032801,207.16321861359873,1.0,synthetic
25.0,transformer,segmentation,68.63730733816456,768,int8,1,gpu,25.0,300.0,8.0,consumer_mid,coreml,346.1865366908228,4.587854305278292,279.9342156009087,1.0,synthetic
25.0,transformer,classification,10.12815127896966,384,int8,1,cpu,1.0,300.0,8.0,cpu_modern_mt,coreml,53.6407563948483,2.768393272886346,43.628538908435324,1.0,synthetic
25.0,transformer,segmentation,62.93326930998984,512,int8,1,gpu,25.0,300.0,8.0,consumer_mid,pytorch,269.8861305257472,4.441748319698253,312.31214020507986,1.0,synthetic
100.0,cnn,segmentation,261.91341184194874,512,int8,1,cpu,0.6,300.0,8.0,cpu_4thread,coreml,1312.5670592097438,4.734647144915519,1571.8377575679117,1.0,synthetic
25.0,hybrid,detection,74.43044940654192,832,fp32,1,gpu,65.0,300.0,8.0,consumer_flagship,tensorrt,375.1522470327096,3.618063248020689,434.0163746464629,1.0,synthetic
44.0,transformer,detection,160.77027049934998,416,fp32,1,gpu,25.0,300.0,8.0,consumer_mid,coreml,806.8513524967499,2.2434777473741447,634.8608723880934,1.0,synthetic
44.0,cnn,classification,17.51714520517849,384,fp16,1,gpu,45.0,300.0,8.0,consumer_high,pytorch,90.58572602589246,2.1203863672347674,121.35005491181954,1.0,synthetic
44.0,transformer,segmentation,119.41444011885278,512,fp32,1,gpu,45.0,300.0,8.0,consumer_high,tflite,600.0722005942639,4.1518150675620085,406.1692534179758,1.0,synthetic
25.0,cnn,detection,75.80000686417985,832,fp16,1,cpu,0.6,300.0,8.0,cpu_4thread,pytorch,3475.5703136930197,4.4995724133069395,3685.2839613598912,1.0,synthetic
44.0,transformer,classification,14.313051727107368,384,fp32,1,gpu,150.0,300.0,8.0,datacenter_low,tflite,74.56525863553684,2.7574078925638386,47.874549537970026,1.0,synthetic
11.0,cnn,classification,3.509560375302039,256,fp32,1,gpu,65.0,300.0,8.0,consumer_flagship,tensorrt,20.547801876510192,2.0108127196648615,19.661071257827444,1.0,synthetic
5.0,cnn,detection,17.802759730941567,640,fp32,1,gpu,700.0,300.0,8.0,datacenter,pytorch,92.01379865470784,4.09782438600617,105.92495682423338,1.0,synthetic
100.0,cnn,detection,272.4567378691801,832,int8,1,cpu,0.6,300.0,8.0,cpu_4thread,pytorch,12462.78292062153,3.5023384728218043,12593.810833900445,1.0,synthetic
25.0,cnn,detection,76.23101656393251,640,fp32,1,gpu,65.0,300.0,8.0,consumer_flagship,tensorrt,384.15508281966254,4.696018266690913,402.6135193615691,1.0,synthetic
5.0,hybrid,detection,14.361366281078805,640,fp32,1,gpu,700.0,300.0,8.0,datacenter,onnxruntime,74.80683140539402,4.27735728675278,61.483460385491135,1.0,synthetic
11.0,cnn,detection,36.54533386811442,416,int8,1,gpu,25.0,300.0,8.0,consumer_mid,tensorrt,185.7266693405721,3.827198507763495,166.16685309674523,1.0,synthetic
25.0,hybrid,detection,70.99105379262284,416,int8,1,gpu,25.0,300.0,8.0,consumer_mid,tflite,357.9552689631142,3.0736655921770684,516.145098308336,1.0,synthetic
25.0,hybrid,segmentation,72.83502574300452,512,fp32,1,gpu,25.0,300.0,8.0,consumer_mid,tensorrt,367.1751287150226,3.046371765596063,452.25691543455264,1.0,synthetic
25.0,cnn,segmentation,71.71159999924147,768,fp32,1,gpu,150.0,300.0,8.0,datacenter_low,coreml,361.55799999620734,4.90857968191966,367.58733362165407,1.0,synthetic
100.0,hybrid,segmentation,310.0494384709686,768,fp16,1,cpu,0.6,300.0,8.0,cpu_4thread,tensorrt,1553.247192354843,2.8452577350252217,1335.9337399652668,1.0,synthetic
44.0,cnn,segmentation,111.71842240783707,768,fp16,1,gpu,65.0,300.0,8.0,consumer_flagship,pytorch,37.576851735225574,2.3383116754674593,20.79772623587827,1.0,synthetic
25.0,cnn,classification,10.313685499239112,384,int8,1,gpu,700.0,300.0,8.0,datacenter,tflite,54.56842749619556,3.5906571434629813,77.67166190215524,1.0,synthetic
2000.0,transformer,classification,700.0,336,Q4_K_M,1,cpu,0.9,76.8,4.3,cpu_4thread,pytorch,32001.510000000002,3.4126984126984126,44.4891,25.0,real:LAPTOP-S5E2D231
3750.0,transformer,classification,1312.5,336,Q4_K_M,1,cpu,0.9,76.8,4.3,cpu_4thread,pytorch,59992.76000000001,1.8201058201058202,75.4048,25.0,real:LAPTOP-S5E2D231
4300.0,transformer,classification,1505.0,336,Q4_K_M,1,cpu,0.9,76.8,4.3,cpu_4thread,pytorch,68790.01,1.5873015873015872,405.6175,25.0,real:LAPTOP-S5E2D231
2000.0,transformer,classification,700.0,336,Q4_K_M,1,gpu,11.6,232.0,8.0,consumer_low,pytorch,3503.0,5.555555555555555,11.1203,25.0,real:DESKTOP-OHTB214
3750.0,transformer,classification,1312.5,336,Q4_K_M,1,gpu,11.6,232.0,8.0,consumer_low,pytorch,6565.5,2.9629629629629632,1.8966,25.0,real:DESKTOP-OHTB214
4300.0,transformer,classification,1505.0,336,Q4_K_M,1,gpu,11.6,232.0,8.0,consumer_low,pytorch,7528.0,2.5839793281653747,61.2234,25.0,real:DESKTOP-OHTB214
